103,0,5,97,23,27,97,16,22,98,13,18,88,10,16,85,7,10,85,6,10,85,6,9,86,5,8,82,4,8,86,4,7,87,4,7,86,3,6,82,4,7,77,3,6,77,3,7,69,3,6,127,1,8,131,0,6,112,0,6,115,0,5,87,16,21,98,17,26,88,13,16,86,11,15,90,9,12,85,7,11,91,5,10,91,5,9,91,4,7,91,3,7,90,4,9,78,5,8,85,3,6,76,2,4,89,3,8,87,2,5,79,3,6,78,4,10,77,3,9,81,4,11,52,4,8,113,25,31,128,18,27,121,15,22,124,11,17,115,8,13,106,8,13,118,6,12,105,7,12,98,7,13,109,5,11,105,5,9,82,6,11,77,6,10,44,6,9,102,4,10,103,4,9,96,4,9,74,4,9,89,4,9,80,4,7,73,5,9,121,28,33,135,19,27,136,15,24,117,11,18,128,10,16,121,8,14,108,6,12,102,7,11,115,5,11,101,6,11,58,10,13,119,6,13,99,6,13,108,4,11,119,3,10,110,4,10,128,29,36,107,30,36,138,20,30,123,18,24,125,14,21,113,12,17,125,8,14,117,6,12,119,7,13,81,10,13,86,9,14,83,9,13,90,6,11,126,5,12,68,7,11,98,5,10,79,5,10,86,3,9,114,30,37,138,21,29,118,22,32,100,12,16,105,6,12,132,5,12,97,6,11,84,6,11,123,5,10,133,4,13,118,4,11,103,6,10,43,6,9
107,0,5,98,23,26,99,17,22,98,13,18,89,11,16,85,7,10,84,6,10,84,6,9,85,5,8,81,5,7,85,4,7,87,4,7,86,3,6,82,4,7,76,3,6,77,4,7,68,3,6,126,1,6,133,0,7,117,0,6,119,0,5,87,17,21,101,18,24,88,14,16,87,11,14,91,9,13,84,7,11,94,5,10,91,5,9,92,4,7,91,3,7,93,4,9,79,5,8,87,3,7,77,2,4,88,3,7,86,3,6,78,3,6,83,4,9,76,4,9,82,4,11,54,5,8,115,25,31,128,18,26,123,15,21,125,11,17,113,8,13,109,8,12,120,6,12,105,7,12,98,7,12,109,5,11,107,5,9,83,6,11,77,6,9,45,6,9,103,4,10,105,4,9,96,4,9,74,4,9,89,4,9,81,4,7,75,5,9,121,28,34,136,19,27,137,15,23,118,11,17,127,10,16,123,8,13,108,6,11,101,7,12,115,5,11,104,6,11,57,10,13,119,6,13,99,7,12,109,4,10,119,4,10,112,3,9,129,30,35,110,31,35,141,21,28,128,18,24,126,15,21,116,12,16,125,8,14,118,6,12,119,7,13,83,10,13,87,9,13,84,9,13,91,6,11,126,5,12,68,7,10,98,5,10,81,5,9,87,4,8,117,31,35,140,21,29,118,23,29,101,12,16,106,7,11,134,5,11,97,6,10,86,6,11,124,5,11,136,5,11,120,4,10,103,6,10,43,7,9
107,0,5,98,23,26,97,17,22,98,13,18,89,11,16,85,7,10,84,6,10,84,6,9,86,5,8,82,5,7,85,4,7,87,4,7,86,3,6,82,4,7,76,3,6,77,4,7,69,3,6,125,1,6,130,0,6,116,0,6,118,0,6,88,17,21,102,17,24,88,13,16,87,11,15,91,9,13,85,7,11,94,5,10,91,5,9,91,4,7,92,3,7,93,4,9,79,5,8,87,3,7,77,2,4,89,3,7,86,3,6,78,3,6,80,4,9,77,4,9,82,4,11,54,5,8,116,25,31,128,18,25,123,15,21,124,11,18,114,8,13,109,8,13,120,6,12,104,7,12,98,7,12,109,5,11,108,5,9,83,6,10,78,6,9,45,6,8,104,4,10,106,4,9,98,4,9,74,4,8,90,4,9,82,4,8,76,5,9,121,28,34,136,19,27,137,15,23,117,11,18,127,10,16,122,8,13,109,6,11,101,8,11,115,5,11,104,6,11,57,10,13,117,6,13,100,6,12,109,4,10,120,3,10,111,4,9,131,29,35,110,31,35,140,21,28,127,18,24,125,15,20,115,12,16,125,8,14,118,6,12,119,7,13,83,10,13,88,9,14,84,8,13,92,6,11,127,5,12,68,7,10,98,5,10,82,5,9,87,4,8,116,31,35,140,21,29,118,23,30,102,12,16,106,6,11,134,5,12,97,6,10,86,6,11,123,5,11,135,5,12,120,4,11,103,5,10,44,7,9
106,1,5,99,23,26,96,17,22,98,14,18,88,11,16,84,7,10,84,6,9,83,6,9,85,5,9,82,5,8,83,4,7,86,4,7,85,3,6,81,4,7,75,3,6,76,4,7,67,3,6,126,1,6,133,0,6,118,0,6,117,1,6,86,17,21,101,17,24,86,14,17,87,11,15,90,10,13,83,8,10,90,6,10,90,5,9,90,4,7,90,4,7,93,5,9,79,5,8,86,4,7,77,2,4,88,4,7,85,3,6,79,3,6,80,4,9,75,4,9,82,4,11,55,6,8,112,26,31,127,18,25,122,15,21,123,11,18,114,8,13,107,8,13,118,6,12,103,7,12,98,7,11,107,6,11,107,5,10,83,7,10,77,6,9,46,6,9,105,4,10,104,4,10,97,4,9,74,5,8,89,4,9,81,4,8,75,5,9,121,28,34,137,19,28,137,15,23,118,11,18,128,10,16,123,8,13,107,7,12,101,8,12,113,5,11,102,6,11,55,10,13,117,6,13,98,7,12,108,4,10,119,4,10,111,3,9,129,30,35,108,31,35,140,21,29,127,19,25,124,15,21,113,12,17,124,8,14,117,6,12,120,7,13,82,10,13,87,9,14,84,9,13,91,6,11,130,5,12,67,7,10,97,5,11,81,5,9,86,4,8,116,31,36,139,21,29,118,23,31,101,12,16,106,6,11,135,5,12,95,6,10,85,6,11,122,5,12,133,5,12,121,4,11,101,6,10,42,7,9
107,1,5,112,27,29,110,19,24,101,17,21,94,14,18,84,9,13,82,10,12,81,9,12,78,8,10,75,7,9,78,6,9,78,7,9,79,5,8,77,6,8,72,5,8,74,6,8,68,5,7,147,0,6,144,0,6,129,1,6,131,1,6,98,19,23,110,22,27,98,18,21,96,14,17,91,13,15,81,10,13,92,8,11,87,8,10,88,7,9,88,6,8,90,7,10,74,8,9,82,6,8,80,4,5,87,5,8,85,4,6,82,4,7,85,5,9,85,5,10,89,6,11,72,7,11,130,28,33,142,20,27,133,18,24,127,14,19,117,11,15,101,12,14,116,9,13,100,10,14,95,11,14,101,9,13,101,9,11,79,9,12,75,9,11,48,7,9,101,7,10,105,6,11,102,5,10,79,6,9,93,5,9,87,5,9,80,7,9,140,30,36,146,23,30,144,18,26,121,16,21,130,13,18,119,12,16,105,11,15,93,12,14,106,9,12,96,9,12,51,14,16,113,10,14,94,10,12,112,6,11,123,4,11,115,5,10,143,33,37,115,36,40,148,25,32,131,23,27,128,18,23,113,16,19,119,13,17,112,10,13,115,11,14,76,14,15,81,13,16,77,12,14,89,9,12,128,7,13,73,8,12,102,6,11,88,6,10,92,5,9,131,34,39,153,24,32,125,27,32,101,15,18,101,9,13,129,8,13,90,8,12,80,9,12,120,7,13,137,7,13,123,6,12,106,7,11,45,8,11
107,1,5,113,27,30,110,19,23,102,17,21,95,14,18,84,10,12,83,10,12,82,9,11,80,8,11,76,7,9,78,7,9,80,7,9,80,5,8,78,6,8,71,6,7,73,6,8,69,5,7,144,0,5,145,0,6,131,0,6,132,1,6,98,20,22,111,22,27,99,18,21,96,14,17,92,13,16,82,11,12,93,8,11,88,8,11,89,7,9,88,7,8,91,7,10,74,8,9,82,6,8,81,4,5,87,5,8,86,4,7,81,4,7,85,6,9,82,6,10,90,6,11,75,7,11,130,28,33,144,20,27,134,18,23,127,14,20,117,11,15,101,12,15,117,9,13,101,10,14,95,11,14,102,9,13,101,9,11,79,10,11,74,9,11,48,7,9,101,7,10,106,6,10,103,5,10,79,6,9,94,5,9,88,5,9,81,7,10,142,31,36,148,23,30,145,18,26,123,16,21,130,13,18,120,12,16,105,11,15,94,12,14,107,9,12,98,9,12,50,14,15,114,10,14,95,10,12,112,6,11,124,4,11,115,4,10,145,33,38,117,36,39,149,25,32,133,23,27,130,18,23,115,16,19,120,12,17,113,10,13,117,11,15,77,14,15,82,13,15,79,12,14,89,9,12,130,7,13,73,8,11,103,6,11,88,6,10,92,5,9,131,34,39,154,24,32,127,27,32,101,15,18,103,9,13,129,8,13,91,8,12,81,9,12,122,7,12,137,7,12,125,6,12,106,7,11,44,8,10
107,1,5,113,26,30,110,19,23,102,17,21,95,14,18,84,10,12,83,10,12,81,9,12,79,8,10,76,7,9,78,7,9,79,7,9,80,5,8,79,6,8,72,5,8,75,6,8,68,5,7,146,0,5,143,0,6,130,1,6,132,1,6,98,20,22,110,22,26,97,18,21,96,14,17,92,12,16,82,10,12,93,8,11,88,8,11,89,7,9,88,7,8,92,7,10,74,8,9,82,6,8,80,4,5,88,5,8,85,4,6,82,4,7,85,6,9,85,5,10,91,5,11,75,7,11,129,28,33,144,19,27,132,18,23,126,14,19,117,11,15,102,12,14,116,9,13,101,10,13,95,11,14,102,9,13,102,9,11,79,10,11,75,9,11,50,8,9,103,7,10,104,6,10,102,5,9,80,6,9,94,5,9,86,5,8,82,7,9,141,30,35,148,22,29,145,18,25,123,16,21,130,13,18,120,12,16,105,11,14,95,12,14,107,9,12,98,9,12,51,14,15,114,10,14,94,10,12,111,6,11,124,5,11,115,4,10,144,33,37,116,37,40,149,24,32,132,22,27,130,18,24,115,16,19,121,12,17,112,10,13,116,11,14,77,14,15,82,13,16,80,12,14,90,9,12,131,7,12,73,8,11,103,6,11,88,6,10,90,5,9,130,34,38,154,24,32,127,27,32,101,15,18,102,9,13,128,8,13,91,8,11,81,9,11,121,8,12,137,6,12,124,6,11,107,7,11,44,8,9
108,1,5,114,26,30,111,19,23,102,17,21,95,14,18,85,10,12,83,10,12,82,9,11,80,8,10,77,7,10,79,7,9,80,7,9,80,5,8,79,6,8,72,5,8,75,6,8,69,5,7,146,0,6,142,0,6,131,1,6,133,1,6,98,19,22,112,22,26,98,18,21,97,14,17,93,12,16,82,10,13,93,8,11,89,8,11,89,7,9,89,7,9,93,7,10,74,8,9,82,6,8,80,4,5,88,5,8,86,4,6,82,4,7,85,6,9,85,5,10,90,6,10,75,7,10,130,28,33,143,20,27,133,18,23,127,14,19,117,11,15,102,12,14,117,9,13,101,10,14,96,11,14,103,9,13,102,9,11,79,10,12,76,9,11,49,7,9,102,7,10,105,6,10,103,5,9,79,6,9,95,5,9,87,5,9,82,6,10,142,30,36,149,22,29,144,18,26,123,16,21,130,13,17,120,12,16,106,11,14,95,12,14,108,9,12,98,9,12,51,14,15,114,10,14,94,10,12,110,6,11,125,4,11,116,4,10,145,33,38,117,37,40,149,24,32,133,22,27,131,18,24,115,16,19,121,13,17,113,10,13,118,11,15,77,14,15,83,13,16,80,12,14,90,9,12,131,7,12,72,8,11,104,6,11,87,6,10,92,5,9,131,34,39,154,24,32,127,27,32,102,15,18,103,9,13,128,8,13,91,8,12,82,9,12,122,8,12,138,7,13,125,6,11,108,7,11,44,8,10
108,1,5,113,26,29,110,19,23,102,17,21,94,14,18,85,10,12,82,10,12,81,9,11,80,8,10,76,7,9,78,7,9,80,7,9,80,5,7,79,6,8,72,5,7,75,6,8,68,5,7,146,0,5,144,0,6,130,1,5,132,1,5,98,20,22,110,22,25,98,18,21,97,14,17,92,12,16,82,10,13,92,8,11,88,8,11,89,7,9,88,6,8,92,7,10,74,8,9,82,6,8,79,4,5,88,5,8,86,4,7,82,4,7,84,6,9,83,6,9,91,6,10,73,7,11,129,28,32,142,20,27,132,18,23,126,14,19,116,11,14,102,12,15,117,9,13,101,10,14,96,10,14,103,9,13,102,9,11,79,10,12,76,9,10,48,8,9,102,7,10,105,6,10,103,5,9,79,6,9,94,5,9,87,5,8,82,6,9,141,30,35,147,22,28,144,17,25,123,16,21,130,13,18,120,12,15,105,11,14,94,12,14,108,9,12,97,9,12,51,14,15,113,10,14,94,10,12,111,6,11,124,4,10,116,4,10,145,33,37,116,37,39,149,25,31,131,23,26,131,18,24,115,16,19,121,13,16,113,10,13,117,11,14,77,14,15,82,13,15,80,12,14,90,9,12,129,7,12,72,8,11,104,6,11,88,6,10,92,5,9,132,34,39,153,25,33,127,27,32,102,15,18,102,9,13,128,8,13,91,8,11,82,9,11,121,8,11,137,7,12,124,6,11,107,7,11,43,8,9
109,1,5,113,26,29,110,19,23,102,17,22,95,14,18,85,10,12,83,10,12,82,9,11,81,8,10,76,7,9,79,7,9,81,7,9,81,5,8,79,6,8,73,5,8,75,6,8,69,5,7,145,0,5,144,0,6,131,0,5,133,1,5,98,19,22,110,21,25,97,17,20,97,14,18,93,12,16,82,10,13,93,8,11,88,8,11,89,7,9,88,6,9,93,7,10,74,8,9,83,6,8,80,4,5,88,5,8,86,4,6,82,4,7,85,5,9,84,5,10,92,6,10,73,7,10,129,28,32,143,20,27,133,18,24,126,14,19,117,11,15,102,12,15,116,9,13,101,10,14,97,10,14,104,9,13,103,9,11,80,10,12,76,9,11,48,8,9,103,7,10,106,6,10,103,5,9,79,6,9,94,5,9,86,5,8,82,6,10,142,30,36,149,22,28,145,17,25,124,16,21,132,13,18,120,12,16,106,11,14,93,12,14,108,9,12,98,9,12,52,14,15,114,10,14,95,10,12,109,6,11,125,4,10,116,5,10,145,33,37,118,36,40,150,24,31,132,22,27,132,18,24,116,16,19,122,13,17,113,10,13,117,11,14,79,14,15,83,13,16,80,12,14,90,9,12,129,7,12,73,8,11,104,6,11,89,6,10,92,5,9,133,34,39,154,25,32,128,27,32,102,15,18,102,9,13,128,8,13,92,8,11,82,9,12,120,8,11,138,6,12,125,6,11,107,7,11,44,8,9
108,1,5,113,26,29,111,19,23,102,17,21,94,14,18,85,9,12,83,10,12,81,9,11,80,8,10,76,8,9,78,7,8,80,7,9,80,5,7,79,6,8,73,5,7,75,6,8,68,5,7,145,0,5,143,0,6,131,0,5,132,1,5,97,20,21,110,22,25,97,18,20,97,14,17,93,12,16,81,10,12,93,8,11,88,8,11,89,7,8,88,6,8,93,7,10,74,8,9,83,6,7,81,4,5,88,5,8,86,4,6,81,4,7,85,5,9,84,5,9,92,6,10,73,7,10,129,28,32,143,20,26,133,18,23,127,14,19,117,11,15,102,12,15,117,9,13,102,10,14,97,11,14,104,9,13,103,9,11,80,9,11,76,9,10,48,7,9,102,7,10,105,6,10,103,6,9,79,6,9,93,5,9,86,5,8,82,6,10,142,30,36,149,22,30,144,17,25,123,16,21,131,13,18,120,12,16,107,11,14,94,12,14,108,9,12,98,10,12,51,14,14,114,10,14,95,10,12,112,6,11,125,4,10,116,5,9,145,33,37,116,37,40,150,24,31,132,22,27,132,17,24,115,16,19,121,13,16,113,10,13,116,11,14,79,13,15,82,13,15,80,12,14,90,9,12,129,7,12,72,8,11,103,6,10,87,6,9,91,5,9,133,34,38,154,25,32,128,27,32,102,15,18,101,9,13,128,8,12,91,8,11,81,9,11,120,8,11,138,6,12,125,6,11,107,7,11,44,8,9
109,1,5,113,26,29,111,19,23,102,17,21,94,14,18,85,10,13,83,10,12,81,9,11,80,8,10,77,8,9,79,7,9,81,7,9,81,5,7,80,6,8,73,5,7,75,6,8,68,5,7,146,0,5,140,0,6,133,0,5,133,1,5,98,20,21,111,22,25,97,17,20,97,14,17,93,12,16,82,10,12,94,8,11,89,8,11,90,7,9,88,6,9,93,7,10,75,8,9,83,6,7,80,4,5,88,5,8,86,4,6,82,4,7,86,5,9,83,6,9,91,6,10,76,7,10,130,28,33,143,20,26,133,18,23,125,14,19,118,11,15,103,12,15,117,9,13,102,10,14,97,11,14,104,9,13,103,9,11,80,10,12,75,9,10,48,7,9,102,7,10,106,6,10,104,5,9,79,6,9,93,5,9,86,5,8,81,6,10,141,30,36,148,22,29,145,17,25,123,16,21,131,13,18,120,12,15,107,11,14,95,12,14,108,9,12,99,9,12,51,14,15,114,10,14,95,10,12,111,6,10,125,4,10,116,4,9,145,33,38,117,37,40,150,24,32,133,22,26,131,18,24,115,16,19,122,13,17,113,10,13,117,11,15,79,13,15,83,13,15,80,12,14,91,9,12,131,7,13,73,8,11,104,6,10,88,6,10,92,5,9,133,34,38,154,25,32,128,27,32,102,15,18,102,9,13,129,8,12,91,8,11,82,9,11,120,8,12,138,7,12,125,6,11,107,7,11,42,8,9
109,1,5,113,27,29,110,19,22,102,17,21,93,14,17,84,10,12,83,10,12,81,9,11,79,8,10,76,8,9,78,7,8,80,7,8,81,5,7,79,6,8,72,5,7,75,6,8,68,5,7,146,0,5,143,0,6,132,0,5,132,1,5,97,19,21,111,22,25,97,18,20,96,14,17,92,13,15,81,10,12,93,8,11,89,8,11,89,7,9,88,7,9,93,7,9,74,8,9,82,6,7,80,4,5,87,5,8,86,4,6,81,4,7,85,5,9,87,5,10,92,6,10,74,7,10,129,28,32,143,19,26,133,18,22,126,14,19,117,11,15,102,12,15,117,9,13,101,10,14,97,11,13,103,9,13,103,9,11,79,10,12,76,9,10,49,7,9,102,7,10,106,6,10,104,5,9,79,6,9,94,5,9,86,5,8,81,6,9,140,30,35,148,22,28,145,17,25,122,16,21,130,13,18,119,12,15,106,11,14,94,12,14,108,9,12,98,10,12,51,14,15,114,10,14,94,10,12,109,6,10,124,4,10,116,4,9,146,33,38,116,37,40,150,24,31,131,22,25,131,17,24,115,16,19,121,13,17,113,10,13,116,11,14,79,13,15,83,13,15,80,12,14,91,9,12,130,7,12,72,8,11,102,6,10,88,6,9,92,5,9,133,34,39,153,25,32,128,27,32,102,15,18,102,9,12,129,8,12,91,8,11,82,9,11,120,8,11,139,7,12,123,7,10,107,7,11,44,8,9
109,1,5,113,26,28,109,19,23,102,17,21,94,14,17,84,10,12,83,10,12,82,9,11,80,8,10,77,8,9,78,7,9,80,7,9,81,5,8,79,6,8,73,5,7,75,6,8,69,5,7,143,0,5,143,0,6,132,0,5,133,1,5,97,20,21,111,22,25,96,18,20,97,14,17,92,13,16,82,11,12,93,8,11,89,8,11,89,7,9,89,6,9,93,7,10,75,8,9,82,6,8,80,4,5,88,5,8,86,5,6,82,4,7,86,5,9,87,5,10,91,6,10,75,7,10,129,28,33,142,20,26,134,18,23,127,14,19,117,11,15,102,12,15,117,9,13,101,10,14,97,11,14,104,9,13,103,9,11,79,10,12,77,9,10,48,7,9,103,7,10,106,6,10,104,5,9,79,6,9,94,5,9,87,5,8,81,6,9,141,30,36,148,22,28,145,17,26,122,16,21,130,13,18,121,12,15,107,11,14,94,12,14,108,9,12,98,10,12,51,14,14,114,10,14,95,10,12,112,6,11,124,4,11,116,4,9,146,33,38,115,37,40,150,24,32,132,22,26,131,17,24,115,16,19,122,13,17,113,10,13,118,11,14,79,14,15,83,13,15,80,12,14,91,9,12,131,7,13,72,8,11,102,6,10,88,6,10,91,5,9,131,34,38,153,25,32,128,27,32,102,15,18,102,9,13,129,8,13,91,8,11,82,9,12,122,8,12,138,7,12,125,7,11,106,7,11,44,8,9
109,1,5,113,26,28,109,19,22,102,17,21,94,14,17,83,10,12,83,10,12,81,10,11,80,8,10,77,8,9,78,7,8,80,7,8,81,5,7,79,6,8,72,6,7,74,6,8,69,5,6,146,0,5,144,0,6,132,0,5,132,1,5,97,20,21,111,22,25,97,18,20,96,14,16,91,13,15,81,10,12,92,8,11,88,8,11,89,7,9,88,6,8,92,7,10,74,8,9,82,6,8,80,4,5,87,6,8,86,5,6,81,5,7,86,5,9,86,5,9,91,6,10,76,7,9,130,28,32,142,20,26,134,18,23,126,14,19,116,11,14,101,12,14,117,9,13,101,10,14,97,11,14,103,9,13,103,9,11,79,10,12,77,9,10,48,7,9,102,7,10,105,6,10,103,5,9,79,6,9,93,5,9,86,5,8,81,6,9,140,30,35,146,23,27,144,17,26,121,16,21,131,13,18,121,12,15,106,11,14,93,12,14,108,9,12,97,10,12,51,14,14,114,10,13,95,10,12,110,6,11,124,4,10,116,4,9,145,33,37,116,37,39,149,24,31,132,22,26,132,17,23,115,16,19,121,13,17,113,10,13,117,11,14,79,14,14,82,13,14,79,12,14,90,9,12,130,7,12,71,8,11,102,6,10,87,6,9,90,5,9,133,34,38,153,25,32,127,27,32,102,15,17,101,10,12,129,8,13,91,8,11,82,9,11,122,7,11,138,7,11,124,7,11,107,7,11,43,9,9
109,1,5,114,27,29,109,19,23,102,17,21,95,14,17,84,10,12,84,10,12,81,10,11,80,8,10,77,8,9,78,7,9,80,7,9,81,5,8,79,6,8,73,6,7,75,6,8,68,5,7,145,0,5,145,0,6,133,0,5,133,1,5,97,20,21,110,22,26,97,18,20,96,14,17,92,13,15,82,10,13,93,8,11,89,8,11,90,7,9,89,7,9,93,7,10,75,8,9,83,6,8,80,4,5,88,6,8,86,4,7,82,4,7,86,5,9,88,5,10,93,6,10,76,7,10,130,28,33,142,20,26,135,18,23,127,14,19,117,11,15,102,12,15,117,9,13,101,10,14,97,11,13,104,9,13,103,9,11,79,10,12,77,9,10,48,8,10,102,7,10,106,6,10,104,5,9,80,6,9,93,5,9,87,5,8,81,6,9,141,30,36,147,22,28,145,18,26,122,16,21,129,13,18,121,12,15,107,11,14,93,12,14,108,9,12,98,10,12,51,14,14,114,10,14,94,10,12,110,6,11,125,4,11,117,4,9,146,33,38,116,37,40,150,25,32,132,23,26,131,17,24,116,16,19,122,13,17,113,10,13,117,11,14,78,14,15,83,13,15,80,12,14,90,9,12,131,7,11,72,8,11,102,6,10,88,6,9,92,5,9,133,34,39,152,25,32,127,27,32,102,15,18,102,10,13,130,8,13,92,8,11,82,9,11,122,7,12,138,6,12,124,7,11,108,7,11,44,8,9
108,1,5,113,27,29,108,19,22,101,17,21,94,14,17,84,10,12,84,10,12,80,10,11,79,8,10,77,7,9,77,7,8,80,7,8,81,5,7,79,6,8,72,6,7,74,6,8,68,5,6,145,0,5,145,0,5,132,0,5,133,1,5,97,20,21,109,22,25,97,18,20,96,14,17,92,13,15,81,10,12,91,8,10,88,8,11,89,7,9,88,7,8,92,7,10,74,8,9,82,6,8,80,4,5,88,6,8,86,4,6,81,4,7,86,5,9,86,5,10,93,5,9,75,7,10,128,28,32,142,19,26,134,18,23,126,14,19,115,11,14,101,12,14,117,9,13,101,10,14,96,11,13,103,9,13,103,9,11,79,10,12,76,9,10,49,7,9,102,7,10,105,6,10,103,5,9,79,6,9,93,5,9,86,5,8,81,6,9,141,30,36,147,22,28,144,18,26,121,16,21,131,13,17,120,12,15,106,11,14,93,12,14,107,9,12,97,10,12,50,14,14,114,10,13,94,10,12,111,6,10,124,4,10,116,4,9,146,33,38,115,37,39,149,24,31,131,22,26,131,18,23,116,16,19,121,13,16,112,10,13,117,11,14,77,14,14,82,13,14,79,12,14,90,9,11,130,7,13,71,8,11,102,6,10,87,6,9,91,5,9,132,34,38,153,24,32,126,27,31,101,15,17,102,10,13,130,8,13,91,8,11,82,9,11,120,8,11,137,6,13,123,7,11,108,7,11,44,8,9
109,1,5,113,26,29,109,19,23,102,17,21,95,14,17,85,10,12,83,10,12,80,10,11,79,8,10,76,8,9,78,7,9,80,7,9,81,5,8,79,6,8,73,6,7,74,6,8,69,5,7,147,0,5,145,0,6,133,0,6,133,1,5,97,20,21,110,22,25,98,18,20,96,14,17,92,13,15,82,11,12,92,8,11,89,8,11,90,7,9,89,7,8,93,7,10,75,8,10,82,6,8,80,4,5,88,6,9,86,4,6,82,4,7,87,5,9,86,5,10,95,5,9,74,7,9,129,28,33,143,20,26,134,18,23,126,14,19,116,11,15,102,12,15,117,9,13,102,10,14,96,11,13,104,9,13,103,9,12,79,10,12,77,9,10,48,8,9,102,7,10,106,6,10,104,5,9,79,6,9,93,5,9,87,5,8,82,6,9,141,30,35,147,23,28,144,18,26,122,17,21,131,13,18,120,12,16,107,11,14,94,12,14,108,9,12,98,10,12,51,14,14,115,10,14,95,10,12,111,6,11,125,4,10,116,4,9,145,33,38,116,37,40,150,25,32,132,22,27,131,18,24,116,16,19,121,13,17,113,10,13,117,11,14,78,14,15,82,13,14,80,12,14,90,9,11,130,7,13,72,8,11,103,6,10,87,6,9,91,5,9,132,34,39,153,25,32,127,27,32,102,15,18,102,10,13,129,8,13,91,8,11,82,9,11,121,8,11,139,6,12,123,7,12,107,7,11,45,8,9
109,1,5,112,27,29,109,19,23,101,17,21,95,14,17,84,10,12,83,10,12,81,10,11,79,8,10,76,8,9,78,7,8,80,7,9,80,5,7,79,6,8,72,6,7,74,6,8,68,5,7,145,0,5,144,0,6,132,0,6,133,1,5,96,19,21,111,22,25,96,18,20,96,14,17,91,13,15,81,11,12,92,8,10,89,8,11,89,7,9,88,7,8,92,7,9,75,8,9,82,6,7,80,4,5,87,6,8,85,4,6,82,4,7,86,6,9,85,5,9,95,5,9,75,7,10,128,28,32,142,19,26,133,18,22,127,14,19,115,11,14,102,12,14,118,9,13,101,10,14,97,11,13,103,9,13,102,9,11,79,10,12,76,9,10,49,7,9,102,7,10,105,6,10,103,5,9,78,6,9,93,5,9,87,5,8,82,6,9,139,30,35,146,23,28,142,18,25,121,17,21,131,13,18,120,12,15,106,11,14,94,12,14,107,9,12,97,10,12,51,14,14,113,10,13,94,10,12,110,6,10,124,4,10,117,4,9,145,33,37,116,37,39,149,25,32,132,23,26,130,18,23,116,16,19,120,13,17,112,10,13,117,11,14,78,14,15,82,13,14,79,12,14,89,9,11,128,7,12,72,8,11,102,6,10,87,6,9,91,5,9,133,34,39,152,25,32,127,27,32,102,15,18,102,10,12,127,8,12,91,8,11,82,9,11,121,8,11,138,6,12,123,7,11,107,7,11,44,8,9
109,1,5,113,26,29,109,19,23,102,17,21,95,14,17,84,10,12,83,10,12,81,10,11,79,9,10,77,7,9,78,7,8,81,7,9,81,5,7,79,6,8,72,6,7,74,6,8,69,5,7,145,0,5,144,0,5,133,0,6,131,1,5,97,20,21,111,22,26,98,18,20,96,14,17,91,13,15,81,11,12,93,8,11,89,8,11,90,7,9,88,7,8,92,8,10,75,8,9,82,6,7,80,4,5,88,6,8,86,4,6,82,4,7,86,6,9,86,5,10,95,6,9,76,7,10,130,28,33,143,19,27,134,18,23,126,14,19,116,11,15,102,11,15,118,9,13,100,10,14,96,11,13,104,9,13,103,9,11,79,10,12,77,9,10,49,8,9,102,7,10,105,6,10,104,5,9,80,6,9,93,5,9,87,5,8,82,6,9,140,31,36,148,22,28,143,18,25,122,17,21,130,13,18,120,12,16,107,11,14,93,12,14,108,9,12,97,10,12,51,14,14,113,10,14,95,10,12,111,6,10,124,4,10,117,5,9,145,33,37,116,36,39,149,25,32,132,23,26,130,18,24,116,16,19,121,13,17,113,10,13,117,11,14,78,14,15,82,13,15,80,12,14,90,9,12,130,7,12,72,8,11,103,6,11,87,6,9,90,5,9,132,34,39,153,25,32,127,27,32,102,15,18,102,10,12,129,8,12,92,8,11,82,9,11,120,8,11,139,7,12,125,7,11,109,7,11,44,8,9
109,1,5,112,27,28,108,19,23,102,17,21,95,14,17,84,9,12,83,10,12,80,9,11,79,8,10,76,8,9,78,7,8,80,7,8,80,5,7,79,6,8,72,6,7,74,6,8,68,5,7,145,0,5,143,0,6,132,0,5,133,1,5,96,19,21,109,22,25,97,18,20,96,14,17,91,13,15,81,10,12,92,8,11,88,8,11,89,7,8,88,7,8,91,7,10,74,8,9,82,6,7,80,4,5,88,5,8,86,4,6,81,4,7,86,6,9,86,5,10,94,6,9,76,7,10,128,28,32,142,20,26,133,18,22,127,14,19,115,11,15,101,12,14,117,9,13,100,10,14,95,11,13,104,9,13,102,9,11,79,10,11,77,9,10,48,7,9,102,7,9,105,6,10,103,5,9,80,6,9,93,5,9,86,5,8,82,6,9,141,30,35,149,22,29,142,18,25,121,16,20,129,13,18,120,12,15,106,11,14,93,12,14,107,9,12,96,10,12,50,14,14,113,10,13,95,10,11,110,6,10,124,4,10,117,4,9,145,33,37,115,37,39,148,25,32,131,23,26,130,18,23,115,16,19,121,13,17,113,10,13,117,11,14,78,14,15,82,13,15,79,12,14,90,9,11,130,7,12,71,8,10,103,6,10,87,6,9,90,5,9,131,34,38,152,25,32,128,27,32,102,15,17,102,10,12,129,8,12,91,8,11,82,9,11,121,8,11,139,7,12,125,7,11,108,7,11,44,8,9
110,1,5,113,26,28,109,19,23,102,17,21,95,15,17,84,10,12,83,10,12,81,10,11,79,8,10,77,8,9,78,7,8,81,7,9,81,5,7,79,6,8,72,6,7,75,6,8,68,5,7,147,0,5,144,0,6,133,0,5,130,1,5,96,20,21,109,22,25,96,18,20,96,14,17,91,13,15,82,10,12,92,8,11,88,8,11,90,7,9,88,7,8,92,8,10,75,8,9,82,6,7,80,4,5,88,5,8,85,4,6,82,4,7,85,6,9,85,5,10,94,6,10,77,7,9,129,28,33,143,20,27,132,18,23,127,14,18,116,11,15,101,12,15,118,9,12,102,10,14,96,11,14,104,9,13,103,9,11,79,10,12,77,9,10,48,8,9,103,7,10,105,6,10,104,5,8,79,6,9,94,5,9,87,5,8,81,6,9,140,30,35,147,22,29,143,18,26,122,16,21,130,13,18,120,12,16,106,11,14,94,12,14,108,9,12,97,10,12,50,14,14,114,10,14,95,10,12,110,6,11,125,4,11,116,5,10,145,33,38,116,37,40,149,25,32,132,23,27,131,18,23,115,16,19,121,13,17,113,10,13,117,11,14,78,14,15,82,13,15,79,12,14,90,9,12,130,7,12,72,8,10,103,6,10,87,6,10,91,5,9,132,34,38,154,25,33,128,27,32,102,16,18,102,10,13,128,8,12,92,8,11,82,9,11,121,8,11,137,7,12,125,7,11,107,7,11,44,8,9
109,1,5,113,26,28,108,19,23,103,17,20,94,14,17,84,10,12,83,10,12,81,10,11,79,8,10,76,8,9,78,7,9,80,7,9,80,5,7,78,6,8,72,6,7,75,6,8,68,5,7,148,0,5,143,0,5,133,0,5,132,1,5,96,20,21,110,22,25,97,18,19,95,14,17,91,13,15,82,10,12,93,8,10,88,8,10,89,7,9,88,7,8,92,7,9,74,8,9,82,6,8,80,4,5,87,6,8,85,4,6,81,4,7,86,5,9,84,5,9,94,5,9,77,7,9,129,28,32,142,20,26,133,18,22,126,14,18,115,11,15,101,12,14,117,9,13,101,10,14,96,11,14,103,9,13,102,9,11,79,10,11,76,9,10,49,8,9,102,7,10,105,6,10,104,5,9,79,6,8,93,5,9,87,5,8,80,6,9,139,30,35,147,22,29,142,18,25,122,16,21,129,13,18,119,12,15,106,11,14,93,12,14,107,9,11,97,10,12,50,14,14,114,10,13,95,10,12,109,6,10,124,4,11,115,5,9,145,33,37,116,37,39,148,25,31,131,23,27,131,18,23,115,16,18,120,13,16,113,10,13,116,11,14,78,14,14,82,13,15,79,12,14,90,9,11,129,7,12,71,8,11,102,6,10,87,6,10,91,5,9,130,34,38,153,25,32,127,27,32,102,15,18,102,10,13,128,8,12,92,8,11,81,9,11,120,8,11,136,7,12,123,7,11,108,7,10,43,8,9
109,1,5,113,26,29,109,19,23,103,17,20,94,14,18,84,10,12,83,10,12,81,10,11,79,9,10,76,8,9,78,7,9,80,7,8,81,5,7,79,6,8,73,6,7,76,6,8,69,5,7,147,0,5,143,0,5,134,1,6,132,1,5,98,19,21,110,22,26,97,18,20,96,14,17,91,13,15,82,10,12,93,8,10,88,8,11,90,7,9,89,7,8,92,8,10,75,8,9,82,6,8,80,4,5,88,6,8,85,4,6,82,4,7,87,6,9,85,5,10,94,5,9,75,7,9,130,28,33,142,20,27,133,18,23,125,14,18,116,11,15,101,12,14,118,10,13,102,10,14,96,11,14,104,9,13,102,9,11,79,10,12,76,9,11,48,8,9,103,7,10,104,6,10,104,5,9,79,6,9,94,5,9,86,5,8,81,7,9,140,31,36,147,22,29,143,18,26,122,16,21,130,13,18,120,12,15,106,11,14,94,12,14,108,9,12,97,10,12,51,14,14,114,10,14,95,10,12,110,6,11,124,4,11,116,4,9,145,33,37,117,37,40,149,25,32,132,23,27,131,18,24,116,16,18,121,13,17,113,10,13,117,11,14,78,14,15,82,13,15,79,12,14,90,9,12,129,7,12,72,8,11,102,6,10,87,6,10,91,5,9,131,34,39,154,25,33,127,27,32,102,15,18,102,10,13,129,8,12,92,8,11,81,9,11,120,8,11,137,7,12,124,7,11,110,7,11,44,8,9
109,1,5,112,26,29,108,19,22,103,17,21,94,14,17,84,10,12,82,10,12,80,9,11,79,8,10,77,8,9,77,7,9,80,7,9,81,5,7,79,6,8,72,6,7,75,6,8,69,5,7,147,0,5,143,0,5,133,0,6,132,1,5,97,20,21,110,22,25,96,18,20,96,14,17,91,13,15,82,10,12,93,8,10,88,8,10,89,7,9,88,7,8,92,7,9,75,8,9,82,6,8,80,4,5,88,5,8,85,4,6,81,4,7,86,5,9,83,6,9,94,5,9,74,7,9,130,28,33,142,19,26,133,18,23,126,14,18,115,11,15,101,12,14,117,9,13,101,10,14,96,11,14,103,9,13,102,9,11,79,10,12,76,9,10,48,7,9,102,7,10,104,6,10,103,5,9,78,6,9,93,5,9,86,5,8,81,6,9,139,30,35,146,23,28,141,18,25,122,16,21,131,13,17,120,12,15,105,11,14,93,12,14,107,9,12,97,10,12,50,14,14,113,10,14,94,10,12,110,6,11,124,4,10,117,4,9,145,33,37,116,36,39,149,25,31,132,22,26,129,18,24,115,16,19,120,13,16,113,10,13,117,11,14,78,14,15,82,13,15,79,12,14,90,9,11,129,7,12,71,8,11,101,6,10,87,6,10,89,5,9,132,34,38,153,25,32,126,27,32,102,15,17,101,10,12,128,8,12,91,9,11,81,9,10,120,8,11,137,7,12,123,7,10,109,7,10,43,8,9
109,1,5,113,26,29,109,19,23,102,17,21,93,15,17,84,10,12,83,10,12,81,10,11,79,8,10,76,8,9,77,7,9,80,7,9,81,5,7,79,6,8,72,6,7,75,6,8,69,5,7,147,0,5,143,0,5,131,0,6,132,1,5,97,19,21,110,22,26,97,18,20,95,14,17,91,13,15,83,10,12,93,8,11,88,8,11,89,7,9,88,7,8,92,7,10,75,8,9,82,6,8,80,4,5,87,6,8,85,4,7,82,4,7,87,5,9,87,5,9,94,5,9,75,7,9,130,28,33,141,19,27,133,18,23,126,14,19,116,11,15,102,12,14,118,9,13,101,10,14,97,11,14,103,9,13,103,9,11,80,10,11,76,9,11,48,8,9,103,7,10,105,6,10,103,5,9,78,6,9,93,5,9,86,5,8,82,6,9,141,30,36,147,23,29,143,18,26,123,16,21,130,13,18,120,12,16,105,11,14,93,12,14,108,9,12,98,10,12,50,14,14,114,10,13,94,10,12,110,6,10,124,4,11,117,4,10,144,33,38,117,36,40,150,24,31,133,22,27,131,18,24,115,16,19,121,13,17,112,10,13,117,11,14,79,14,15,82,13,15,80,12,14,90,9,12,129,7,12,72,8,11,102,6,10,87,6,10,90,5,9,133,34,39,153,25,32,127,27,32,102,16,18,101,10,13,129,8,13,92,8,11,82,9,11,121,8,12,138,7,12,122,7,11,109,7,11,44,8,10
109,1,5,113,27,28,109,19,22,101,17,21,94,15,17,84,10,12,82,10,12,80,10,11,79,8,9,76,8,9,77,7,9,80,7,8,81,5,7,79,6,8,72,6,7,75,6,8,68,5,7,146,0,5,143,0,5,132,0,5,131,1,5,98,19,21,109,22,25,97,18,20,95,14,17,91,13,15,82,10,12,92,8,11,88,8,10,89,7,9,88,7,8,92,7,9,74,8,9,82,6,7,80,4,5,87,6,8,85,4,6,81,4,7,86,6,8,83,5,9,92,5,9,73,7,9,129,28,32,142,19,26,132,18,23,125,14,18,115,11,15,101,12,14,117,9,13,101,10,13,95,11,13,103,9,13,102,9,11,79,10,12,75,9,10,48,8,9,103,7,10,105,6,10,103,5,9,79,6,8,93,5,9,86,5,8,81,6,9,140,30,35,147,23,29,143,18,26,122,16,20,129,13,18,119,12,15,106,11,14,92,12,13,108,9,11,97,10,12,49,14,14,113,10,13,94,10,11,110,6,11,123,5,10,116,4,9,144,33,38,118,37,39,150,24,31,132,22,27,131,18,23,115,16,18,121,13,17,112,10,13,116,11,14,78,14,15,82,13,14,79,12,14,90,9,12,129,7,12,72,8,11,102,6,10,87,6,9,90,5,9,130,34,38,152,25,32,128,27,31,101,16,18,101,10,12,128,8,12,90,9,11,81,9,11,120,8,12,137,7,11,123,7,11,107,7,11,43,8,9
109,1,5,112,27,28,107,19,24,102,17,21,94,15,17,84,10,12,83,10,12,81,10,11,79,8,10,76,8,9,78,7,9,80,7,9,81,5,8,79,6,8,72,6,7,75,6,8,69,5,7,146,0,5,144,0,6,132,0,6,131,1,5,98,19,21,109,22,25,98,18,20,95,14,17,91,13,16,82,10,12,93,8,11,88,8,11,89,7,9,88,7,8,91,8,10,75,8,9,82,6,7,79,4,5,87,6,8,85,5,6,82,4,7,86,6,8,84,5,10,92,5,10,73,7,9,129,28,32,143,19,26,132,18,23,126,14,19,116,11,15,100,12,15,118,9,13,101,10,14,95,11,14,104,9,13,103,9,11,79,10,12,76,9,10,48,8,9,103,7,10,106,6,10,103,5,9,80,6,9,92,5,9,87,5,8,82,6,9,140,30,36,148,23,29,144,18,25,121,17,21,130,13,18,120,12,16,106,11,14,93,12,14,108,9,12,98,10,12,49,14,14,114,10,13,94,10,12,110,6,11,124,4,10,116,4,10,145,33,38,118,36,40,150,25,32,131,23,27,131,18,23,116,16,19,121,13,17,112,10,13,117,11,14,79,14,15,83,13,15,79,12,14,90,9,12,129,7,12,72,8,11,103,6,10,87,6,9,91,5,9,131,34,39,153,25,32,127,27,32,101,16,18,101,10,12,129,8,12,91,9,11,82,9,11,121,8,12,137,7,12,123,7,11,107,7,11,43,8,9
109,1,5,111,27,28,108,19,22,102,17,21,93,14,17,83,10,12,83,10,12,80,10,11,79,8,10,76,8,9,78,7,8,80,7,9,80,5,7,79,6,8,72,6,7,75,6,8,69,5,7,146,0,5,144,0,5,131,0,5,131,1,5,97,19,21,110,22,26,97,17,20,95,14,16,91,12,15,82,10,12,93,8,11,88,8,10,89,7,9,88,7,8,92,7,10,74,8,9,82,6,8,79,4,5,87,6,8,85,5,6,81,4,7,85,5,8,83,5,9,90,6,9,72,7,10,129,28,32,142,20,26,132,18,22,125,14,18,115,11,15,101,12,15,117,9,13,101,10,14,96,11,13,103,9,12,102,9,11,79,10,12,75,9,10,48,8,9,102,7,10,104,6,10,103,5,9,79,6,9,93,5,9,86,5,8,82,6,9,140,30,35,148,22,29,143,18,25,121,16,21,130,13,18,119,12,15,106,11,14,92,12,13,107,9,12,98,10,12,49,14,14,114,10,13,94,10,12,110,6,10,123,4,10,115,4,9,145,33,37,117,36,40,149,25,31,131,22,27,131,18,23,115,16,19,120,13,16,113,10,13,117,11,14,78,14,15,82,13,14,78,12,14,89,9,12,128,7,12,71,8,11,103,6,10,86,6,9,91,5,9,132,34,38,153,25,32,127,27,31,101,16,18,100,10,12,128,8,12,90,8,11,82,9,11,121,8,12,136,7,12,123,7,11,108,7,10,42,8,9
109,1,5,112,26,29,108,19,22,102,17,21,93,14,17,84,10,13,82,10,12,81,10,11,80,8,10,76,8,9,78,7,8,80,7,8,81,5,7,79,6,8,72,5,7,75,6,8,68,5,7,147,0,5,145,0,6,132,0,5,132,1,5,98,19,21,110,22,26,97,18,20,95,14,17,91,13,15,82,10,12,93,8,11,88,8,10,89,7,9,88,7,8,92,7,10,74,8,9,82,6,8,80,4,5,87,6,8,85,5,6,81,4,7,86,5,8,86,5,9,92,5,10,74,7,9,129,28,32,143,20,26,133,18,23,126,14,19,115,11,15,101,12,15,118,9,13,102,10,14,97,11,13,103,9,12,102,9,11,79,10,12,76,9,10,48,8,9,103,7,10,105,6,10,103,6,9,79,6,9,94,5,9,86,5,8,82,6,9,140,30,35,148,23,28,144,18,26,121,17,21,130,13,18,120,12,15,106,11,14,93,12,14,108,9,12,98,10,12,49,14,15,115,10,13,95,10,12,111,6,10,123,4,10,116,4,9,145,33,38,117,36,40,150,24,31,132,23,27,130,18,24,116,16,19,121,13,17,113,10,13,118,11,14,79,14,15,82,14,15,79,12,14,90,9,11,130,7,12,72,8,11,102,6,10,87,6,9,92,5,9,131,34,39,153,25,32,127,27,32,102,16,18,101,10,12,128,8,12,91,9,11,81,9,11,121,8,12,136,7,12,124,7,11,107,7,11,43,8,9
109,1,5,113,26,28,108,19,22,102,17,21,93,15,17,84,10,12,82,10,12,80,10,11,79,8,10,75,8,9,77,7,8,80,7,8,80,5,7,78,6,8,71,5,7,75,6,8,68,5,7,146,0,5,144,0,5,132,0,5,131,1,5,97,20,21,110,22,25,97,18,20,95,14,17,91,13,15,82,10,12,93,8,10,88,8,10,88,7,9,88,7,8,92,7,9,74,8,9,82,6,7,80,4,5,87,6,8,85,5,6,80,5,7,86,6,8,87,5,9,92,5,9,73,7,9,129,28,32,142,19,26,132,18,22,126,14,18,115,11,15,100,12,15,117,9,13,102,10,13,96,11,13,103,9,13,102,9,11,79,10,12,76,9,10,48,8,9,102,7,10,104,6,9,103,6,9,79,6,8,93,5,9,86,5,8,82,6,9,141,30,35,147,22,28,144,18,25,121,16,20,129,13,18,119,12,15,106,11,14,92,12,13,107,9,12,98,10,12,50,15,14,114,10,13,94,10,12,111,6,10,123,4,10,116,4,9,144,33,38,116,37,40,148,25,31,132,23,27,131,18,24,116,16,19,120,13,16,113,10,13,117,11,14,78,14,15,82,14,14,79,12,14,90,9,11,129,7,12,72,8,11,101,6,10,86,6,9,90,5,9,131,34,38,153,25,32,127,27,32,101,16,17,101,10,12,128,8,12,91,8,11,81,9,11,121,8,12,137,7,12,124,7,11,108,7,10,43,8,9
109,1,5,113,26,29,109,19,23,102,17,21,93,14,17,84,10,12,82,10,12,81,9,11,79,8,10,76,8,9,78,7,8,80,7,9,80,5,7,79,6,8,72,5,7,75,6,8,69,5,7,146,0,5,144,0,5,131,0,5,131,1,5,97,20,21,109,22,26,97,18,20,96,14,17,91,13,15,82,10,12,93,8,10,88,8,11,90,7,9,88,7,8,92,8,10,74,8,9,82,6,8,80,4,5,87,6,8,86,5,6,82,4,7,86,5,9,85,5,10,92,5,10,75,6,9,129,28,33,141,20,26,133,18,23,126,14,19,116,11,15,101,12,15,117,9,13,102,10,14,95,11,13,103,9,13,103,9,11,79,10,12,77,9,10,49,7,9,102,7,10,105,6,10,103,6,9,80,6,9,94,5,9,87,5,8,82,6,9,141,30,36,148,22,29,143,17,25,122,16,21,129,13,18,120,12,15,106,11,14,94,12,14,107,9,11,98,10,12,50,15,14,114,10,13,94,10,12,110,6,10,125,4,11,116,4,9,145,33,38,116,37,41,149,25,31,133,23,27,131,18,23,116,16,19,121,13,17,113,10,13,117,11,13,78,14,15,82,14,15,79,12,14,90,9,12,128,7,12,73,8,11,103,6,10,87,6,9,91,5,9,133,35,38,154,25,32,126,27,32,102,16,18,101,10,13,129,8,12,91,8,11,81,9,11,122,8,11,137,7,12,124,7,11,108,7,10,44,8,9
109,1,5,112,26,28,108,19,22,102,17,21,93,15,17,84,10,12,82,10,12,81,10,11,79,9,9,75,8,9,77,7,8,79,7,8,80,5,7,78,6,8,72,5,7,75,6,8,69,5,7,146,0,5,146,0,5,131,0,5,132,1,5,96,20,21,108,22,25,96,18,20,95,14,17,90,13,15,82,10,12,93,8,10,88,8,10,89,7,9,88,7,8,92,8,9,74,8,9,80,7,8,80,4,5,87,5,8,85,4,6,82,5,7,85,6,8,86,5,9,92,6,10,75,6,9,128,28,32,142,20,26,133,18,22,125,14,18,115,11,15,101,12,15,117,9,13,101,10,13,96,11,13,103,9,13,103,9,11,79,10,11,76,9,10,50,8,9,101,7,10,104,6,10,103,5,9,79,6,8,93,5,9,86,5,8,81,6,9,140,31,35,147,23,28,142,18,25,121,16,21,129,13,18,120,12,15,106,11,14,92,12,14,107,9,11,97,10,12,49,14,14,113,10,14,94,10,12,110,6,10,123,4,10,115,4,9,144,33,37,115,37,40,149,25,31,132,22,27,130,18,23,115,16,18,120,13,17,113,10,13,117,11,14,77,14,15,82,13,14,80,12,14,90,9,12,129,7,12,73,8,11,102,6,10,87,6,9,90,5,9,132,35,38,152,25,32,126,28,32,102,16,18,101,10,12,128,8,13,91,8,11,82,9,11,121,8,11,136,7,12,123,7,11,107,7,10,44,8,10
109,2,5,113,26,28,107,19,23,102,17,21,94,15,17,84,10,12,82,10,12,81,10,11,79,9,10,77,8,9,78,7,9,80,7,9,80,5,7,79,6,8,72,5,8,75,6,8,70,5,7,146,0,5,146,0,5,132,0,5,132,1,5,97,20,21,110,22,26,97,18,20,96,14,17,91,13,15,82,11,12,93,8,10,88,8,11,89,7,9,89,7,8,92,8,10,75,8,9,81,6,8,80,4,5,88,6,8,85,5,6,81,5,7,86,5,8,87,5,10,92,5,9,75,7,10,129,28,33,142,20,26,134,18,22,125,14,19,116,11,15,101,12,15,117,10,13,102,10,14,96,11,13,104,9,13,103,9,11,80,10,12,76,9,10,49,7,9,103,7,10,105,6,10,103,6,9,80,6,9,93,5,9,87,5,8,82,6,9,141,30,36,148,22,29,143,18,26,121,16,21,128,13,18,120,12,15,106,11,14,94,12,14,108,9,12,98,10,12,50,14,14,114,10,14,95,10,12,110,6,10,124,4,10,115,4,9,145,33,38,116,36,40,148,25,31,133,23,27,130,18,23,116,16,19,121,13,17,113,10,13,116,11,14,78,14,15,82,14,14,80,12,14,90,9,12,131,7,12,73,8,11,102,6,10,87,6,9,90,5,9,133,35,39,153,26,33,127,28,33,102,16,18,101,10,12,128,8,13,92,8,11,82,9,11,121,8,11,138,7,12,123,7,11,108,7,10,44,8,10
108,2,5,112,26,28,107,19,23,102,17,21,94,14,17,84,10,12,82,10,12,80,10,11,78,9,10,76,8,9,77,7,9,79,7,8,80,5,7,79,6,8,72,5,7,74,6,8,68,5,7,147,0,5,144,0,5,131,1,5,131,1,5,96,20,21,109,22,25,97,18,20,96,14,16,90,13,15,81,11,12,92,8,10,88,8,10,89,7,9,88,7,8,92,8,10,75,8,9,81,6,8,79,4,5,88,5,8,85,4,6,81,5,7,86,5,8,85,5,10,93,5,10,73,7,9,129,28,32,141,20,26,133,18,22,125,14,18,115,11,15,101,12,14,117,10,12,102,10,14,95,11,13,103,10,13,103,9,11,79,10,12,75,9,10,48,8,9,102,7,10,105,7,10,103,6,9,79,6,8,92,5,9,86,5,8,82,6,9,140,30,36,147,23,29,142,18,25,121,17,21,129,13,18,120,12,15,106,11,14,92,12,14,107,9,11,98,10,12,49,14,14,114,10,13,94,10,12,109,6,10,124,4,10,116,5,9,144,33,37,116,37,39,147,25,31,132,23,27,130,18,23,115,16,19,120,13,17,113,10,13,117,11,14,77,14,15,82,14,14,79,12,14,89,9,11,129,7,12,72,9,11,102,6,10,87,6,9,90,5,8,133,35,38,152,26,33,126,28,32,102,16,18,100,10,12,128,8,12,91,8,11,81,9,11,120,8,11,136,7,12,122,7,11,108,7,10,43,8,10
109,2,5,114,26,28,107,19,23,102,17,21,94,14,17,84,10,12,82,10,12,80,10,11,78,9,10,77,8,9,77,7,9,80,7,9,80,5,7,79,6,8,72,5,7,75,6,8,68,5,7,148,0,5,145,0,5,131,0,5,131,1,5,95,20,21,111,22,25,96,18,20,96,14,17,91,13,15,81,11,12,93,8,11,88,8,11,89,7,9,88,7,8,92,8,10,75,8,9,81,6,8,79,4,5,87,6,8,86,5,6,82,5,7,86,6,9,85,6,10,92,5,10,75,7,9,129,28,33,142,20,27,132,18,23,125,14,19,116,11,15,101,12,15,117,10,13,102,10,14,96,11,13,104,9,13,103,9,12,80,10,12,76,9,10,48,8,9,103,7,10,105,6,10,103,6,9,80,6,9,94,5,9,86,5,8,84,6,9,140,31,35,149,22,29,143,18,26,122,16,21,128,13,19,121,12,16,105,11,14,93,12,14,107,9,12,98,10,12,50,14,14,113,10,13,95,10,12,109,6,10,125,4,10,116,4,9,145,33,38,116,36,40,148,25,32,132,23,27,131,18,24,116,16,20,120,13,17,113,10,13,117,11,14,78,14,15,82,14,14,80,12,14,89,9,12,130,7,13,72,8,11,102,6,10,87,6,10,90,5,8,134,35,39,152,26,33,128,29,33,102,16,18,102,10,12,128,8,12,92,8,11,82,9,11,120,8,11,137,7,12,123,7,11,108,7,11,42,8,10
109,2,5,114,26,28,107,19,22,101,18,20,93,15,17,84,10,12,82,10,12,80,10,11,79,9,10,76,8,9,77,7,9,80,7,8,80,5,7,78,6,8,72,5,7,75,6,8,69,5,7,146,0,5,143,0,5,130,0,5,131,1,5,95,20,20,110,21,25,96,18,20,96,14,17,90,13,15,81,11,12,93,8,10,87,8,10,89,7,9,88,7,8,92,8,10,74,8,9,80,6,8,80,4,5,87,5,8,85,4,6,82,5,7,86,6,9,85,6,10,93,5,10,74,6,9,129,28,32,141,20,26,133,18,22,125,14,18,115,11,14,100,12,14,117,10,12,101,10,13,95,11,13,103,9,12,103,9,11,79,10,12,76,9,10,48,8,9,103,7,9,105,6,10,103,5,9,79,6,9,93,5,8,86,5,8,81,6,9,140,30,35,147,23,28,143,18,26,122,16,21,128,13,18,120,12,15,105,11,14,93,12,13,106,9,12,97,10,12,50,14,14,114,10,13,94,10,12,109,6,10,124,4,10,116,5,9,144,33,38,115,37,40,147,25,31,131,23,26,130,18,24,116,17,19,120,13,17,112,10,13,116,11,14,78,14,15,82,14,14,80,12,14,89,9,11,130,7,13,73,8,11,102,6,10,87,6,9,90,5,8,132,35,39,153,26,33,128,29,32,102,16,18,101,10,12,128,8,12,90,8,11,81,9,11,120,8,11,137,7,12,124,7,11,107,7,11,43,8,10
109,2,5,112,26,28,106,19,23,102,17,21,94,15,17,84,10,12,82,10,12,80,10,11,79,9,10,77,8,9,78,7,9,79,7,9,81,5,7,79,6,8,72,5,7,75,6,8,69,5,7,147,0,5,144,0,6,131,0,5,132,1,6,97,19,21,111,22,25,97,18,20,96,14,17,91,13,16,82,11,12,93,8,11,87,8,11,89,7,9,88,7,8,93,8,10,75,8,9,81,6,8,80,4,5,88,5,8,86,4,6,82,5,7,86,6,9,86,6,10,93,6,10,74,6,9,129,28,33,142,20,26,133,18,23,126,14,19,116,11,14,101,12,15,117,10,13,102,10,14,94,11,14,104,10,13,103,9,12,79,10,12,76,9,10,46,8,9,102,7,10,106,6,10,103,6,9,80,6,9,92,6,9,85,5,8,82,6,9,141,30,36,147,22,29,144,18,25,123,16,21,130,13,19,121,12,16,106,11,14,93,12,13,108,9,12,98,10,12,50,14,14,114,10,14,94,10,12,110,6,11,125,4,11,116,5,9,145,34,38,116,37,40,148,26,32,133,23,27,131,19,24,117,17,20,121,13,17,113,10,13,117,11,14,78,14,15,83,14,14,79,12,14,90,9,12,131,7,12,71,9,11,103,6,10,87,6,9,90,5,8,133,35,40,155,26,34,129,29,33,103,16,18,101,10,13,129,8,13,91,8,11,82,9,11,120,8,11,137,7,12,123,7,11,108,7,11,42,8,10
109,2,5,112,26,28,109,18,22,101,17,20,93,15,17,83,10,12,83,10,12,80,10,11,79,9,10,76,8,9,77,7,8,80,7,9,81,5,7,78,6,8,72,5,7,75,6,8,69,5,7,147,0,5,143,0,6,131,1,5,132,1,5,96,19,21,109,22,25,96,18,20,96,14,17,90,13,15,81,10,12,93,8,11,88,8,11,89,7,9,88,7,8,92,8,9,75,8,9,81,6,8,79,4,5,87,5,8,85,4,6,82,5,7,84,6,9,85,6,9,91,6,9,75,7,9,129,28,32,142,20,27,132,18,23,126,14,19,115,11,15,102,12,14,117,10,12,101,10,13,96,11,14,103,10,13,103,9,11,78,10,11,75,9,10,48,8,9,101,7,9,106,7,10,103,6,9,79,6,9,93,5,9,86,5,8,82,6,9,140,30,36,146,23,28,144,18,25,122,16,21,130,13,18,120,12,15,105,11,14,92,12,13,107,9,12,97,10,12,50,14,14,113,10,13,94,10,12,109,6,10,123,5,10,116,5,9,145,34,38,116,38,40,149,26,31,132,24,27,131,19,24,116,17,20,120,13,17,113,10,13,116,11,14,78,14,15,81,14,14,80,12,13,89,9,11,129,8,12,71,8,11,102,6,10,87,6,9,91,5,8,133,35,39,155,26,33,129,29,33,102,16,18,100,10,12,128,8,12,91,8,11,81,9,11,120,8,11,137,7,12,123,7,11,108,7,10,42,8,9
109,2,5,113,26,28,109,18,23,101,17,21,94,15,17,84,10,13,83,10,12,81,10,11,79,9,10,77,8,10,78,7,9,80,7,9,81,5,7,79,6,8,73,5,7,75,6,8,69,5,7,149,0,5,144,0,6,132,1,5,131,1,5,97,19,21,110,22,25,97,18,20,96,14,17,91,13,16,82,10,12,94,8,11,88,8,11,89,7,9,89,7,8,93,8,10,74,8,9,82,6,8,80,4,5,88,5,8,85,5,6,82,5,7,85,6,9,85,6,9,92,6,10,75,7,9,130,28,33,142,20,26,132,18,23,126,14,20,115,11,15,102,12,15,118,10,13,101,10,14,96,11,14,103,10,13,103,9,11,79,10,12,76,9,10,48,8,9,102,7,10,105,6,10,103,6,9,80,6,9,94,5,9,86,5,8,80,6,9,141,30,36,148,22,29,144,18,26,121,17,21,131,13,18,121,12,16,106,11,14,93,12,14,108,9,12,97,10,12,50,14,14,114,10,13,94,10,12,110,6,11,123,5,10,115,5,10,146,34,38,117,38,40,150,26,33,133,24,28,132,19,25,117,17,21,121,14,17,114,10,13,117,11,14,79,14,15,82,13,14,80,12,14,90,9,12,129,8,13,73,9,11,102,6,10,87,6,9,91,5,9,133,36,40,155,26,33,129,30,34,103,17,18,101,10,12,129,8,13,91,8,11,82,9,11,120,8,12,137,7,13,121,7,11,107,7,11,42,8,9
109,2,5,112,26,28,108,18,22,101,17,20,93,15,17,84,10,12,83,10,12,80,10,11,79,8,10,76,8,10,78,7,8,79,7,9,80,5,7,78,6,8,72,5,7,74,6,8,68,5,7,147,0,5,143,0,6,132,1,5,130,1,5,97,20,20,108,22,25,96,18,20,96,14,17,91,13,15,81,11,12,94,8,11,87,8,11,88,7,9,88,7,8,93,8,10,74,8,9,81,6,8,80,4,5,88,5,8,85,4,6,82,5,7,85,6,9,84,6,9,92,6,10,75,7,9,129,28,32,142,20,26,134,18,23,126,14,19,114,11,14,101,12,15,118,10,12,100,11,14,96,11,14,103,10,13,103,9,11,79,10,12,75,9,10,48,8,9,102,7,10,105,7,10,103,6,9,79,6,9,92,5,9,86,5,8,82,6,9,140,31,35,149,22,29,142,18,26,120,17,21,130,13,18,120,12,15,106,11,14,92,12,13,107,9,12,97,10,12,50,14,14,113,10,13,94,10,12,111,7,11,123,5,10,116,5,9,146,34,38,117,38,40,150,26,32,133,25,28,132,19,25,117,18,21,121,14,17,113,10,13,116,11,13,79,14,15,82,13,14,79,12,14,90,9,12,129,8,12,70,9,11,102,6,10,86,6,9,89,5,9,133,35,40,154,27,33,129,30,34,102,17,18,100,10,12,128,8,12,90,9,11,81,9,11,120,8,12,137,7,12,123,7,11,106,7,11,43,8,9
109,2,5,111,26,28,109,18,23,102,17,21,94,15,18,83,10,13,84,10,12,80,10,11,78,9,10,76,8,10,78,7,9,80,7,9,80,5,7,79,6,8,72,5,7,75,6,8,69,5,7,147,0,5,145,0,6,133,1,6,130,1,5,96,20,21,109,22,25,97,18,21,96,14,17,91,13,16,82,11,12,94,8,11,87,9,11,89,7,9,89,7,9,93,8,10,74,8,9,82,6,8,80,4,5,88,5,8,85,5,6,82,5,7,86,6,9,85,6,10,92,6,10,75,7,10,130,28,32,140,20,26,133,18,23,126,14,19,115,11,15,102,12,15,119,9,13,101,11,14,97,11,14,103,10,13,103,9,12,80,10,12,75,9,10,48,8,9,102,7,10,106,7,10,104,6,10,81,6,9,94,5,9,86,5,8,82,6,9,140,31,35,147,23,30,144,18,26,122,17,21,130,13,18,120,12,16,107,11,14,93,12,14,107,9,12,97,10,12,50,14,14,114,10,13,94,10,12,110,7,11,123,5,11,116,5,9,147,34,39,117,39,41,150,27,33,134,25,29,133,20,25,117,18,21,121,14,18,114,10,13,116,11,14,79,14,15,82,13,14,79,12,14,90,9,12,129,8,13,71,9,11,102,6,10,87,6,9,90,5,9,133,36,40,155,26,34,130,30,34,102,17,18,101,10,13,129,8,12,91,9,11,82,9,11,120,8,12,138,7,12,124,7,11,107,7,11,42,8,9
109,2,5,112,26,28,109,18,22,101,17,20,93,15,17,83,10,12,84,10,12,80,10,11,79,9,9,75,8,9,78,7,9,79,7,9,80,5,7,78,6,8,72,6,7,75,6,8,69,5,7,147,0,5,145,0,6,131,1,5,130,1,5,96,19,21,109,22,25,96,18,20,95,14,17,91,13,15,82,11,12,93,8,11,87,8,11,89,7,9,89,7,8,92,8,10,73,8,9,81,6,8,79,4,5,88,5,8,85,5,6,82,5,7,86,6,9,86,6,10,91,6,10,74,7,9,128,28,33,142,20,26,132,18,23,127,14,19,116,11,14,102,12,15,118,10,13,100,11,14,96,11,14,103,10,13,103,9,11,79,10,11,75,9,10,48,8,9,101,7,10,106,7,10,104,6,9,80,6,9,95,5,9,86,5,8,81,6,9,140,31,35,149,23,30,143,19,26,121,17,21,130,13,18,119,13,16,106,11,14,92,12,13,108,9,12,97,10,12,51,14,14,113,10,13,93,10,12,109,7,11,123,5,11,115,5,9,147,34,39,117,39,42,150,27,33,133,25,29,133,20,25,117,18,20,121,14,17,113,10,13,116,11,14,78,14,15,81,14,14,79,12,14,90,9,11,129,8,12,72,9,11,102,6,10,87,6,9,90,5,9,133,36,40,154,27,35,129,30,33,102,17,18,101,10,13,128,8,12,90,9,11,82,9,11,120,8,12,138,7,12,124,7,11,108,7,11,43,8,9
110,2,5,112,26,28,108,19,22,102,17,21,94,15,17,84,10,13,84,10,12,80,10,11,80,9,9,76,8,10,78,7,9,80,7,9,81,5,8,79,6,8,72,6,8,75,6,8,69,6,7,144,0,6,146,0,6,129,1,6,129,1,6,97,19,21,109,22,25,97,18,20,96,14,17,91,13,15,82,11,12,94,8,11,88,9,11,89,7,9,89,7,9,93,8,10,74,8,9,82,6,8,80,4,5,88,6,8,86,5,7,82,5,7,87,6,9,87,6,10,91,6,10,73,7,10,129,28,33,142,20,27,133,18,23,126,14,19,116,11,15,102,12,15,119,10,13,101,10,14,97,11,14,103,10,13,103,9,12,80,10,12,76,9,10,49,7,9,103,7,10,106,7,10,105,6,10,80,6,9,94,6,9,86,5,8,82,6,9,141,32,36,149,24,31,145,19,27,121,17,22,129,14,19,120,13,16,107,11,15,93,12,14,108,9,12,97,10,12,51,14,14,113,10,13,94,10,12,110,7,11,125,5,11,114,5,10,146,35,40,118,39,42,150,27,33,134,25,29,133,21,26,117,18,21,122,14,18,113,10,13,117,11,14,79,14,15,81,14,15,79,12,14,90,9,11,129,8,13,72,9,11,102,7,10,88,6,9,89,5,8,133,36,40,154,27,34,130,31,35,103,17,18,101,10,12,129,8,13,91,9,11,81,9,11,121,8,12,137,7,12,124,7,11,108,7,11,44,8,9
109,2,5,111,26,27,107,19,22,102,17,20,94,14,17,83,10,12,84,10,12,80,10,11,78,9,10,76,8,9,78,7,9,79,7,9,80,5,8,78,6,8,71,6,8,74,7,8,68,6,7,148,0,6,146,0,6,132,1,6,129,1,5,96,20,21,109,22,25,97,18,20,95,14,17,90,13,15,81,11,12,93,8,11,88,9,11,89,7,9,88,7,9,92,8,10,73,8,9,82,6,8,79,4,5,88,6,8,85,5,7,82,5,7,87,6,9,86,6,9,91,6,10,73,8,10,129,28,33,142,20,27,132,18,23,124,14,19,115,11,15,101,12,15,118,10,13,99,10,14,95,11,14,103,10,13,102,9,12,79,10,12,75,9,10,48,7,9,102,7,10,105,7,10,104,6,9,79,7,9,92,6,9,86,5,8,82,6,9,140,32,36,146,24,30,143,19,26,122,18,22,131,14,19,120,13,16,106,11,15,92,12,14,107,9,12,97,10,12,50,15,14,113,10,13,94,10,12,109,7,11,123,5,11,115,5,9,146,35,40,117,39,42,149,27,33,135,26,29,133,21,26,118,18,21,122,14,18,113,11,13,116,12,14,78,14,15,82,14,14,78,12,14,90,9,11,129,8,12,71,9,11,101,7,10,87,6,9,89,5,9,133,36,41,155,27,35,129,31,35,102,16,18,101,10,12,129,8,12,90,9,11,81,9,11,121,8,11,137,7,12,123,7,11,108,7,11,42,8,9
110,2,5,111,26,27,107,19,23,102,17,21,94,15,17,83,10,13,83,10,13,81,10,11,79,9,10,76,8,10,78,7,9,80,7,9,80,6,7,78,6,8,73,6,8,75,7,8,69,6,7,148,0,6,146,0,6,132,1,6,130,1,5,97,20,21,109,22,26,96,18,20,95,14,17,91,13,15,81,11,12,93,8,11,88,9,11,89,7,9,89,7,9,93,8,10,74,8,9,82,6,8,79,4,5,88,6,8,86,5,7,82,5,8,88,7,9,87,6,10,93,6,10,74,7,10,128,28,33,142,20,27,133,18,23,124,14,19,116,11,15,101,12,15,118,10,12,100,11,14,96,11,14,103,10,13,103,10,12,80,10,12,76,9,10,48,8,9,103,7,11,107,7,11,104,6,10,80,7,9,94,6,9,87,5,9,82,6,9,141,32,37,147,24,30,143,20,27,123,18,23,132,14,20,120,13,17,106,11,15,92,13,14,108,9,12,97,10,12,50,14,15,114,10,13,94,10,12,109,7,11,124,5,11,115,5,10,146,35,40,118,39,42,149,28,34,135,26,30,133,21,26,118,19,21,122,15,18,112,11,13,117,12,14,79,14,15,82,14,15,79,12,14,90,9,11,131,8,13,72,9,11,101,7,10,87,6,10,90,5,9,133,37,41,155,28,35,130,31,35,103,17,18,101,10,13,128,8,13,91,9,12,82,9,11,121,8,11,138,7,12,122,7,11,109,7,11,43,8,9
109,2,5,111,26,27,106,19,21,102,17,21,93,15,17,83,10,12,83,10,12,80,10,12,78,9,10,76,8,9,78,7,9,79,7,8,80,5,7,78,6,8,73,6,8,74,7,8,69,6,7,148,0,5,145,0,6,132,1,6,130,1,6,96,20,21,110,22,25,96,18,20,95,14,17,91,13,15,81,11,12,93,8,11,88,9,11,89,7,9,88,7,9,92,8,10,74,8,9,81,6,8,79,4,5,88,6,8,85,5,7,82,5,8,87,7,9,87,6,10,92,6,10,74,7,11,129,28,32,142,20,27,133,18,23,124,15,19,116,11,15,101,12,15,117,10,13,100,11,13,95,11,13,103,10,13,103,10,11,80,10,12,75,9,10,48,8,9,102,8,10,106,7,11,104,6,9,80,7,9,94,6,9,86,5,9,82,6,9,141,32,36,149,24,30,144,20,27,123,18,23,131,15,20,120,13,16,107,11,14,92,12,14,107,9,12,96,10,12,50,15,14,113,10,13,93,10,12,110,7,11,124,5,11,115,5,9,146,35,40,117,40,42,150,28,34,134,27,30,133,21,26,118,19,21,121,15,18,112,11,13,116,12,14,78,14,15,82,14,15,79,12,14,89,9,11,131,8,12,72,9,11,102,6,10,86,6,9,90,5,9,134,37,41,155,28,34,130,31,35,102,16,18,101,10,12,128,8,12,90,9,11,81,9,11,121,8,11,137,7,12,122,7,11,108,7,11,43,8,9
110,2,6,111,26,28,107,19,23,102,17,21,94,15,17,84,10,12,84,10,12,82,10,12,79,9,10,76,8,10,78,7,9,79,7,9,80,5,8,78,6,8,72,6,8,75,7,9,70,6,8,149,0,5,144,0,6,132,1,6,131,1,5,97,20,21,110,22,26,96,18,20,95,14,17,92,13,15,81,11,13,93,8,11,88,9,11,89,7,9,88,7,9,92,8,10,74,8,9,81,6,8,80,4,5,89,6,9,86,5,7,82,5,8,88,7,9,87,6,11,92,6,10,77,7,12,129,28,33,141,20,27,134,18,24,124,15,19,117,12,15,102,12,15,118,10,12,101,11,14,96,11,14,104,10,13,103,10,12,80,10,12,76,9,10,47,8,9,103,8,11,106,7,11,104,7,10,80,7,9,94,6,9,86,5,8,83,7,10,141,32,37,148,25,31,145,20,28,124,19,23,132,15,20,121,13,16,107,11,15,93,12,14,109,10,12,97,10,13,51,15,14,114,10,14,94,10,12,110,7,11,125,5,11,116,5,10,146,36,40,118,40,42,150,28,35,136,27,31,134,21,27,118,19,22,121,15,18,113,11,13,117,12,14,79,14,16,82,14,15,79,12,14,90,9,12,131,8,12,72,9,11,103,7,10,87,6,9,90,5,9,135,37,42,155,29,35,131,32,36,103,17,18,102,10,13,130,8,13,91,9,12,81,9,11,121,8,12,137,7,12,124,7,11,108,7,11,43,8,9
109,2,5,111,26,27,107,19,23,102,18,21,93,15,17,84,10,12,83,10,13,81,10,11,79,9,10,76,8,10,78,7,9,79,7,8,80,5,7,78,6,8,72,6,8,75,7,9,70,6,8,149,0,5,144,0,6,132,1,5,130,1,6,97,19,21,109,22,25,96,18,20,95,14,17,91,13,15,81,11,13,92,8,11,88,9,11,89,8,9,88,7,9,91,8,10,74,8,9,81,6,8,79,4,5,89,6,9,86,5,7,82,5,7,88,7,9,86,6,11,92,6,10,75,7,11,129,28,32,142,20,27,132,19,23,125,15,19,116,12,15,102,12,15,118,10,13,101,10,14,96,11,14,104,10,13,103,10,12,80,10,12,76,9,10,48,8,9,102,8,10,105,8,11,104,7,10,80,7,9,94,6,9,87,5,9,83,7,10,140,32,36,147,25,31,144,20,28,123,19,23,131,15,20,120,13,16,106,11,15,92,13,14,108,9,12,97,10,12,51,15,14,113,10,14,93,10,12,110,7,11,124,5,11,115,5,10,147,36,40,117,41,42,151,28,34,136,27,31,133,21,26,117,19,22,120,14,18,112,11,13,117,12,14,79,14,16,82,14,15,79,12,14,89,9,11,131,8,12,71,9,11,102,6,10,87,6,9,90,5,9,135,38,41,154,29,35,130,32,36,102,16,18,101,10,13,128,9,12,91,9,11,81,9,11,121,8,13,136,7,12,122,7,11,109,7,11,43,8,9
109,2,6,112,26,28,108,19,23,102,18,21,94,15,17,84,10,13,83,11,13,81,10,11,79,9,10,76,8,10,78,7,9,80,7,9,79,6,8,79,6,8,73,6,8,75,7,9,70,6,8,147,0,5,143,0,6,132,1,6,132,1,5,97,19,21,109,22,26,97,18,21,96,14,17,92,13,15,81,11,13,93,9,11,88,9,11,89,8,9,89,7,9,92,8,10,74,8,9,82,6,8,80,4,5,88,6,9,86,5,7,83,6,8,88,7,9,88,6,11,92,6,10,75,8,11,128,29,33,142,21,28,133,19,24,126,15,20,116,12,16,102,13,15,118,10,13,100,11,15,97,11,14,104,10,13,103,10,11,80,10,12,76,9,10,48,8,9,103,8,11,106,8,11,104,7,10,80,7,9,94,6,10,87,6,9,83,7,10,142,33,37,149,25,31,145,21,28,124,19,24,132,15,21,120,14,16,107,11,15,93,13,14,108,10,12,98,11,12,51,15,15,114,10,14,94,10,12,110,7,11,125,5,11,115,5,10,148,37,40,119,41,44,153,29,35,136,28,31,134,22,27,118,19,22,121,14,18,113,11,13,117,12,14,79,14,16,82,14,15,79,13,14,90,9,12,132,8,13,72,9,11,102,6,10,87,7,10,91,5,9,135,38,42,154,30,36,131,33,37,102,17,18,101,10,13,129,9,13,91,9,11,81,9,11,121,8,12,137,7,12,123,7,11,108,7,11,43,8,9
109,2,6,112,26,27,106,19,23,102,17,20,93,15,17,84,10,13,83,11,13,80,10,11,79,9,10,76,8,10,78,7,9,79,7,9,80,6,8,78,6,8,72,6,8,75,7,9,70,6,8,148,0,5,144,0,6,132,1,6,131,1,6,97,19,21,109,22,25,96,18,20,95,14,17,91,13,15,81,11,13,93,9,11,88,9,11,89,8,9,88,7,9,92,8,10,74,8,9,82,6,8,79,4,5,88,7,9,86,6,7,82,6,8,87,7,9,86,7,10,92,7,10,75,8,11,128,29,33,142,20,27,134,19,24,126,15,19,115,12,16,101,13,15,118,10,13,100,11,14,97,12,14,104,10,13,102,10,11,79,10,12,76,9,10,48,8,9,103,8,11,106,8,11,103,7,10,80,7,10,94,6,9,87,6,9,83,7,10,143,33,37,150,26,31,145,21,28,124,19,23,132,15,21,121,13,16,106,11,15,92,13,14,108,10,12,98,11,12,51,14,15,113,10,14,93,10,12,111,7,11,124,5,11,115,5,10,147,37,41,119,42,43,151,30,35,135,28,31,133,22,26,118,19,22,121,14,18,112,11,13,117,12,14,79,14,15,82,14,15,79,13,14,90,9,11,132,8,13,72,9,11,103,6,10,87,6,10,90,5,8,134,39,42,155,30,37,133,33,37,101,17,18,101,10,13,127,9,12,90,9,11,81,9,11,120,8,12,138,7,12,123,7,11,109,7,11,43,8,9
110,2,6,112,26,28,108,19,23,102,18,21,93,15,17,84,10,13,84,11,13,80,10,12,80,9,10,77,8,10,78,7,9,79,7,9,80,6,8,79,6,8,73,6,8,76,7,9,70,6,8,147,0,5,145,0,6,133,1,6,130,1,6,96,20,21,109,22,25,96,18,20,96,14,17,92,13,16,82,11,13,93,9,11,89,9,11,89,8,9,88,7,9,93,8,10,74,8,9,82,6,8,80,4,5,88,7,9,87,6,7,82,6,8,88,7,9,87,7,11,92,6,10,75,8,11,130,29,33,143,21,28,133,20,24,127,16,20,116,12,16,102,13,15,117,10,13,100,11,14,97,12,15,103,10,13,104,10,11,79,10,12,76,9,10,48,8,9,104,8,11,107,8,11,104,7,10,80,7,10,94,6,9,88,6,9,84,7,10,143,33,38,152,26,32,146,21,29,124,20,24,131,15,21,121,13,17,107,11,15,93,13,14,109,10,12,99,10,13,52,15,15,114,10,14,95,10,12,111,7,12,125,5,11,116,5,10,148,38,42,121,43,45,152,30,37,137,28,32,134,22,27,118,19,22,121,14,18,114,10,13,117,12,14,79,14,15,82,14,15,80,13,14,90,9,12,129,8,13,72,9,11,103,7,11,88,7,10,92,5,9,136,40,44,157,31,38,132,34,38,101,17,18,101,10,13,128,9,13,92,9,11,82,9,11,119,8,11,137,7,12,123,7,11,108,7,11,42,8,9
109,2,6,113,26,28,108,19,23,102,18,21,93,15,17,84,10,12,83,11,12,80,10,11,80,9,10,76,8,10,78,7,9,79,7,9,80,6,7,78,6,8,73,6,8,76,7,9,70,6,8,147,0,5,144,0,6,132,1,5,128,1,5,96,20,21,109,22,25,96,18,21,96,15,17,92,13,16,81,11,13,94,8,11,88,9,11,89,8,9,88,7,9,91,8,10,74,8,9,81,7,8,80,4,5,88,7,9,86,6,7,82,6,8,87,7,9,85,7,10,90,7,10,75,8,9,129,29,33,142,21,28,133,20,24,126,16,20,117,12,16,102,13,15,117,10,13,100,11,14,97,12,15,103,10,13,103,10,11,79,10,12,76,9,10,48,8,9,103,8,11,106,8,11,104,7,10,79,7,10,94,6,10,87,6,9,84,7,10,143,34,38,150,27,32,146,22,29,125,20,24,132,16,21,120,13,17,105,11,14,93,13,14,108,10,12,98,10,12,51,15,15,114,10,14,94,10,12,110,7,11,125,5,11,116,5,10,150,39,42,122,44,45,152,31,38,136,28,31,133,22,27,117,19,22,120,14,18,113,10,13,116,12,14,78,14,15,81,14,15,80,13,14,89,9,12,132,8,13,72,9,11,103,7,11,87,7,10,92,5,9,137,41,44,157,31,38,131,35,38,101,16,18,101,10,13,128,9,13,91,9,11,82,9,11,121,8,12,136,7,12,123,7,11,107,8,11,43,8,9
109,2,6,113,26,28,108,19,23,102,18,21,93,15,18,84,10,13,83,11,13,81,10,12,80,9,10,77,8,10,78,7,9,79,7,9,80,6,7,79,6,8,73,6,8,76,7,9,70,6,8,148,0,5,145,0,6,133,1,6,129,1,5,97,20,21,110,23,26,97,19,21,97,15,18,93,14,16,82,11,13,94,9,11,89,9,11,89,8,9,89,7,9,92,8,10,75,8,9,81,6,8,81,4,5,88,7,9,87,6,7,82,6,8,88,7,10,86,7,10,90,7,10,76,8,10,131,30,34,143,22,29,134,21,25,126,16,20,118,13,16,103,13,16,118,10,13,100,11,14,96,12,15,103,10,13,103,10,11,78,10,12,77,9,10,48,8,9,103,8,11,106,8,12,105,7,10,79,7,10,94,6,10,87,6,9,83,7,10,144,35,40,152,28,33,146,22,30,125,20,25,133,16,21,121,13,17,107,11,14,94,13,14,108,10,12,98,10,12,51,15,15,114,11,13,94,10,12,111,7,12,126,5,11,116,5,10,151,40,44,123,45,46,153,31,38,138,29,32,133,22,28,117,19,22,121,14,18,113,10,13,117,11,14,78,14,15,81,14,15,80,13,14,90,9,12,131,8,13,73,9,11,103,7,11,88,7,10,90,5,9,138,42,45,157,32,39,133,35,39,101,16,18,101,10,13,129,9,13,91,9,11,82,9,11,121,8,12,136,7,12,124,7,11,108,8,11,43,8,10
109,2,5,113,26,28,108,19,23,101,18,21,94,15,18,83,11,13,83,11,12,80,10,12,80,9,10,76,8,10,79,7,9,79,7,8,80,6,7,78,6,8,73,6,8,76,8,9,70,6,8,148,0,5,144,0,6,132,1,6,129,1,5,98,20,22,111,23,26,97,20,22,97,16,18,92,14,16,82,11,13,93,8,11,88,9,11,89,8,9,88,7,9,91,8,10,74,8,9,81,6,8,80,4,5,88,7,9,86,6,7,82,6,8,87,7,10,85,7,10,89,7,10,74,8,10,132,31,35,144,23,29,136,21,26,127,16,21,117,13,16,102,13,15,118,10,13,100,11,14,98,12,15,103,10,13,103,10,11,79,10,12,76,9,10,47,8,9,103,8,11,105,8,12,104,7,10,79,7,10,94,6,10,87,6,9,81,8,10,145,35,40,151,28,33,145,23,30,124,20,24,132,16,21,121,13,17,106,11,14,93,13,14,108,10,12,98,11,12,51,15,15,115,11,14,94,10,12,111,7,11,125,5,11,116,5,10,149,41,44,125,45,47,154,31,38,137,29,32,132,22,27,117,19,21,120,14,17,113,10,13,116,11,14,78,14,15,81,14,15,79,13,14,89,9,12,129,8,13,72,9,11,102,7,11,87,7,10,91,5,9,138,42,45,157,32,39,133,35,38,101,16,18,101,10,13,128,9,13,91,9,11,81,9,11,121,8,12,137,7,12,122,7,11,108,7,11,43,8,10
110,2,6,113,27,28,109,20,23,102,19,22,95,16,18,84,11,13,83,11,13,81,10,12,80,9,10,76,8,10,79,7,9,80,7,9,81,6,8,79,7,8,73,7,8,77,8,9,70,6,8,148,0,5,144,0,6,133,1,6,129,1,5,98,21,22,112,25,27,99,20,22,98,16,19,92,14,17,83,11,13,94,8,11,89,9,11,89,8,9,88,7,9,92,8,10,75,8,9,81,7,8,81,4,5,88,7,9,86,6,7,83,6,8,88,7,10,87,7,11,91,7,11,73,8,9,133,32,37,145,24,30,135,22,27,128,17,22,118,13,17,102,13,16,118,10,13,100,11,15,97,12,14,104,10,13,103,10,12,79,10,12,76,9,10,47,8,10,103,8,11,107,8,12,104,7,11,80,7,10,94,6,10,87,6,9,83,8,9,145,37,41,153,29,34,147,23,31,124,21,25,133,16,21,122,13,17,107,11,15,94,13,15,109,10,12,98,11,13,51,15,15,115,11,14,95,11,12,111,7,11,123,6,11,117,5,11,150,42,45,124,46,48,154,32,38,137,29,33,133,23,28,116,19,22,121,14,18,114,10,13,117,11,14,78,14,16,81,14,15,80,13,15,90,9,12,130,8,13,72,9,12,102,7,11,88,7,10,91,6,10,139,43,47,158,32,40,131,35,39,101,16,18,101,10,13,129,9,13,91,9,11,82,9,11,121,8,12,137,7,13,123,7,11,108,8,11,43,8,10
109,2,6,114,28,30,109,21,24,103,19,22,94,16,19,84,11,13,83,11,13,81,10,12,80,9,10,75,8,10,78,7,9,80,7,9,80,6,8,79,7,9,73,7,8,76,8,9,70,6,8,147,0,5,143,0,6,131,1,5,129,1,5,100,21,23,113,26,28,100,21,23,98,17,20,93,15,18,83,12,13,94,8,11,89,9,11,88,8,9,88,7,9,92,8,10,74,8,9,81,6,8,80,4,5,88,7,9,86,6,7,82,6,8,87,7,10,87,7,10,90,7,11,77,8,9,133,33,38,146,24,31,135,23,27,128,18,22,118,13,17,102,13,16,116,10,13,100,11,14,97,12,14,103,10,13,103,10,12,79,10,12,76,9,10,48,8,10,103,8,11,106,8,12,104,7,10,80,7,10,94,7,10,87,6,9,84,7,9,146,38,41,152,29,34,147,24,31,125,20,25,132,16,21,120,13,17,106,11,14,93,12,14,108,10,12,97,11,12,51,15,15,113,11,14,94,10,12,111,7,11,126,5,11,116,5,11,150,42,46,123,46,48,153,31,38,136,29,33,133,22,28,117,19,22,120,14,17,113,10,13,116,11,14,78,14,16,82,14,15,80,13,15,89,9,12,130,8,13,72,10,11,103,7,11,87,7,10,91,6,9,138,43,47,156,32,39,132,35,38,100,16,17,101,10,12,129,8,13,91,9,11,82,9,11,121,8,12,136,8,12,123,7,11,107,8,11,45,9,10
109,2,6,116,29,32,109,22,25,105,20,23,96,17,20,84,11,13,83,11,13,81,10,12,80,9,10,76,8,10,78,7,9,80,7,9,81,6,8,79,7,9,73,7,8,77,8,9,70,6,8,150,0,6,143,0,6,131,1,6,129,1,5,101,22,24,114,27,30,101,22,24,98,17,20,94,15,18,83,12,13,93,8,11,88,9,11,88,8,9,88,7,9,92,8,10,75,8,9,81,7,8,80,4,5,88,7,9,86,6,7,82,6,9,88,7,10,88,7,11,88,7,10,77,8,10,134,34,39,146,25,32,136,23,27,128,18,23,118,14,17,102,13,16,118,10,13,101,11,14,98,12,14,104,10,13,103,10,12,80,10,12,76,9,10,48,8,9,103,8,11,106,8,12,104,7,11,80,7,10,94,7,10,87,6,9,85,7,10,146,38,42,152,29,36,147,24,32,125,21,25,130,17,21,121,13,17,105,11,15,94,12,14,108,10,12,97,11,13,52,15,15,114,11,14,95,10,13,111,7,11,125,6,11,117,5,11,151,42,46,124,46,49,153,32,38,137,29,33,133,23,28,117,19,21,121,14,18,113,10,13,117,12,14,79,14,16,82,14,15,80,13,15,90,10,12,130,8,13,72,10,11,103,7,11,88,7,11,91,6,10,140,44,47,157,32,39,132,35,38,101,16,18,101,10,13,129,9,13,91,9,11,82,9,11,122,8,12,135,7,12,124,7,11,108,8,11,44,9,10
109,2,6,117,31,33,111,23,26,105,21,24,96,17,20,84,11,13,82,11,13,81,10,12,79,9,11,75,8,10,78,7,9,80,7,9,80,6,8,79,7,9,73,7,8,76,8,9,70,6,8,149,0,5,144,0,6,131,1,5,129,1,5,100,23,24,114,28,30,101,23,24,98,18,20,93,15,18,82,12,13,93,8,11,88,9,11,88,8,9,88,7,9,91,8,10,74,8,9,81,7,8,79,4,5,89,7,9,86,6,7,82,6,8,88,7,10,87,7,11,88,7,10,77,8,11,134,35,39,146,25,31,136,24,28,127,18,23,117,14,17,101,13,16,118,10,13,100,11,14,97,11,14,103,10,13,103,10,12,78,10,12,76,9,10,48,8,9,102,8,11,106,8,11,105,7,11,80,7,10,93,7,10,86,6,9,84,7,10,145,39,42,150,30,34,146,24,31,123,21,25,133,16,21,121,13,17,105,11,15,93,13,14,108,10,12,98,10,13,51,15,15,113,11,14,94,11,13,111,7,11,124,6,11,116,6,10,151,43,46,123,46,49,152,32,38,136,29,33,133,22,27,117,19,22,120,14,18,113,10,13,117,11,14,79,14,15,81,14,15,79,13,14,90,10,12,130,8,13,71,10,11,103,7,11,87,7,10,90,6,9,139,44,47,156,33,40,132,35,38,101,16,17,101,10,13,128,9,13,91,9,11,82,9,11,121,8,11,136,8,12,123,7,11,108,8,11,43,9,10
109,2,6,117,32,34,112,24,27,106,22,25,96,18,20,85,11,14,83,11,13,81,10,12,80,9,11,76,8,10,78,7,9,80,7,9,81,6,8,79,7,9,74,7,8,77,8,9,70,6,8,148,1,5,145,0,6,131,1,5,131,1,5,100,24,25,115,28,31,102,23,25,99,18,21,94,15,18,82,12,14,94,8,11,89,9,11,89,8,9,88,7,9,92,8,10,74,8,9,81,7,8,80,4,5,89,7,9,86,6,7,83,6,8,87,7,10,87,7,11,91,7,11,79,8,10,134,36,40,147,26,32,137,23,28,128,18,23,118,14,18,101,13,16,118,10,13,101,11,14,97,12,14,104,10,13,103,10,12,79,10,12,76,9,10,48,8,10,103,8,11,106,8,11,105,7,11,80,7,10,94,7,10,87,6,9,84,7,10,145,39,43,151,30,36,147,24,32,124,21,26,132,16,22,121,13,17,106,11,15,94,13,14,107,10,12,98,11,13,51,15,15,113,11,14,94,11,12,110,8,11,124,6,11,117,6,11,152,43,47,123,47,49,153,32,38,136,29,34,133,23,28,118,19,22,120,14,18,112,10,13,117,11,14,79,14,15,82,14,15,80,13,15,90,10,12,131,8,13,72,10,12,103,7,11,88,7,11,92,6,9,139,45,47,157,33,40,132,35,39,101,16,17,102,10,13,129,9,13,91,9,11,83,9,12,121,8,12,136,8,13,123,8,11,109,8,11,44,9,10
109,2,6,118,33,35,112,24,27,106,22,25,97,18,20,84,11,13,82,11,13,81,10,12,80,9,10,76,8,10,78,7,9,80,7,9,81,6,8,79,7,9,73,7,8,76,8,9,70,6,8,146,1,5,145,0,6,131,1,5,131,1,5,101,24,25,115,29,31,102,23,25,98,18,21,93,15,18,82,12,14,93,8,11,88,9,11,89,8,9,88,7,9,91,8,10,74,8,9,81,7,8,80,4,5,88,6,9,86,6,7,83,6,8,87,7,10,85,7,10,90,7,11,77,8,10,135,35,39,146,26,32,136,24,28,127,18,23,118,14,17,101,13,16,117,10,13,100,11,14,97,12,14,103,10,13,102,10,12,80,10,12,76,9,10,49,8,9,103,8,11,106,8,12,105,7,10,80,7,10,94,7,10,87,6,9,82,7,10,147,39,43,152,30,35,147,24,31,124,22,26,131,17,21,120,13,17,106,11,14,93,13,14,107,10,12,97,11,13,51,15,15,113,11,14,94,11,12,110,7,11,125,6,11,116,6,11,152,43,47,123,47,48,151,32,37,136,29,33,133,23,27,118,19,22,120,14,17,112,10,13,117,11,14,79,14,15,82,14,15,80,13,14,90,10,12,130,8,13,72,10,12,103,8,12,88,7,10,91,6,9,139,45,48,156,33,39,132,35,39,100,16,17,102,10,12,129,9,13,91,9,11,82,10,12,119,9,12,137,8,13,124,8,12,107,8,11,44,9,10
108,2,6,117,34,35,112,25,28,107,23,26,97,18,21,85,11,13,82,11,13,81,10,12,80,9,11,77,8,10,77,8,9,79,7,9,80,6,8,78,7,8,72,7,8,75,7,10,70,7,8,148,0,6,144,0,6,133,1,6,131,1,5,99,24,26,115,29,33,102,24,26,98,19,21,92,16,18,82,12,13,92,9,11,88,9,11,89,8,9,88,7,9,92,8,10,74,8,9,81,7,8,79,4,5,88,6,9,85,6,7,81,6,8,86,7,10,87,7,10,94,6,11,73,8,11,135,36,40,144,27,33,136,24,28,128,19,24,118,14,18,101,14,15,117,10,13,101,11,14,94,12,14,103,10,13,102,10,12,79,11,12,76,10,10,47,8,9,103,8,10,105,8,11,104,7,10,80,7,10,93,7,10,86,6,9,83,7,9,146,39,44,151,30,37,147,24,32,124,22,25,132,17,22,121,14,17,106,11,14,93,12,15,107,10,12,97,11,13,51,15,15,113,11,14,95,11,12,111,7,11,125,6,12,116,6,11,150,43,47,124,47,49,152,32,38,136,30,34,134,23,29,116,20,22,119,14,17,112,10,13,117,12,14,77,15,15,81,14,15,79,13,15,89,10,12,132,8,13,72,10,12,102,7,11,88,7,10,90,6,10,139,45,48,157,33,40,131,36,39,103,16,19,100,10,13,128,8,13,91,9,12,82,10,12,122,9,13,137,8,13,123,8,13,108,8,13,44,9,10
109,2,6,117,34,35,111,25,28,107,23,26,96,18,21,85,11,13,82,11,13,81,10,12,79,9,11,77,8,10,77,8,9,79,7,9,80,6,8,78,7,8,72,7,8,76,7,10,70,6,8,148,0,6,144,0,6,133,1,6,130,1,5,100,24,26,116,29,33,102,24,26,98,19,21,93,16,18,82,12,13,92,9,11,88,9,11,89,8,9,88,7,9,92,8,10,74,8,9,81,7,8,79,4,5,88,6,9,85,6,7,82,6,8,86,7,10,87,7,10,93,6,11,73,8,11,136,36,40,146,26,33,137,24,28,127,19,24,118,14,18,101,13,16,117,10,13,100,11,14,95,12,14,103,10,13,102,10,12,79,11,12,76,10,10,48,8,9,103,8,10,106,8,11,104,7,10,80,7,10,93,7,10,86,6,9,83,7,9,146,39,44,151,30,37,147,24,32,125,22,25,131,17,22,121,14,17,106,11,14,93,12,15,107,10,12,97,11,13,51,15,15,113,11,14,95,11,12,109,8,11,125,6,12,116,6,11,152,43,47,124,47,49,153,32,38,136,30,34,134,23,29,116,20,22,119,14,17,112,10,13,117,12,15,77,15,15,81,14,15,79,13,15,90,10,12,132,8,13,72,10,12,102,8,11,88,7,11,90,6,10,140,44,47,157,33,40,132,36,39,103,16,19,100,10,13,128,8,13,91,9,12,82,10,12,123,9,13,137,8,13,123,8,13,108,8,13,43,9,10
109,2,6,119,34,36,112,25,28,107,23,26,97,18,21,85,11,14,82,11,13,81,10,12,79,10,11,77,8,11,78,8,9,80,7,9,81,6,8,79,7,9,72,7,8,76,7,10,69,6,8,149,0,6,145,0,6,135,1,6,131,1,6,100,24,26,116,29,33,101,24,26,99,19,22,93,16,19,83,12,14,93,9,11,87,9,12,89,8,9,88,7,9,92,9,11,75,8,10,82,7,8,80,4,5,88,6,10,86,6,7,82,6,8,87,7,10,87,7,11,94,7,11,75,8,11,135,36,41,146,26,33,137,24,29,129,19,24,119,14,18,101,14,16,116,10,13,101,11,15,96,12,15,103,10,13,103,10,12,79,11,12,77,10,11,49,8,9,104,8,11,107,8,12,104,7,10,80,7,10,93,7,10,87,6,9,83,7,9,146,39,44,151,30,37,148,25,33,125,22,26,132,17,22,121,14,17,106,11,14,93,13,15,107,10,12,96,11,13,51,15,15,113,11,14,95,11,13,111,8,12,125,6,12,116,6,11,152,43,47,125,47,50,154,33,39,136,30,34,135,23,29,117,20,22,121,14,18,112,10,13,117,12,15,77,15,16,82,14,15,80,13,15,90,10,13,132,8,13,73,10,12,103,8,11,89,8,11,91,6,10,139,45,48,157,34,41,133,36,40,104,16,19,101,10,13,129,9,13,92,9,12,83,10,12,123,9,13,139,8,13,123,8,13,109,8,13,45,9,11
109,2,6,119,34,36,112,25,28,107,23,26,96,18,21,85,11,14,82,11,13,81,11,12,79,10,11,76,9,10,78,8,9,79,7,9,80,6,8,79,7,8,72,7,8,75,7,9,69,6,8,148,1,6,145,0,6,134,1,6,131,1,5,100,25,25,116,29,33,102,24,26,99,19,21,93,16,19,82,12,14,93,9,11,87,9,11,88,8,9,88,7,9,92,8,10,74,8,9,82,7,8,79,4,5,88,6,9,86,6,7,82,6,8,87,7,10,87,7,11,93,7,11,73,8,11,135,36,40,146,26,33,137,25,29,129,19,24,119,14,18,101,14,16,116,10,13,101,11,14,95,12,14,104,10,13,103,10,12,78,11,12,76,9,10,48,8,9,103,8,10,106,8,12,104,7,10,80,7,10,93,7,10,87,6,9,83,7,9,147,40,44,151,30,37,148,25,33,125,22,26,131,17,22,121,14,17,106,11,14,92,13,15,107,10,12,97,11,12,51,15,14,113,11,14,95,11,13,111,8,12,125,6,12,116,6,11,152,43,47,123,47,49,152,33,37,136,30,34,134,23,28,117,20,22,120,14,18,111,11,13,117,12,15,78,15,16,82,14,15,80,13,15,89,10,12,130,9,13,74,9,12,103,8,11,87,8,11,90,6,10,139,45,47,157,33,40,132,36,39,103,16,19,100,10,13,129,9,13,91,9,12,82,10,12,122,9,13,139,8,13,124,8,12,108,9,13,46,9,11
109,2,6,117,34,35,113,25,28,108,23,26,96,19,21,85,12,14,83,11,13,81,11,13,79,10,11,76,9,11,78,8,10,81,7,9,80,6,8,79,7,9,72,7,8,76,7,10,69,6,8,148,0,6,145,0,6,134,1,6,131,1,6,100,25,26,116,30,33,102,24,26,99,19,22,94,16,19,83,12,14,93,9,12,88,9,12,89,8,9,88,7,9,92,9,11,74,9,10,82,7,8,80,4,5,89,7,9,86,6,7,82,6,9,87,7,10,87,7,11,94,7,11,75,8,11,137,36,40,145,27,34,136,25,30,129,19,25,119,15,18,102,14,16,118,10,13,101,11,15,97,12,14,104,10,13,103,10,12,79,11,12,76,10,10,47,8,10,103,8,11,107,8,12,105,7,11,80,8,10,94,7,10,88,6,9,84,7,10,147,39,44,151,31,38,147,25,33,125,22,26,132,17,22,121,14,17,106,11,15,93,13,15,108,10,12,97,11,12,51,15,14,114,11,14,96,11,12,112,8,12,127,6,12,116,6,10,152,43,47,124,47,50,154,33,38,137,30,34,135,23,29,117,20,23,120,14,18,113,11,13,118,12,15,79,15,16,83,14,16,81,13,15,90,10,13,131,9,13,74,10,13,103,8,11,88,8,11,91,6,10,140,45,48,158,33,40,132,36,40,103,16,19,101,11,13,130,9,13,92,9,12,83,10,12,123,9,13,139,8,13,124,8,12,109,9,13,44,10,11
109,2,6,119,34,35,114,25,29,107,23,26,97,19,21,84,12,13,82,11,13,81,11,12,79,10,11,77,9,10,78,8,9,80,7,9,81,6,8,79,7,9,72,7,8,77,7,10,69,6,8,148,0,6,145,0,6,132,1,6,131,1,6,100,25,26,116,30,33,101,25,26,99,19,22,93,16,19,82,12,14,93,9,11,88,9,11,88,8,9,88,7,9,92,9,11,75,8,10,81,7,8,79,4,5,88,7,9,86,6,7,82,6,8,87,7,10,87,7,11,95,7,11,75,8,11,137,36,40,146,27,33,136,24,29,129,19,24,118,14,19,101,14,16,118,10,13,100,12,15,97,12,14,103,10,13,102,10,12,79,11,12,77,9,10,48,8,9,103,9,11,107,8,12,105,7,10,80,8,10,94,7,10,87,6,9,83,8,10,147,39,44,152,31,36,147,25,33,125,22,26,132,17,22,121,14,17,106,11,15,94,13,14,107,10,12,97,11,12,51,15,15,114,11,14,95,11,13,111,8,12,125,6,12,116,6,10,153,44,47,125,47,49,153,33,38,137,30,34,135,24,29,117,20,23,121,14,18,113,11,14,116,12,15,79,15,16,83,14,16,80,13,15,90,10,13,131,9,14,73,10,12,102,8,11,89,7,11,91,6,10,138,45,48,156,34,40,132,36,40,103,16,18,101,11,13,129,9,14,92,9,12,83,10,12,123,9,13,139,8,13,125,8,13,108,9,12,45,10,11
109,2,6,119,34,35,113,26,29,107,23,26,97,19,22,85,12,14,83,11,13,81,11,13,80,10,11,77,9,11,79,8,10,80,7,10,81,6,8,79,7,9,73,7,9,77,7,10,70,6,8,148,0,6,145,0,6,133,1,6,130,1,6,100,25,27,116,30,33,102,25,26,99,19,22,93,16,19,82,12,14,93,9,12,89,9,12,89,8,10,89,8,9,92,9,11,75,9,10,82,7,8,79,4,5,89,7,10,87,6,7,82,6,8,87,7,10,87,7,11,95,7,11,71,8,11,136,37,41,146,27,33,137,25,30,130,19,24,119,15,19,102,14,16,117,11,14,101,12,15,97,12,15,104,11,14,103,10,12,79,11,12,77,10,11,48,8,10,104,9,11,108,8,12,105,7,11,81,8,10,94,7,10,88,6,10,83,8,11,147,40,44,151,31,37,146,26,33,125,23,27,133,18,22,121,14,17,107,11,15,94,13,15,108,10,13,98,11,13,51,15,15,114,11,14,96,11,13,110,8,12,126,6,12,117,6,11,152,43,48,124,47,50,153,33,39,137,30,35,134,24,29,117,20,23,121,15,19,114,11,14,118,12,15,79,15,16,84,15,16,81,13,15,91,10,13,131,9,14,73,10,13,103,8,12,88,8,11,91,6,10,137,45,48,157,34,40,133,36,40,104,17,19,101,11,13,130,9,14,91,10,12,83,10,12,123,9,13,139,8,13,126,8,13,108,9,12,45,10,11
109,2,6,118,34,35,113,26,28,107,23,26,97,19,21,86,12,14,83,11,13,81,11,12,80,10,11,77,9,11,78,8,9,80,7,9,80,6,8,79,7,9,73,7,8,76,8,10,69,7,8,149,0,6,145,0,6,133,1,6,131,1,6,100,25,27,115,30,33,101,25,26,99,19,21,93,16,19,82,13,14,93,9,12,88,9,12,88,8,10,88,8,9,92,9,11,75,9,10,82,7,8,79,4,5,89,7,10,86,6,7,82,6,8,87,8,10,86,7,10,95,7,11,73,9,11,135,37,40,146,27,33,137,25,29,129,19,25,118,15,18,102,14,17,118,11,14,101,12,15,97,12,15,104,11,14,103,10,12,79,11,12,77,10,11,47,8,10,104,9,11,107,8,12,104,8,10,80,8,10,94,7,10,86,6,10,84,8,11,146,40,44,150,32,37,146,26,34,124,23,27,133,18,22,120,14,17,107,12,15,93,13,15,107,11,13,98,11,13,52,15,15,113,11,14,95,11,13,111,8,12,126,6,12,117,6,10,152,43,47,123,47,50,152,33,38,138,31,34,134,24,29,118,20,23,120,15,19,114,11,14,118,13,15,79,16,16,83,15,16,80,14,15,90,10,12,131,9,14,73,10,13,103,8,11,87,8,11,91,6,10,138,45,48,157,33,40,133,36,40,104,17,19,102,11,13,128,9,13,91,9,12,83,10,12,122,10,13,139,9,13,125,9,13,108,9,12,44,9,10
109,2,6,118,35,36,112,26,29,108,23,26,97,19,22,84,12,14,83,12,14,82,11,13,80,10,11,77,9,11,79,8,10,81,7,10,81,6,8,80,7,9,74,7,9,77,8,10,70,7,8,148,0,6,145,0,6,133,1,6,130,1,6,101,25,27,115,30,33,101,25,27,100,19,22,93,16,19,82,13,14,93,10,12,89,9,12,89,8,10,90,8,10,93,9,11,75,9,10,82,7,9,79,5,5,90,7,10,87,6,8,83,6,8,88,8,10,85,7,11,96,7,11,75,8,12,135,37,41,147,27,33,138,25,30,130,19,25,118,15,18,103,14,17,119,11,14,102,12,15,98,13,15,104,11,14,104,10,12,80,11,12,77,10,11,49,8,10,105,9,12,108,8,13,105,8,11,80,8,11,94,7,10,87,6,10,84,8,11,146,40,44,152,31,37,148,26,34,124,23,27,134,18,23,121,15,18,106,12,16,94,14,15,108,11,13,99,11,13,52,16,15,114,11,15,96,11,13,112,8,12,126,6,12,117,6,10,153,44,48,124,48,50,153,33,39,138,30,35,134,24,29,119,21,23,122,15,18,114,12,14,118,13,16,80,16,17,84,15,16,81,14,15,91,10,13,132,9,15,74,10,13,103,8,12,88,8,11,92,7,10,139,45,48,158,33,41,133,36,40,105,17,20,101,11,14,128,9,13,92,10,12,83,11,12,123,10,13,139,9,13,124,9,13,109,9,13,45,10,11
109,2,6,119,34,35,112,26,28,107,24,26,97,19,21,85,12,14,83,12,14,82,11,12,81,10,12,78,9,11,78,8,9,80,7,10,81,6,8,79,7,9,73,7,9,77,8,10,69,7,8,150,0,6,145,0,6,133,1,6,131,1,6,101,24,26,116,30,32,101,25,26,99,19,21,93,16,19,82,13,14,93,10,12,89,10,12,89,8,10,89,8,10,93,9,11,75,9,10,81,7,8,80,5,5,89,7,10,86,6,8,83,6,9,86,8,10,84,7,11,96,7,11,75,8,12,135,37,41,146,27,33,137,25,29,129,20,24,119,15,19,103,15,17,119,11,14,102,12,15,98,13,15,104,11,14,103,10,12,79,11,12,77,10,11,50,9,10,103,9,11,108,8,12,105,8,11,80,8,10,94,7,10,86,6,9,84,8,11,146,40,44,152,31,37,148,26,33,126,23,26,134,18,23,121,15,18,107,12,16,94,14,15,108,11,13,99,12,13,52,16,15,114,11,15,95,11,13,110,8,12,127,6,12,116,6,11,153,43,47,124,47,49,152,33,39,138,31,35,134,24,29,118,21,23,122,15,19,114,12,14,118,13,16,80,16,17,84,15,16,81,13,15,90,10,13,133,9,14,73,10,13,103,8,12,88,8,11,91,7,10,139,45,48,157,33,40,132,36,40,104,17,19,102,11,14,128,10,13,92,10,12,83,11,13,123,10,14,138,9,13,126,9,13,107,9,12,45,10,11
110,2,6,119,34,35,113,26,29,108,24,27,97,19,22,86,12,15,84,12,14,82,12,13,81,10,12,78,9,11,78,8,10,81,7,10,81,6,8,80,7,9,73,7,9,77,8,10,69,7,8,150,1,6,145,0,6,133,1,6,131,1,6,102,24,26,115,30,33,101,25,27,99,19,22,94,17,19,83,13,15,94,10,12,89,10,12,90,9,10,89,8,10,93,9,11,75,9,10,81,7,9,80,5,5,90,7,10,87,6,8,83,6,9,87,8,10,86,7,11,96,7,12,76,9,12,137,36,42,146,27,34,137,26,30,130,20,25,119,15,19,103,15,18,120,11,14,103,12,16,98,13,16,105,11,15,104,10,12,80,11,12,77,10,11,49,9,10,105,9,12,108,9,13,105,8,11,80,8,11,93,7,11,87,7,10,84,8,11,147,40,45,153,31,37,148,26,34,125,23,27,134,18,24,122,15,18,108,12,16,94,14,15,109,11,13,99,12,14,52,16,15,115,12,15,95,12,13,109,8,13,127,6,13,117,6,11,153,44,48,125,47,49,151,33,38,138,30,35,134,24,29,118,21,24,123,15,19,114,12,15,118,13,16,80,16,17,84,15,16,81,14,16,91,11,13,133,10,14,73,11,13,103,8,12,88,8,11,92,7,11,140,45,49,156,34,41,133,36,40,104,18,19,102,11,14,129,10,13,92,10,12,83,11,13,123,10,15,140,9,14,125,9,14,108,9,13,44,10,11
109,2,6,118,35,34,112,26,28,107,24,26,98,19,22,86,13,15,83,12,14,81,12,13,80,11,12,78,9,11,78,8,10,80,8,10,81,6,8,80,8,9,74,7,9,76,8,10,69,7,8,150,0,6,144,0,6,133,1,6,130,1,5,101,24,26,115,30,32,101,25,26,99,19,22,93,17,19,83,13,15,93,10,13,89,10,12,90,9,10,89,8,10,93,9,11,75,9,10,81,7,8,80,5,6,90,8,10,87,6,8,82,6,9,87,8,10,86,7,11,95,7,12,76,8,11,135,36,41,146,27,34,138,25,30,128,20,24,119,15,19,103,15,18,119,11,14,102,12,16,99,13,16,104,11,15,103,11,12,80,11,12,77,10,11,49,9,11,105,9,12,108,9,12,104,8,11,80,8,10,94,7,11,88,7,10,83,8,11,147,40,44,152,31,37,148,26,33,124,23,27,135,18,23,122,15,18,107,13,16,94,14,15,108,11,13,98,12,14,52,16,15,115,12,15,95,12,13,110,9,12,127,6,12,116,6,11,151,44,48,123,47,48,152,33,39,137,30,34,135,24,29,118,21,24,121,16,19,113,12,15,118,13,16,80,16,17,84,15,16,81,14,15,92,11,13,133,10,15,73,11,13,103,8,12,88,8,12,91,7,11,140,45,48,158,33,40,132,35,39,104,18,19,101,11,14,129,10,13,92,10,13,84,11,13,123,11,15,139,10,14,124,9,13,109,9,13,45,10,11
87,3,6,84,35,35,82,27,30,76,25,27,72,20,21,60,14,15,61,13,15,59,13,13,61,12,12,55,10,11,51,9,9,53,9,9,54,7,8,54,9,8,48,9,9,54,9,9,48,8,8,126,1,5,120,1,5,113,1,5,107,1,5,61,27,25,77,33,32,69,26,27,65,21,22,60,18,19,54,14,15,59,11,12,58,11,12,58,10,11,52,9,10,53,10,11,44,10,11,46,8,9,43,5,5,53,9,10,56,7,8,52,7,8,55,9,10,60,9,10,58,8,11,49,10,12,84,39,40,86,30,32,83,27,28,77,21,23,72,17,19,65,17,18,68,13,16,66,14,17,64,15,18,57,13,15,56,12,13,45,12,13,45,12,11,22,9,9,58,11,13,64,11,12,66,9,11,46,9,9,54,9,10,51,8,9,47,10,12,88,43,43,83,33,35,86,29,32,72,25,26,73,20,23,69,17,19,62,15,17,56,15,17,62,12,14,50,13,14,31,18,16,60,14,15,50,14,15,63,10,12,78,8,11,63,9,10,93,49,48,82,51,49,82,35,38,75,34,35,69,27,29,61,24,24,62,17,18,59,14,15,64,15,16,40,19,18,42,18,18,40,17,17,46,13,14,68,12,14,39,13,13,52,10,12,49,11,11,45,9,11,84,50,48,76,38,38,73,40,39,47,20,20,48,13,14,58,11,13,40,13,14,42,14,13,50,14,14,61,12,14,53,12,13,51,12,14,26,12,12
2,5,5,40,39,33,31,31,26,28,29,27,21,24,22,14,17,15,12,17,15,12,16,14,10,14,13,9,13,12,8,12,10,8,12,10,7,10,8,8,11,9,9,12,9,10,12,10,8,10,8,1,2,1,2,3,2,2,3,2,3,3,3,31,29,24,36,35,30,30,30,25,22,24,21,19,22,19,13,17,15,10,14,12,10,14,12,8,12,10,8,12,10,8,12,11,8,12,10,7,9,8,4,6,5,9,12,9,8,9,8,8,10,8,10,12,9,10,12,8,10,11,8,11,12,9,45,45,39,33,33,29,29,30,27,22,25,23,17,23,20,17,21,19,11,16,15,12,17,15,13,19,16,11,16,14,10,14,13,11,15,13,11,15,12,7,10,8,11,15,13,11,15,12,11,14,10,9,12,9,9,11,9,9,10,8,10,12,9,48,47,42,36,37,34,31,34,31,25,29,26,20,24,22,16,22,19,14,19,17,13,19,16,11,16,14,11,16,14,15,21,18,12,18,16,13,18,15,10,12,10,11,13,10,8,11,9,55,54,47,53,56,48,35,40,37,33,38,34,25,31,26,22,28,25,14,21,18,13,18,16,14,19,17,17,22,19,16,22,19,15,21,18,12,18,15,12,15,13,12,15,11,11,13,11,11,13,10,10,12,9,53,54,49,37,41,38,39,44,38,17,23,20,12,18,16,9,14,13,13,18,16,13,19,16,12,17,14,12,16,13,12,15,12,13,15,12,12,13,12
3,5,5,40,39,33,32,32,27,28,30,27,22,25,23,14,18,16,12,17,15,12,17,15,11,15,13,9,14,12,8,12,11,8,13,11,7,10,9,9,12,10,9,12,10,10,13,10,9,10,8,1,2,1,2,3,2,3,3,2,3,3,3,31,29,24,36,36,30,30,31,26,22,25,22,19,23,20,13,17,15,10,15,13,10,14,13,8,12,11,8,12,11,8,13,11,9,12,10,7,10,8,4,6,5,10,12,10,8,10,8,8,10,8,11,12,10,11,12,9,10,11,8,11,12,9,45,45,40,33,34,30,29,31,28,22,25,24,18,23,21,18,22,19,12,17,15,12,18,16,13,19,17,11,17,15,10,15,13,11,16,13,11,15,13,7,11,9,12,16,13,12,15,12,11,14,11,10,12,10,10,12,9,9,10,8,11,12,9,48,48,43,37,38,35,31,35,31,26,30,27,20,25,22,16,22,20,14,20,18,14,19,17,11,16,14,12,17,14,16,22,19,13,19,16,14,18,16,10,12,10,11,13,11,9,11,9,55,54,48,54,56,49,36,40,38,34,39,35,25,32,27,22,29,25,15,21,19,13,19,17,14,20,18,18,23,20,17,22,20,16,22,19,13,18,15,12,16,14,13,15,12,12,14,12,12,13,11,11,12,9,54,54,49,36,41,39,40,45,39,17,24,21,13,18,17,10,15,13,13,19,17,14,19,16,13,18,14,12,17,14,12,15,13,13,15,12,12,13,12
3,5,5,40,39,33,32,32,27,28,30,27,22,25,23,15,19,16,13,18,16,12,17,15,11,15,13,9,14,12,8,13,11,9,13,11,7,11,9,9,12,10,9,12,10,10,13,10,9,10,8,1,2,1,2,3,2,3,3,2,3,3,3,31,30,24,36,35,30,30,31,26,23,25,22,19,23,20,14,18,16,10,15,13,10,15,13,8,12,11,8,12,11,8,13,12,9,13,11,7,10,9,5,7,5,10,12,10,8,10,8,8,10,8,11,13,10,11,13,9,9,11,8,11,12,9,45,45,40,34,34,30,30,31,28,22,26,24,18,23,21,18,23,20,12,18,16,12,18,16,13,19,17,11,17,15,11,15,13,12,16,14,12,16,14,7,11,9,12,16,14,12,15,13,12,15,12,10,13,10,10,12,9,9,10,8,11,12,9,48,48,42,37,39,35,32,35,31,26,30,27,20,25,23,17,23,20,15,20,18,14,19,17,11,16,15,12,17,15,16,22,20,14,20,17,14,19,16,10,13,10,12,14,11,9,12,9,55,55,48,54,56,49,36,41,38,34,39,35,26,32,28,23,29,26,16,22,19,13,19,17,14,20,18,18,23,20,17,23,20,16,23,20,13,19,16,12,16,13,13,16,12,12,14,12,12,13,11,11,12,9,53,54,49,37,41,39,40,45,40,17,24,21,13,19,17,10,15,14,14,19,16,14,20,17,13,18,15,13,17,14,12,16,13,14,15,13,12,14,12
3,6,5,41,40,34,33,33,28,29,30,28,23,26,24,15,19,17,13,18,16,12,17,15,11,15,14,9,14,13,9,13,11,9,13,12,8,11,9,9,12,11,9,12,10,11,13,11,9,11,9,1,2,1,2,3,2,3,3,2,3,3,3,31,30,25,37,36,31,31,31,27,23,26,22,20,24,21,14,18,16,11,16,13,11,15,13,9,13,11,9,13,11,9,14,12,9,13,11,8,11,9,5,7,5,10,13,10,8,10,8,9,11,9,11,13,10,11,13,9,10,11,8,11,12,9,46,45,40,34,35,31,30,32,28,23,26,25,19,24,21,18,23,20,12,18,16,13,18,16,14,20,17,12,18,16,11,16,14,12,17,14,12,16,14,8,11,9,12,16,14,13,16,13,12,15,12,10,13,10,10,12,9,9,10,8,11,12,9,49,48,43,37,39,35,32,36,32,27,31,27,21,26,23,17,23,21,15,20,18,14,19,17,11,17,15,13,18,15,17,23,20,14,20,18,14,20,16,11,13,10,12,14,11,10,12,9,55,55,49,55,57,50,37,41,39,34,39,35,26,33,28,23,30,26,16,22,19,13,19,17,14,20,18,18,24,21,18,24,21,17,24,20,14,19,16,13,17,13,13,16,13,12,15,12,12,14,11,11,12,10,54,55,49,37,42,39,40,46,40,17,24,21,13,20,18,10,16,14,14,19,17,15,20,17,13,18,15,13,17,15,12,16,14,13,16,13,12,14,12
3,6,5,41,40,34,33,33,28,29,31,28,23,26,24,16,20,17,13,18,16,12,17,15,11,16,14,10,14,13,9,14,12,9,14,12,8,11,9,9,13,11,10,12,10,11,14,11,9,11,9,1,2,1,2,3,2,2,3,2,3,3,2,31,30,25,37,36,31,31,31,27,23,26,22,20,24,21,14,19,16,11,16,14,10,15,13,9,13,11,9,13,11,9,14,12,10,13,11,8,11,9,5,7,5,10,13,10,8,11,9,9,11,9,12,14,10,11,13,9,10,11,8,11,12,8,46,45,40,34,35,31,30,32,28,23,27,25,19,24,22,18,23,20,12,18,16,13,18,16,14,20,18,12,18,16,11,16,14,12,17,14,12,16,14,8,11,9,12,16,14,13,17,13,12,16,12,10,13,10,10,13,10,9,11,8,11,12,9,49,48,43,37,39,36,33,36,32,27,31,28,21,26,23,17,23,21,15,20,18,14,20,18,12,17,15,13,18,16,17,24,21,15,21,18,14,20,16,11,14,11,12,14,11,10,12,9,55,55,48,55,57,50,36,41,39,35,40,36,27,33,28,23,30,26,16,22,19,14,19,17,14,21,19,19,24,21,18,24,21,17,24,21,14,19,16,13,17,13,13,16,13,12,15,12,12,14,11,11,12,10,53,55,49,36,42,39,41,46,40,17,24,21,14,20,18,10,16,14,14,20,17,15,20,17,13,18,15,13,17,14,12,16,14,13,16,13,12,14,12
3,6,5,41,40,34,33,33,28,29,31,29,23,27,24,16,20,18,13,18,16,13,17,15,11,16,14,10,15,13,9,14,11,9,14,12,8,11,9,9,13,11,10,12,10,11,14,11,9,11,9,1,2,1,2,3,2,3,3,2,3,3,3,31,30,25,37,36,31,31,31,27,24,26,23,20,24,22,14,19,16,11,16,14,10,15,13,9,13,11,9,13,11,9,14,12,10,13,11,8,11,9,5,7,6,10,13,10,9,11,9,9,11,9,12,13,11,11,13,10,10,11,8,10,12,9,46,45,40,35,35,31,31,32,29,23,27,25,19,24,23,18,23,21,12,18,16,13,19,17,15,20,18,13,18,16,12,17,15,13,17,15,12,17,14,8,12,9,13,17,14,13,17,14,12,16,12,10,13,10,11,13,10,10,11,9,11,12,10,48,48,43,37,40,36,33,36,33,27,31,28,21,26,23,17,23,21,15,21,18,15,20,18,12,17,16,14,18,16,18,24,21,15,21,18,14,20,17,11,14,11,12,14,12,10,12,9,55,55,48,55,57,50,36,41,39,35,40,36,27,33,29,23,30,26,16,22,19,14,19,18,15,21,19,19,25,21,19,25,22,18,25,21,14,19,16,13,17,14,14,16,13,13,15,13,12,14,12,12,12,10,53,55,50,37,42,39,40,45,40,17,24,21,14,20,18,11,16,15,14,20,17,15,20,17,14,18,16,13,17,15,12,16,14,14,16,14,12,14,12
3,6,5,41,40,34,33,33,28,29,31,29,23,27,24,16,20,17,13,18,16,12,17,15,11,16,14,10,15,13,9,14,12,9,14,12,8,11,9,9,13,11,10,12,10,11,14,11,10,11,9,1,2,1,3,3,2,2,3,2,3,3,2,31,30,25,37,37,31,31,32,27,24,27,23,20,24,22,14,19,16,11,16,14,11,15,13,9,13,11,9,13,11,9,14,12,10,13,11,8,11,9,5,7,6,10,13,10,9,11,9,9,11,9,12,14,11,11,13,9,10,11,8,11,12,9,46,45,40,35,35,32,31,33,30,23,27,25,19,24,23,18,23,21,12,18,16,13,19,17,15,20,18,13,19,16,12,17,15,12,17,15,12,17,14,8,11,9,13,17,14,13,17,14,12,16,13,11,13,11,11,13,10,10,11,9,11,12,10,48,48,43,37,40,36,33,36,32,27,31,28,21,26,23,17,24,21,15,21,18,15,20,18,12,18,16,14,18,16,18,24,21,15,21,18,15,20,17,11,14,11,12,14,12,10,12,10,55,55,48,55,58,50,36,41,39,34,39,35,27,33,29,23,30,26,16,22,19,14,20,18,15,22,19,19,25,22,19,25,22,18,24,21,14,19,16,13,17,14,13,16,13,13,15,13,12,14,12,12,12,10,53,55,50,37,42,39,40,45,40,17,24,21,14,20,18,10,16,15,14,20,17,15,20,17,13,18,15,13,17,14,12,16,14,13,16,14,12,14,12
4,6,5,40,40,34,33,34,29,30,31,29,23,27,24,16,20,18,13,18,16,13,17,15,12,16,14,10,15,13,10,14,11,10,14,12,8,11,9,10,13,11,10,13,10,11,13,12,10,11,9,1,2,1,3,3,2,3,3,2,3,3,3,31,30,25,37,36,32,31,32,28,24,27,23,20,24,22,15,18,16,11,16,14,11,15,14,9,13,12,10,13,12,10,14,13,10,14,11,8,11,9,5,7,6,10,13,10,9,11,9,9,11,9,12,13,11,11,13,9,10,11,8,10,12,9,45,46,41,35,35,32,30,33,30,23,27,26,19,24,23,18,23,20,13,18,16,14,19,17,15,21,18,13,19,17,12,17,15,13,17,15,13,17,14,8,11,9,13,17,14,13,17,14,12,16,13,11,13,11,11,13,10,10,11,9,11,13,10,48,48,43,37,40,36,33,36,32,27,31,28,21,26,24,17,23,21,15,21,18,15,20,18,13,18,16,14,19,16,18,24,21,15,21,18,15,20,17,11,14,11,12,15,12,10,12,10,55,55,48,55,57,50,36,41,39,34,39,36,26,32,28,23,29,26,16,22,20,14,20,18,16,21,19,19,25,22,19,25,22,18,24,21,14,19,17,13,17,14,14,16,13,13,15,13,12,14,12,11,12,10,53,54,49,37,42,39,40,45,40,18,24,21,15,20,18,11,16,14,15,20,17,15,20,17,14,18,16,13,17,14,13,16,14,13,16,14,12,14,13
4,6,5,41,40,34,33,34,29,30,32,29,23,27,24,16,20,18,13,18,16,13,17,15,12,16,14,10,15,13,10,14,12,10,14,12,8,11,9,10,12,11,10,13,10,12,14,11,10,11,9,1,2,1,2,3,2,3,3,2,2,3,2,30,30,25,37,37,32,30,32,27,24,26,23,20,24,22,15,18,16,11,16,14,11,15,14,9,13,11,10,13,12,10,14,12,10,13,11,8,11,9,5,7,6,10,13,10,9,11,9,9,11,9,12,14,11,11,13,9,10,11,8,11,12,9,45,45,41,34,35,32,30,33,30,23,27,25,19,24,23,18,23,20,12,18,16,14,19,17,15,21,18,13,19,17,12,17,15,13,17,15,13,17,14,8,11,9,13,16,14,13,17,14,12,16,13,11,13,11,11,13,10,10,11,9,11,13,10,47,48,43,37,40,36,32,36,32,27,31,28,21,26,24,17,23,21,15,21,18,15,20,18,13,18,16,14,19,16,18,24,21,15,21,18,15,20,17,11,14,11,12,15,12,10,12,10,54,55,48,55,57,50,36,41,38,34,39,36,26,33,29,23,30,26,16,22,19,14,20,17,16,21,19,19,25,21,19,25,22,18,24,21,14,19,16,13,17,14,14,16,13,13,15,13,12,14,12,11,13,10,53,54,49,36,41,39,40,45,40,18,24,21,15,20,18,11,16,14,15,19,17,15,20,17,14,18,16,14,17,15,13,16,13,13,16,14,12,14,12
4,6,5,41,40,35,34,34,29,30,31,29,23,27,24,16,19,17,14,18,16,13,17,16,12,16,14,11,15,13,10,14,12,10,14,12,8,11,9,10,13,11,10,12,10,12,14,11,10,11,9,1,2,1,2,3,2,2,3,2,3,3,2,30,30,25,36,37,32,31,32,27,24,26,24,20,24,22,15,18,16,11,16,14,11,15,14,10,13,12,10,13,12,10,14,13,10,14,12,8,11,9,5,7,6,10,13,10,9,11,9,9,11,9,12,14,12,12,13,11,10,11,8,11,12,9,44,45,41,34,35,32,30,32,30,24,27,26,19,24,23,19,23,21,13,18,16,14,19,17,16,21,19,14,19,17,12,17,15,14,17,15,13,17,14,8,11,9,13,17,14,13,17,14,13,16,13,11,14,11,10,13,11,10,11,9,12,13,10,47,48,43,37,39,37,33,36,33,27,31,28,21,26,24,18,23,21,16,21,19,15,20,18,13,18,16,14,18,16,19,24,21,15,20,18,16,19,17,11,14,11,13,15,12,10,12,10,54,54,48,54,57,50,36,41,39,34,39,36,26,32,28,24,29,27,17,22,20,15,20,18,16,21,19,20,25,22,19,25,22,19,24,21,15,19,17,13,17,14,14,16,13,13,15,13,12,14,12,12,13,10,53,54,49,37,41,39,40,45,40,18,24,21,15,20,18,11,16,14,15,19,17,16,20,18,14,18,15,14,17,15,13,16,14,13,16,14,12,14,13
4,6,5,40,40,35,33,34,29,30,32,29,23,27,24,16,19,17,14,18,16,14,17,16,13,16,14,11,15,13,10,14,12,10,13,12,9,11,9,10,13,11,10,13,10,12,14,11,10,11,9,1,2,1,2,3,2,2,3,2,3,3,2,30,30,25,36,37,32,30,32,27,24,26,24,20,24,21,15,18,16,11,16,14,11,15,14,10,13,12,10,13,12,10,15,13,10,14,12,8,11,9,5,7,6,10,13,10,9,11,9,9,11,9,12,14,11,11,14,10,10,11,8,11,12,9,45,45,41,34,35,32,30,32,29,23,27,25,19,24,22,19,23,20,13,18,16,14,19,17,16,21,19,14,19,17,12,17,15,14,17,15,13,16,14,8,11,9,13,17,14,13,17,14,13,16,13,11,14,11,11,13,11,10,11,9,12,13,10,47,48,43,36,39,36,32,36,33,27,31,28,21,26,24,18,23,21,16,21,19,16,20,18,13,18,16,14,18,16,19,24,20,15,20,18,16,19,17,11,14,11,13,15,12,10,12,10,53,54,48,54,57,50,36,40,39,34,39,36,26,32,28,24,29,26,16,22,19,15,20,18,16,21,19,20,25,21,20,24,22,19,24,21,15,19,17,13,17,14,14,16,14,13,15,13,12,14,12,12,12,10,52,54,49,36,41,38,40,45,39,18,24,21,15,20,18,11,15,14,15,19,17,15,19,17,13,18,15,13,17,15,13,16,13,13,16,14,12,14,13
4,6,6,40,40,35,33,34,29,30,32,29,23,27,24,16,19,17,14,18,16,14,17,16,13,16,14,11,15,14,11,14,12,11,14,12,9,11,10,10,13,11,10,13,10,12,14,11,10,12,9,1,2,1,2,3,2,2,3,2,2,3,2,30,30,25,36,37,31,30,32,27,24,26,23,20,24,21,15,18,16,12,16,14,12,15,14,10,13,12,10,13,12,10,15,13,11,14,12,9,11,9,5,7,6,10,13,10,9,11,9,10,11,9,12,14,12,11,14,11,10,11,9,10,11,9,44,44,40,34,35,32,29,33,30,23,27,25,19,24,23,19,23,21,13,18,16,15,19,18,16,21,18,14,19,17,13,17,15,14,17,15,14,16,14,9,11,10,14,17,14,14,17,14,13,15,13,11,14,11,11,13,11,10,11,9,12,13,10,46,47,43,37,39,37,32,36,33,27,31,28,21,26,24,18,23,21,16,21,19,16,20,18,13,18,16,15,18,16,19,24,21,16,20,18,16,19,17,11,14,11,13,15,12,10,13,11,53,54,48,54,56,50,36,40,38,34,39,36,26,32,28,24,29,26,17,21,19,15,19,18,16,21,19,21,25,22,20,25,22,19,24,21,15,19,17,14,17,14,14,16,14,12,15,13,12,14,12,12,13,11,51,54,49,36,41,38,40,44,39,18,23,21,16,20,18,12,15,14,15,19,17,16,20,18,14,18,15,14,17,15,13,16,13,13,16,14,12,14,12
4,6,5,39,40,34,33,34,29,29,32,29,23,27,24,15,19,17,15,18,16,14,18,16,13,16,14,11,15,14,11,14,12,11,13,12,9,11,9,10,12,11,10,13,10,12,14,12,10,12,9,1,2,1,2,3,2,2,3,2,3,3,2,29,30,24,35,37,31,30,32,27,23,26,23,20,24,21,15,18,16,12,16,14,12,15,14,10,13,12,10,13,12,10,14,12,11,13,11,9,11,9,5,7,6,10,13,10,9,11,9,10,11,9,12,14,11,11,14,10,10,11,9,11,11,10,44,45,40,33,35,32,29,32,29,23,27,25,19,24,22,19,23,20,13,18,16,15,19,17,16,20,18,14,19,17,13,17,15,14,17,15,13,16,14,9,11,9,14,16,14,14,17,14,13,15,13,11,14,11,11,13,11,10,11,9,12,13,11,46,48,43,37,39,36,32,35,33,26,30,28,21,26,24,18,23,21,16,21,18,15,20,18,13,18,15,15,18,16,19,24,20,16,20,18,16,19,17,11,14,11,13,15,12,10,12,11,53,54,48,53,56,49,36,40,39,34,39,36,26,32,28,24,29,26,17,21,19,15,20,18,16,21,19,21,25,21,20,24,22,19,24,21,15,19,17,14,17,14,14,16,14,13,15,13,13,14,12,11,12,11,51,54,49,36,41,38,40,44,39,18,23,21,16,20,18,12,15,14,15,19,17,16,20,17,14,18,16,14,17,15,13,16,13,13,16,14,12,14,12
4,6,6,39,40,34,33,33,29,29,32,29,23,27,24,16,19,17,14,18,16,15,18,16,13,16,14,12,15,14,11,14,12,11,14,12,9,11,9,10,12,11,11,13,11,12,14,12,10,12,10,1,2,2,2,3,2,3,3,2,3,3,3,29,30,25,35,37,32,30,32,27,24,26,23,20,24,21,15,18,16,12,16,14,12,15,14,10,13,12,10,13,12,11,14,13,11,14,12,9,11,9,5,7,6,11,13,11,9,11,9,10,11,9,12,14,12,12,13,10,11,12,9,11,12,10,44,45,40,33,35,32,29,32,30,23,27,25,20,24,22,19,23,20,13,18,16,15,19,17,17,21,19,14,19,17,13,17,15,14,17,15,14,16,14,9,11,9,14,17,15,14,16,14,14,15,13,11,14,12,11,13,11,10,11,9,12,13,11,46,47,43,37,39,37,32,36,33,27,30,28,22,26,24,18,23,21,16,20,18,16,20,18,14,17,16,15,18,16,20,24,20,16,20,18,16,19,17,12,14,12,13,15,12,10,13,11,53,54,48,53,56,50,36,40,39,34,39,36,26,32,28,24,29,26,17,21,19,16,19,18,17,21,19,21,25,21,20,25,22,20,23,21,15,19,17,14,16,14,14,16,14,13,15,13,13,14,12,11,13,11,51,54,49,35,40,38,40,44,39,19,23,21,16,19,18,12,15,14,15,19,17,16,20,17,14,18,16,14,17,15,13,16,13,13,16,13,12,14,12
4,6,6,39,40,34,33,33,29,29,31,29,23,27,24,16,19,17,14,18,16,15,18,16,13,16,14,12,15,14,11,14,12,11,14,12,9,11,9,10,12,11,11,13,10,12,14,12,10,12,10,1,2,2,2,3,2,2,3,2,3,3,2,29,30,25,35,37,32,30,32,27,23,26,23,20,24,21,15,18,16,12,15,14,12,15,14,10,13,12,11,13,12,11,14,12,11,14,12,9,11,9,5,7,6,11,13,11,9,11,9,10,11,9,12,14,12,12,13,10,10,12,9,11,12,10,44,45,40,33,35,32,29,32,29,23,27,25,19,24,22,19,23,20,13,18,16,15,19,17,17,20,19,14,19,17,13,16,15,14,17,15,13,16,14,9,11,9,14,17,14,14,16,14,14,15,13,11,14,11,11,13,11,10,11,9,12,13,11,45,47,43,36,39,36,32,35,33,26,30,27,22,25,23,18,23,21,16,20,18,16,20,17,14,17,16,15,18,16,19,23,20,16,20,18,16,19,17,11,14,12,13,15,12,10,13,11,52,54,47,53,55,50,35,40,38,34,39,36,26,32,28,24,29,26,17,22,19,16,19,18,16,21,19,21,25,21,20,24,22,19,23,21,15,19,17,15,17,14,14,16,13,13,15,13,13,14,12,11,12,11,50,53,48,35,41,39,40,44,39,18,23,21,16,19,18,12,15,14,16,19,17,16,19,17,14,18,16,14,17,15,13,16,13,13,16,14,12,14,12
4,6,6,39,40,34,33,33,30,29,32,29,24,27,24,16,19,18,15,18,16,15,18,16,13,17,15,12,15,14,11,14,12,11,14,12,9,11,9,10,12,11,11,13,11,12,14,12,10,12,10,1,2,2,2,3,2,2,3,2,3,3,2,29,30,25,35,37,32,30,32,27,24,26,23,20,24,21,15,18,16,12,16,14,12,15,14,11,13,12,11,13,12,11,14,13,11,13,12,9,11,9,5,7,6,11,13,11,9,11,9,10,11,10,12,14,12,12,14,11,11,12,9,11,12,10,43,44,40,33,35,32,29,32,29,23,27,25,20,24,22,19,23,21,14,18,16,15,19,17,16,21,19,15,18,17,13,16,15,14,17,15,14,16,14,9,11,9,14,16,14,14,16,14,14,15,13,11,14,12,11,13,11,10,11,10,12,13,11,45,47,43,36,39,36,32,35,33,27,30,28,22,25,24,19,23,21,17,20,18,16,20,18,14,17,16,15,18,16,20,24,21,17,20,18,17,19,17,12,14,12,13,15,13,10,12,11,52,54,47,53,56,50,35,40,38,34,39,36,26,31,28,24,29,26,17,21,19,16,19,17,17,21,19,21,25,21,20,24,22,20,23,21,16,19,17,15,17,14,14,16,13,13,15,13,12,14,12,11,12,11,51,54,48,36,41,39,40,44,39,19,23,21,16,19,18,12,15,14,16,19,17,16,19,17,15,18,16,14,17,15,13,16,13,13,15,14,12,14,12
4,6,5,39,40,34,33,33,29,29,31,29,24,27,24,16,19,17,14,18,16,15,18,16,13,17,14,12,15,13,11,14,12,11,14,12,9,11,9,10,12,11,11,13,11,12,14,12,10,12,9,1,2,2,2,3,2,2,3,2,2,3,2,29,29,24,35,37,31,30,32,27,24,26,23,20,24,21,15,18,16,12,15,14,12,15,14,11,13,12,11,13,11,11,14,13,11,13,11,9,11,9,5,6,6,11,13,11,9,11,9,10,11,9,12,14,12,12,13,10,11,12,9,11,12,10,42,45,40,32,35,32,29,32,29,23,27,25,20,24,22,19,22,20,14,18,16,15,19,17,17,21,18,15,18,17,13,16,15,14,17,15,14,16,14,9,11,9,14,16,14,14,16,14,14,15,13,11,14,12,11,13,11,10,11,10,13,14,12,45,47,43,36,38,36,32,35,33,27,30,28,22,25,23,18,22,21,17,20,18,16,20,17,14,17,16,15,18,16,20,23,20,17,20,17,17,19,17,12,14,12,13,15,13,10,13,11,52,54,47,53,55,50,35,40,38,34,38,36,27,31,28,24,29,26,17,21,19,16,19,18,17,21,19,21,25,21,20,24,22,20,23,21,16,19,17,14,16,14,14,16,13,13,15,13,13,14,12,12,12,11,50,53,48,35,40,38,40,44,39,18,23,21,16,19,18,12,15,14,16,19,17,16,19,17,15,18,16,14,16,15,13,16,13,13,16,14,12,14,12
4,6,6,39,40,34,32,33,30,29,31,29,24,27,24,16,19,17,15,18,16,15,17,16,14,16,15,12,15,13,11,14,12,12,13,12,9,11,9,11,12,11,11,13,11,12,14,12,10,12,10,1,2,2,2,3,2,2,3,2,3,3,2,29,29,24,35,37,31,30,31,28,24,26,23,20,24,21,16,18,16,13,15,14,12,15,13,11,13,12,11,13,12,11,14,13,11,13,12,9,11,9,6,7,6,11,13,11,9,11,9,10,11,10,12,14,12,12,13,11,11,12,9,11,12,10,42,44,40,32,35,32,29,32,29,23,27,25,20,24,22,19,22,20,14,18,16,16,19,17,17,20,18,15,18,17,14,16,15,15,17,15,14,16,14,9,11,9,14,16,14,15,16,14,14,15,13,12,13,12,11,13,11,10,11,10,12,14,11,45,47,43,36,39,37,32,35,33,27,30,28,22,25,23,19,22,21,17,20,18,17,20,18,14,17,16,15,18,16,20,23,21,17,20,18,17,19,17,12,14,11,13,15,13,10,13,11,52,54,48,53,55,50,35,40,38,34,38,36,27,32,28,25,29,26,18,21,19,16,19,17,17,20,19,21,24,21,21,24,22,20,23,21,16,19,17,15,17,14,14,16,14,13,15,13,13,14,12,11,12,11,51,53,48,35,40,39,40,44,39,19,23,21,16,20,18,12,15,14,16,19,17,17,19,17,15,18,16,14,17,15,13,16,13,13,16,14,12,14,12
4,6,6,39,40,34,33,33,30,29,31,29,24,27,24,17,19,17,15,18,16,15,17,16,14,16,14,12,15,13,11,14,12,12,13,12,9,11,9,11,12,11,11,13,11,12,14,11,10,11,10,1,2,2,2,3,2,3,3,2,3,3,3,29,30,24,35,37,31,29,31,27,24,26,23,20,24,21,15,18,16,12,15,14,12,15,14,11,13,12,11,13,12,11,14,13,11,13,12,9,11,9,6,7,6,11,13,11,9,11,9,10,11,9,12,14,12,12,13,11,10,11,9,13,13,10,42,44,40,32,35,32,29,32,29,23,27,25,20,24,22,19,22,20,14,18,16,16,19,17,17,20,18,15,18,17,14,16,15,15,17,15,14,16,14,9,11,9,14,16,14,15,16,14,14,15,13,12,14,11,11,13,11,10,12,10,12,13,11,44,46,43,36,39,36,32,35,33,26,30,28,21,25,23,19,22,21,17,20,18,16,20,17,14,17,16,15,18,16,21,23,21,17,20,17,17,19,17,12,14,12,13,15,13,10,12,11,52,53,48,52,55,50,35,40,38,34,38,35,27,31,28,25,28,26,18,21,19,16,19,17,17,20,19,21,25,21,21,24,21,20,23,21,16,19,16,15,16,14,15,16,14,13,15,13,12,14,12,11,13,11,50,53,48,35,40,39,39,44,39,19,22,21,16,20,18,12,15,14,16,19,17,17,19,17,15,18,16,14,17,15,13,16,13,13,16,14,12,14,12
5,6,6,39,40,34,33,33,30,29,31,29,24,27,24,17,19,17,16,18,16,15,17,16,14,16,15,12,15,13,12,14,12,12,13,12,9,11,10,11,12,11,11,12,11,12,14,12,10,11,10,1,2,2,2,3,2,2,3,2,3,3,3,29,30,25,35,37,31,29,31,28,24,26,23,21,23,21,15,18,16,13,16,14,12,15,14,11,13,12,11,13,12,12,14,13,11,13,12,9,11,9,6,7,6,11,13,11,10,11,9,10,11,10,13,14,12,12,13,11,11,12,9,12,12,10,42,44,40,32,35,32,29,32,29,24,27,25,20,24,22,19,22,20,14,18,16,16,19,17,17,20,18,15,18,17,14,16,15,15,17,15,15,16,14,9,11,9,15,16,14,15,16,14,14,15,13,12,14,12,12,13,12,10,12,10,13,14,12,45,47,43,36,38,36,32,35,33,27,30,28,21,25,23,19,22,21,17,20,19,17,20,17,14,17,16,16,18,16,21,23,21,17,20,18,17,19,17,12,14,12,13,15,13,10,12,11,52,53,48,53,55,50,35,40,38,34,38,36,27,31,28,25,29,27,18,21,19,16,19,17,17,21,19,22,24,21,21,24,21,20,23,21,16,19,16,15,17,14,15,16,14,13,15,13,12,14,12,11,13,11,50,53,48,35,40,39,40,44,39,19,22,21,17,19,18,13,15,14,17,19,17,17,19,17,15,17,16,14,17,15,13,16,14,13,15,14,12,14,12
5,6,5,39,40,34,33,33,30,29,31,29,24,27,24,17,19,17,15,18,16,15,17,16,14,16,14,12,15,13,12,14,12,11,14,12,10,11,9,11,12,11,11,12,10,12,14,12,10,11,10,1,2,2,2,3,2,2,3,2,3,3,2,29,29,25,35,37,31,29,31,27,24,26,23,21,23,21,15,18,16,13,16,14,12,15,14,11,13,12,11,13,12,12,14,13,12,13,12,9,11,9,6,7,6,11,13,11,10,11,9,10,11,10,13,14,12,12,13,11,11,12,9,11,12,10,42,44,40,32,35,32,29,32,29,24,26,25,20,23,22,19,22,20,14,18,16,16,19,17,17,20,18,15,18,17,14,16,15,15,17,15,14,16,14,9,11,9,14,16,14,15,16,14,14,15,13,12,14,12,11,13,12,10,12,10,12,13,11,45,47,43,36,38,36,32,35,33,27,30,28,21,25,23,19,22,21,17,20,18,17,19,17,14,17,16,16,18,16,21,23,21,17,20,17,17,19,17,12,14,12,13,15,13,11,13,11,52,53,48,53,55,50,35,40,38,34,38,36,27,31,28,25,29,26,18,21,19,16,19,17,17,21,19,22,24,21,21,23,20,20,23,21,16,18,16,15,17,14,15,16,14,13,15,13,12,14,12,12,13,11,50,53,48,35,40,39,40,43,39,19,22,21,17,19,17,13,15,14,17,19,17,17,19,17,15,17,16,14,17,15,13,16,14,13,16,13,12,14,12
5,6,6,39,40,34,33,33,30,29,31,29,24,27,24,17,19,17,16,18,16,15,17,16,14,16,15,13,15,13,12,14,12,12,13,12,10,11,9,11,12,11,11,12,10,12,14,12,10,11,10,1,2,2,2,3,2,2,3,2,3,3,2,29,30,25,35,36,31,29,31,27,24,26,23,21,23,21,16,18,16,13,15,14,13,15,14,11,13,12,11,13,12,12,14,13,12,13,12,9,11,9,6,7,6,11,13,11,10,11,9,10,11,10,13,14,12,12,14,11,11,12,9,12,13,11,43,44,41,33,35,32,29,32,30,24,26,25,20,23,22,20,22,20,15,18,16,16,19,17,17,20,18,16,18,17,14,16,15,15,17,15,15,16,14,10,11,9,15,16,14,15,16,14,14,15,13,12,14,12,12,13,12,11,11,10,12,14,12,45,47,43,36,38,36,32,35,32,27,30,28,22,25,24,19,22,21,17,20,19,17,19,18,14,17,16,16,18,16,21,23,21,17,20,18,17,19,17,12,14,12,13,15,13,11,12,11,52,53,48,53,55,50,35,39,38,35,38,36,27,31,28,25,29,26,18,21,19,16,19,17,17,21,19,22,24,21,21,24,22,20,23,21,16,18,16,15,17,14,15,16,14,13,15,13,13,14,12,12,13,11,50,53,48,35,40,39,40,44,39,19,22,21,17,19,18,13,15,14,17,19,17,18,19,17,16,17,16,15,17,15,13,16,14,13,16,13,12,14,12
5,6,6,38,40,34,32,33,30,29,31,29,24,26,24,16,19,17,16,18,16,15,17,16,14,16,15,12,15,13,12,14,11,12,13,12,10,11,9,11,12,11,11,12,10,13,14,11,10,11,10,1,2,2,2,3,2,3,3,2,3,3,2,29,29,24,35,36,31,29,31,27,24,25,23,21,23,21,16,18,16,13,16,14,12,15,14,11,13,12,11,13,11,12,14,12,12,13,12,9,11,9,6,7,6,11,13,11,10,10,9,10,11,10,13,14,12,12,14,11,12,12,9,12,12,11,43,44,40,33,34,32,29,32,29,24,26,25,20,23,22,20,22,20,15,18,16,16,19,17,17,20,18,16,18,17,14,16,15,15,17,15,14,16,14,10,11,9,14,16,15,15,16,14,14,15,13,12,14,12,11,13,11,11,11,10,12,13,11,45,47,43,36,38,36,32,35,33,27,30,28,22,25,24,19,22,21,17,20,18,17,19,17,14,17,15,16,18,16,21,23,20,17,20,17,17,19,17,12,14,12,13,15,13,11,12,11,52,53,48,52,55,49,35,40,38,35,38,36,27,31,28,25,28,26,18,21,19,16,19,17,17,21,18,22,24,21,21,24,21,20,23,20,16,18,16,15,17,14,15,16,14,13,15,13,13,14,12,11,13,11,50,53,48,35,40,39,40,44,39,19,22,21,17,19,17,13,15,14,17,19,17,17,19,17,16,17,16,15,16,15,13,16,13,13,16,13,12,14,12
5,6,6,38,40,35,32,33,30,30,31,29,24,26,24,17,19,17,16,18,16,15,18,16,15,16,15,13,15,13,12,14,11,12,13,12,10,11,10,11,12,11,11,12,10,13,14,11,10,11,10,1,2,2,3,3,2,3,3,2,3,3,3,29,29,25,35,37,32,30,31,28,24,26,23,21,23,22,16,18,16,13,16,14,13,15,14,11,13,12,11,13,11,12,14,12,12,13,12,10,11,9,6,7,6,12,13,11,10,11,9,10,11,10,13,14,12,12,14,11,12,12,9,11,13,10,43,44,41,33,34,32,29,32,29,24,26,25,20,23,22,20,22,20,15,18,16,16,19,17,17,20,18,16,18,17,14,16,15,15,17,15,15,16,14,10,11,9,15,16,14,15,16,14,14,15,13,12,14,12,11,13,12,11,11,10,13,14,12,45,47,43,36,38,36,32,35,33,27,30,28,22,25,24,19,22,21,17,20,19,17,19,18,15,17,15,16,18,16,21,23,21,18,20,17,17,19,17,12,14,12,14,15,13,11,13,11,52,53,48,53,55,50,36,40,38,35,38,36,27,31,28,25,28,26,18,21,19,17,19,18,18,20,19,22,24,21,22,23,21,21,23,21,16,18,16,15,17,14,15,16,14,14,15,13,13,15,12,12,13,11,50,53,48,36,40,39,40,44,40,20,22,21,17,19,18,13,15,14,17,19,17,17,19,17,16,17,16,15,16,15,14,16,14,14,15,13,12,14,12
5,6,6,38,39,34,33,33,30,29,31,29,24,26,24,17,19,17,16,18,16,15,17,16,15,16,14,13,15,13,12,14,11,12,13,12,10,11,9,11,12,11,11,12,10,13,14,11,10,11,10,1,2,2,3,3,2,2,3,2,3,3,2,29,29,25,35,36,32,30,31,27,24,26,23,21,23,21,16,18,16,13,15,14,13,15,14,11,13,12,11,13,11,12,14,12,12,13,12,9,10,9,6,7,6,12,13,11,10,11,9,10,11,9,13,14,12,12,13,11,11,12,8,12,12,10,42,43,41,33,34,32,29,32,29,24,26,25,20,23,22,20,23,20,15,18,16,16,19,17,18,20,18,16,18,16,14,16,15,15,17,15,15,16,14,10,11,9,15,16,14,15,16,14,14,15,13,12,13,12,11,13,11,10,11,10,13,14,12,45,47,43,36,38,36,32,35,32,27,30,28,22,25,23,19,22,21,17,20,18,17,19,18,15,17,15,16,18,16,21,23,21,18,19,17,17,19,17,12,14,12,14,15,13,11,12,11,52,53,48,53,55,50,35,40,38,34,38,35,27,31,28,25,28,26,18,21,19,17,19,18,18,20,18,22,24,21,22,23,21,21,23,20,16,18,16,15,17,14,15,16,14,13,15,13,13,14,12,12,12,11,50,53,48,36,39,39,40,43,40,19,22,21,17,19,17,13,15,14,17,18,16,17,19,17,16,17,16,15,16,15,14,16,14,14,15,14,13,14,13
5,6,6,38,39,35,33,33,30,30,31,29,24,26,24,17,19,18,16,18,16,16,17,16,15,16,15,13,15,13,12,13,11,12,13,12,10,11,10,11,12,11,11,12,10,13,13,11,10,11,10,2,2,2,3,3,2,3,3,2,3,3,3,29,29,25,35,36,32,30,31,28,24,25,23,21,23,22,16,18,16,13,15,14,13,15,14,11,13,12,11,13,12,12,14,12,12,13,12,10,11,9,6,7,6,12,13,11,10,11,9,10,11,10,13,13,12,12,13,11,11,12,9,12,12,10,43,44,41,33,34,32,29,32,29,24,26,25,21,24,23,20,22,20,15,18,16,17,18,17,18,20,18,16,18,17,14,16,15,15,17,15,15,16,14,10,11,9,15,16,14,15,16,14,14,15,13,12,14,12,11,13,11,11,11,10,12,13,12,45,47,43,36,38,36,32,35,33,28,30,28,23,25,24,20,22,21,17,20,18,17,19,18,15,17,16,16,18,16,21,23,21,18,19,17,18,19,17,12,14,12,14,15,13,11,12,11,52,53,48,53,56,50,36,39,38,35,38,36,28,31,28,25,28,26,19,21,19,17,19,18,18,20,19,22,24,21,22,23,21,21,23,21,17,18,16,15,16,14,15,16,14,14,15,13,13,14,13,12,13,11,50,53,48,36,40,39,40,43,40,20,22,21,17,19,18,13,15,14,17,18,17,18,19,17,16,17,16,15,16,15,14,16,14,14,16,14,13,14,13
5,6,5,38,39,35,32,33,30,30,31,29,24,26,24,17,19,17,16,18,16,16,18,16,15,16,14,13,15,13,12,13,11,12,13,12,10,11,9,11,12,11,11,12,11,13,13,11,10,11,10,2,2,2,2,3,2,2,3,2,3,3,2,29,29,25,35,36,32,30,31,27,24,25,23,21,23,21,16,18,16,13,15,14,13,15,14,11,13,11,11,13,12,12,14,12,12,13,12,10,11,9,6,7,6,12,13,11,9,10,9,10,11,9,13,13,12,12,13,10,11,12,9,11,12,10,43,44,41,33,34,32,29,32,29,24,26,25,21,24,22,20,23,20,15,18,16,17,18,17,18,20,18,16,18,17,14,16,15,16,17,15,15,16,14,10,11,9,15,16,14,15,16,14,14,15,13,12,13,12,11,13,12,10,11,10,12,14,12,45,46,43,36,38,36,32,35,33,27,30,27,23,25,23,20,22,21,17,20,18,18,19,18,15,17,15,17,18,16,21,23,21,18,19,17,17,19,17,12,14,12,13,15,13,11,12,11,51,53,47,53,55,50,36,39,38,35,38,36,28,31,28,25,28,26,19,21,19,17,19,18,18,20,19,22,24,21,22,23,21,21,23,20,17,18,16,15,16,14,15,16,14,13,15,13,13,14,12,12,13,11,50,53,48,36,39,39,40,43,39,20,22,21,17,19,18,13,15,14,17,18,17,18,19,17,16,17,16,15,16,15,14,16,13,14,16,14,12,14,13
5,6,6,39,40,35,33,33,30,30,31,29,24,26,24,17,19,17,16,18,16,16,17,16,15,16,14,13,15,13,12,13,11,12,13,12,10,11,9,11,12,11,12,12,11,12,14,11,10,11,10,2,2,2,2,3,2,3,3,2,3,3,3,29,29,25,35,37,32,30,31,28,24,26,23,21,23,22,17,18,16,13,15,14,14,15,14,11,13,12,12,13,12,12,14,12,12,13,12,10,11,9,6,6,6,12,13,11,10,11,9,10,11,10,12,13,12,12,14,10,11,12,9,12,12,10,43,44,41,33,34,32,30,32,30,24,27,25,21,24,23,20,23,20,15,18,16,17,18,17,18,20,18,16,18,17,15,16,15,16,17,15,15,16,14,10,11,9,15,16,14,15,16,14,14,15,13,12,13,12,11,13,11,11,11,10,13,13,11,45,46,43,37,38,36,33,35,33,28,30,28,23,25,23,20,22,21,18,20,19,18,19,18,15,17,16,17,18,16,22,23,21,18,19,17,18,19,17,12,14,13,13,15,13,11,12,11,52,53,48,53,56,50,36,39,38,35,38,36,28,31,28,26,28,26,19,21,19,17,19,18,18,21,19,23,24,21,22,23,21,21,23,21,17,18,16,15,16,14,15,16,14,14,15,13,13,14,13,12,13,11,51,53,48,36,40,39,41,43,40,20,22,21,18,19,18,14,15,14,17,18,17,18,19,17,16,18,16,15,17,15,14,16,14,14,15,15,12,14,13
5,6,5,39,40,35,32,33,30,30,31,29,24,26,24,17,19,17,16,18,16,16,17,16,15,16,14,13,15,13,12,13,11,12,13,12,10,11,9,11,12,11,12,12,11,13,14,11,10,11,10,2,2,2,2,3,2,3,3,2,3,3,3,29,29,25,35,36,32,30,31,28,24,25,23,21,23,22,17,18,16,13,15,14,13,15,14,11,13,12,12,13,11,12,14,12,12,13,12,10,11,9,6,6,6,12,13,11,10,10,9,10,11,10,13,13,12,12,13,10,11,12,9,12,12,10,43,44,41,33,34,32,30,32,30,24,26,25,21,23,22,20,23,20,15,18,16,17,18,17,18,20,18,16,18,16,14,16,15,15,17,14,15,16,14,10,11,9,15,16,14,15,16,14,14,15,13,12,13,12,11,13,11,10,11,9,12,13,11,45,46,43,36,38,36,32,35,33,27,30,28,23,25,23,20,22,21,18,20,18,18,19,18,15,17,16,17,18,16,21,23,20,18,19,17,18,19,17,12,14,12,13,15,13,11,12,11,52,53,48,53,56,50,36,39,38,35,38,36,28,31,28,25,28,26,19,21,19,17,19,18,18,20,19,23,24,21,22,23,21,21,23,21,17,18,16,16,16,14,15,16,14,14,15,13,13,14,12,12,13,11,50,53,48,36,40,39,41,43,40,20,22,21,17,19,17,14,15,14,17,18,16,18,19,17,16,17,16,15,16,15,14,16,14,14,15,14,13,14,13
5,6,5,39,40,35,32,33,30,30,31,30,25,26,24,17,19,17,16,17,16,16,17,16,15,16,14,14,15,13,12,13,12,12,13,12,10,11,9,11,12,11,12,12,11,13,13,12,11,11,10,2,2,2,2,3,2,3,3,2,3,3,3,30,29,25,35,36,32,30,31,28,24,25,23,21,23,22,17,18,16,14,15,14,14,15,14,12,13,12,12,13,12,12,14,12,12,13,12,10,11,9,6,6,6,12,13,11,10,10,9,10,11,9,13,13,12,12,13,10,11,12,9,12,12,11,44,44,41,33,34,32,30,32,30,24,26,25,21,23,23,20,23,20,16,17,16,17,18,17,19,20,18,16,18,16,15,16,15,16,17,15,15,16,14,10,11,9,15,16,14,15,16,14,14,15,13,12,13,12,11,13,11,10,11,9,13,13,11,45,46,43,37,38,36,33,35,33,28,30,28,23,25,23,20,22,21,18,20,18,18,19,18,16,17,16,17,18,16,22,23,21,18,20,18,18,19,17,12,13,12,14,14,13,11,12,11,53,53,48,54,56,50,36,39,38,35,38,36,28,31,28,26,28,26,19,21,19,17,19,18,18,21,19,23,24,21,22,24,21,21,23,21,17,18,16,15,16,14,15,16,14,13,15,13,13,14,13,12,13,11,51,53,48,37,40,39,41,43,40,20,22,21,18,19,18,14,15,14,18,18,16,18,19,17,17,17,16,15,16,15,14,16,14,14,15,14,12,14,13
5,6,5,39,40,35,32,33,30,30,31,30,25,26,24,17,19,17,16,17,16,16,17,16,15,16,14,14,15,13,12,13,11,12,13,12,10,11,9,11,12,11,12,12,10,12,13,12,11,11,10,2,2,2,3,3,2,3,3,2,3,3,3,30,29,25,35,36,32,30,31,28,24,25,23,21,23,21,17,18,16,14,15,14,13,15,13,12,13,12,12,13,11,12,14,12,12,13,12,10,11,9,6,6,6,12,13,11,10,10,9,10,11,10,13,13,12,12,13,10,11,11,9,12,12,11,44,44,41,33,34,32,30,32,30,24,26,25,21,23,23,20,23,20,16,18,16,17,18,17,18,20,18,16,18,16,15,16,15,15,17,14,15,16,14,10,11,9,15,16,14,15,16,14,14,15,13,12,13,12,11,12,11,10,11,9,13,13,11,45,46,43,37,38,36,33,35,33,28,29,28,23,25,23,20,22,21,18,20,18,18,19,18,15,17,16,17,18,16,22,23,20,18,20,18,18,19,17,12,13,12,14,15,13,11,12,11,53,53,48,54,56,50,36,39,38,35,38,36,28,31,28,26,28,26,19,21,19,17,19,17,18,20,19,23,24,21,22,24,21,21,23,20,17,18,16,15,16,14,15,16,14,14,15,13,13,14,13,12,13,11,50,53,48,37,40,39,41,43,40,20,22,21,18,19,18,14,15,14,17,18,16,18,19,17,17,17,16,15,16,15,15,15,13,14,15,14,12,14,13
5,6,5,39,39,35,34,33,30,30,31,30,25,26,25,18,19,17,17,17,16,16,17,16,15,16,14,14,15,13,12,13,12,12,13,12,10,11,9,11,12,11,12,12,11,13,13,12,11,11,10,2,2,2,3,3,2,3,3,2,3,3,2,29,29,25,35,36,32,30,31,28,25,25,23,22,23,22,17,18,16,14,15,14,14,15,14,12,13,12,12,13,12,12,14,12,12,13,12,10,11,9,6,7,6,12,13,11,10,10,9,11,11,10,13,13,12,12,13,10,11,11,9,11,12,10,44,44,41,33,34,32,30,32,30,25,27,25,22,23,23,21,22,20,16,17,16,17,18,17,18,20,18,17,18,17,15,16,15,16,17,15,15,16,14,10,11,9,15,16,14,16,16,14,14,15,13,12,13,12,12,12,11,10,11,10,13,13,11,45,47,43,36,38,36,33,35,33,28,30,28,23,25,24,20,22,21,18,20,19,18,19,18,16,17,16,17,18,16,22,23,21,18,19,18,18,19,17,12,13,12,13,14,13,11,12,11,53,53,48,55,56,51,37,39,38,35,38,36,29,31,28,26,28,26,19,21,19,17,19,18,19,20,19,23,24,21,23,23,21,21,23,21,17,18,16,16,16,14,15,16,14,14,15,13,13,14,13,13,12,11,52,53,48,37,40,39,41,43,40,21,22,21,18,19,18,14,15,14,17,18,16,18,19,17,17,17,16,15,16,15,15,16,13,14,15,14,13,14,13
5,6,5,39,40,35,33,33,29,30,31,29,25,26,25,18,19,17,16,17,16,16,17,16,15,16,14,14,15,13,13,13,12,12,13,12,10,11,9,11,12,11,12,12,10,13,13,12,11,11,10,2,2,2,3,3,2,3,3,3,3,3,3,30,29,25,35,36,32,30,31,28,25,25,23,22,23,21,17,18,16,14,15,14,14,15,13,12,13,12,12,13,12,12,14,12,12,13,11,10,10,9,6,6,6,12,13,11,10,10,9,11,11,10,13,13,12,12,13,10,11,11,9,12,12,10,44,44,41,33,34,32,30,31,30,24,26,25,22,23,22,21,22,20,15,17,16,17,18,17,18,20,18,16,18,16,15,16,15,16,17,14,15,16,14,10,10,9,15,16,14,15,16,14,14,15,13,12,13,12,12,12,11,10,11,10,13,13,11,45,46,43,36,38,36,33,34,33,28,30,28,23,25,24,20,22,21,18,20,18,18,19,17,16,17,16,17,18,16,22,23,20,18,19,18,18,19,17,12,13,12,13,14,13,11,12,11,53,53,48,55,55,50,36,39,38,35,38,36,29,31,28,26,28,26,19,21,19,17,19,17,19,20,19,23,24,21,22,23,21,21,23,20,17,18,16,16,17,14,15,16,14,14,15,13,13,14,13,13,12,11,52,53,48,37,40,39,41,43,39,20,22,21,18,19,17,14,15,14,17,18,16,18,19,17,17,17,16,15,16,15,15,15,14,14,15,14,13,14,13
5,6,6,39,40,35,33,33,30,30,31,29,25,26,25,18,19,17,16,17,16,16,17,16,15,16,14,14,15,13,13,13,12,12,13,12,10,11,9,11,12,11,12,12,10,13,13,12,11,11,10,1,2,2,2,3,2,3,3,2,3,3,3,30,29,25,35,36,32,31,31,28,25,26,23,22,23,22,17,18,16,14,15,14,14,15,14,12,13,12,12,13,12,13,14,13,12,13,11,10,10,9,6,7,6,12,13,11,10,10,9,11,11,10,13,13,12,12,13,10,11,11,9,12,12,9,43,43,40,33,34,33,30,32,30,25,27,26,22,23,22,21,22,20,16,17,16,17,18,17,19,20,19,17,18,17,15,16,15,16,17,15,15,16,14,10,11,9,15,16,14,15,16,14,14,15,13,12,13,12,12,12,11,10,11,10,13,13,12,45,46,43,37,38,36,33,35,33,28,29,28,23,25,24,21,22,21,18,20,19,18,19,18,16,17,16,17,18,16,23,23,21,19,19,18,18,19,17,12,13,12,14,14,13,11,12,11,53,53,48,55,56,51,37,39,38,36,38,36,28,31,28,26,28,27,20,21,19,18,19,18,19,20,19,23,24,21,22,23,21,22,23,21,17,18,17,16,17,14,15,16,14,14,15,13,13,14,12,12,13,11,52,53,49,37,40,39,42,43,39,21,22,21,18,19,18,14,15,14,18,18,16,18,19,17,17,17,16,16,16,15,15,16,14,14,15,14,13,14,13
5,6,5,39,40,35,33,33,30,30,31,29,25,26,24,18,19,17,16,17,16,16,17,15,15,16,14,14,15,13,13,13,11,12,13,12,10,11,9,12,12,11,12,12,10,13,13,12,11,11,9,1,2,2,2,3,2,3,2,2,3,3,3,30,29,25,36,36,32,31,31,28,25,25,23,22,23,22,17,18,16,14,15,14,14,15,14,12,13,12,12,13,12,13,14,12,12,13,11,10,10,9,6,6,6,12,13,11,10,10,9,11,11,10,13,13,11,12,13,10,11,11,9,12,12,11,44,44,41,33,34,33,30,32,30,24,26,25,21,23,22,21,22,20,15,17,16,17,18,17,19,20,19,17,18,16,15,16,15,16,17,15,15,16,14,10,11,9,15,16,14,15,16,14,14,15,13,12,13,11,12,12,11,10,11,10,13,13,11,45,46,43,36,38,36,33,34,33,28,29,28,23,25,24,21,22,21,18,20,18,18,19,18,16,17,16,17,18,15,23,23,21,19,19,18,18,19,17,12,13,11,14,14,13,11,12,11,53,53,48,54,55,50,37,39,38,36,38,36,28,31,28,26,28,26,19,21,19,18,19,17,19,20,19,23,24,21,22,23,21,21,23,20,17,18,16,16,16,14,15,16,14,14,15,13,13,14,13,12,12,11,52,53,48,37,40,39,41,43,39,20,22,21,18,19,17,14,15,14,18,18,16,18,19,17,17,17,16,15,16,15,15,16,13,14,15,14,13,14,13
5,6,6,40,40,35,33,33,30,31,31,29,25,26,24,18,19,17,17,17,16,16,17,16,15,16,14,14,15,13,13,13,12,12,13,12,10,11,9,12,12,11,12,12,10,13,13,12,11,11,9,1,2,2,2,3,2,3,2,2,3,3,3,30,29,25,36,36,32,31,31,28,25,25,23,22,23,22,17,18,16,14,15,14,14,15,14,12,13,12,12,13,12,13,14,13,13,13,11,10,11,9,6,6,6,12,13,11,10,10,9,11,11,10,13,13,11,12,13,10,11,11,9,12,11,10,44,44,41,33,34,33,31,32,30,24,26,25,22,23,23,21,22,20,16,17,16,17,18,17,19,20,18,17,18,16,15,16,15,16,17,15,16,16,14,10,11,9,16,16,14,16,16,14,15,15,13,12,13,12,12,12,11,10,11,10,12,13,11,46,46,43,37,38,36,34,35,33,28,29,28,24,25,24,21,22,21,18,20,19,18,19,18,16,17,16,17,18,16,23,23,21,19,19,18,18,19,17,12,13,12,14,14,13,11,12,11,53,53,48,55,55,50,37,39,38,36,38,36,29,31,29,27,28,27,20,21,19,18,19,18,19,20,19,23,24,21,23,23,21,22,23,20,17,18,16,16,16,14,16,16,14,14,15,13,13,14,13,13,12,11,52,53,48,37,40,39,42,43,40,21,22,21,18,19,17,14,15,14,18,18,17,18,19,17,17,17,16,16,16,15,15,16,14,14,15,14,13,14,13
5,6,6,39,40,35,33,33,30,31,31,29,25,26,24,18,19,17,17,17,16,16,17,15,15,16,14,14,15,13,13,13,12,13,13,12,10,11,9,12,12,11,12,12,10,13,13,11,11,11,9,1,2,1,3,3,2,3,3,2,3,3,3,30,29,25,35,36,32,31,31,28,25,25,23,22,23,22,17,18,16,14,15,14,14,15,13,12,13,12,12,13,12,13,14,12,13,13,11,10,10,9,6,6,6,12,12,11,10,10,9,11,11,10,13,13,11,12,13,10,11,11,8,12,12,10,44,43,41,33,34,33,30,32,30,24,26,25,22,23,23,21,22,20,16,17,16,17,18,16,19,20,18,17,18,16,15,16,15,16,17,15,16,16,14,10,11,9,15,16,14,16,16,14,14,15,13,12,13,12,12,12,11,10,11,9,13,13,11,46,46,43,37,38,36,33,34,32,28,29,28,24,25,24,21,22,21,18,20,18,18,19,18,16,17,16,17,17,16,23,23,20,18,19,17,18,19,17,12,13,12,14,14,13,11,12,11,53,53,48,55,55,50,37,39,38,36,38,36,29,31,29,27,28,26,20,21,19,18,19,18,19,20,19,23,24,21,22,23,21,22,23,20,17,18,16,16,16,14,15,15,14,14,14,13,13,14,13,12,12,11,52,53,48,37,40,39,42,43,40,21,22,21,18,19,17,14,15,14,18,18,16,18,18,17,16,17,16,16,16,15,14,15,13,14,15,14,13,13,13
5,6,5,40,39,35,33,33,30,31,31,29,26,26,24,19,19,17,17,17,16,17,17,16,15,16,15,14,15,13,13,13,12,13,13,12,10,11,9,12,12,11,12,12,10,13,13,11,11,11,9,2,2,2,3,3,2,3,3,2,3,3,3,30,29,25,36,36,32,31,31,28,25,25,23,22,23,22,17,18,16,14,15,14,14,15,13,12,13,12,13,13,12,13,14,13,13,13,12,10,10,9,6,6,6,12,13,11,10,10,9,11,11,9,13,13,11,13,13,11,11,11,8,12,11,10,44,43,41,34,34,33,31,32,30,25,26,25,22,23,23,21,22,21,16,17,16,17,18,17,19,20,18,17,18,17,15,16,15,16,17,15,16,16,14,11,11,9,16,16,14,16,16,14,15,15,13,12,13,12,12,12,11,10,11,10,13,13,11,46,46,44,37,38,36,34,35,33,29,30,28,24,25,24,21,22,21,18,20,18,19,19,18,16,17,16,17,18,16,23,23,21,19,19,18,19,19,17,12,13,12,14,14,13,11,12,11,53,53,48,55,56,51,38,39,38,37,38,36,29,31,29,27,28,27,20,21,19,18,19,18,19,20,19,24,24,21,23,23,21,22,23,20,18,18,16,16,16,14,16,16,14,14,15,13,13,14,13,12,12,11,53,53,49,38,40,40,43,43,40,21,22,21,18,19,17,14,15,14,18,18,16,18,19,17,17,17,16,16,16,15,15,15,14,14,15,14,13,13,13
5,6,5,40,39,35,33,33,30,31,31,29,26,26,24,19,19,17,17,17,16,17,17,15,16,16,15,14,15,13,13,13,12,13,13,12,10,11,9,12,12,11,12,12,10,13,13,11,11,11,9,2,2,2,2,3,2,3,3,3,3,3,2,30,29,25,36,36,32,31,31,28,25,25,23,22,23,22,17,18,16,14,15,14,14,15,13,12,13,12,13,13,12,13,14,12,13,13,12,10,10,9,6,6,6,12,12,10,10,10,9,11,11,9,13,13,11,13,12,11,11,11,8,13,11,10,44,43,41,34,34,33,31,32,30,25,26,25,22,23,23,21,22,21,16,17,16,17,18,16,19,20,18,17,18,16,15,16,15,16,17,15,16,16,14,11,11,10,15,16,14,16,16,14,15,15,13,12,13,11,12,12,11,10,11,9,13,13,11,46,46,43,37,38,36,34,34,33,29,30,28,24,25,24,21,22,21,18,20,18,19,19,18,16,17,16,18,18,16,23,23,21,18,19,18,18,19,17,12,13,11,14,14,12,11,12,11,53,53,48,55,56,51,37,39,38,36,38,36,29,31,28,27,28,26,20,21,19,18,19,17,19,20,19,23,24,21,23,23,21,22,22,20,17,18,16,16,16,14,15,15,14,14,14,13,13,14,12,12,12,11,53,53,48,38,40,40,42,43,40,21,22,21,18,19,17,14,15,14,18,18,16,18,19,17,17,17,16,15,16,15,14,15,14,14,15,14,13,13,12
5,6,5,40,39,35,34,33,30,31,31,29,26,26,24,19,19,18,17,17,16,17,17,16,16,16,15,14,15,13,13,13,12,13,13,12,10,11,9,12,12,11,12,12,10,13,13,11,11,11,9,2,2,2,3,3,2,3,3,2,3,3,2,30,29,25,36,36,32,31,31,28,25,25,24,23,23,22,17,18,16,14,15,14,14,15,13,12,13,12,13,13,12,13,14,12,13,13,12,10,10,9,6,6,6,12,12,11,10,10,9,11,11,9,13,13,11,13,12,11,11,11,8,12,12,10,45,44,41,34,34,33,31,32,30,25,26,25,22,23,23,21,22,21,16,17,16,18,18,17,19,20,19,17,18,17,15,16,15,16,17,15,16,16,14,11,11,10,16,16,14,16,16,13,15,15,13,12,13,12,12,12,11,11,11,10,12,12,11,47,46,44,37,38,36,34,35,33,29,30,28,24,25,24,21,22,21,19,20,18,19,19,18,16,17,16,18,18,16,23,23,21,19,19,18,19,19,17,13,13,12,14,14,12,11,12,11,53,53,48,55,56,51,38,39,38,37,37,36,29,31,29,27,28,26,20,21,19,18,19,18,19,20,19,24,24,21,23,23,21,22,23,21,18,18,17,16,16,14,16,16,14,14,14,13,13,14,12,12,12,11,53,53,49,38,40,40,43,43,40,21,22,21,18,19,17,14,15,14,18,18,16,19,19,17,17,17,16,16,16,15,15,15,14,14,15,14,13,13,13
5,6,5,40,39,35,34,32,30,31,31,29,26,27,24,19,19,17,17,17,16,17,17,16,16,16,15,14,14,13,13,13,12,13,13,12,10,11,9,12,12,10,12,12,10,13,13,11,11,11,9,2,2,1,3,3,2,3,3,2,3,3,2,30,29,25,36,35,32,31,31,28,25,25,23,22,23,21,17,18,16,14,15,14,14,15,13,12,13,12,13,13,12,13,13,12,13,13,11,10,10,9,6,6,6,12,12,11,10,10,9,11,11,10,13,13,11,13,13,10,11,11,8,12,12,10,44,43,41,34,34,33,31,32,30,25,26,25,22,23,23,21,22,21,16,17,16,17,18,17,19,20,18,17,18,16,15,16,15,16,17,15,16,16,14,10,10,9,16,16,14,15,16,14,15,15,13,12,13,12,12,12,11,11,11,10,13,13,11,47,46,44,37,38,36,34,35,33,29,29,28,24,24,24,21,22,21,19,19,18,19,19,18,16,17,16,18,18,16,23,23,20,19,19,18,19,19,17,13,13,12,14,14,12,11,12,11,53,53,48,55,56,51,37,39,38,37,37,36,29,31,28,27,28,26,20,21,19,18,19,17,19,20,19,23,24,21,23,23,21,22,23,20,18,18,16,16,16,14,15,15,14,14,14,13,13,14,12,12,12,11,52,53,48,38,40,40,42,43,40,21,22,21,18,19,17,14,15,14,18,18,16,19,19,17,17,17,15,15,16,15,15,15,14,14,15,14,13,13,12
5,6,5,40,39,35,33,32,30,31,31,30,26,26,24,19,19,18,17,17,16,17,17,16,16,16,15,14,15,13,14,13,12,13,13,12,11,11,10,12,12,10,12,12,10,13,13,12,11,11,9,2,2,1,3,3,2,3,3,2,3,3,2,30,29,25,36,35,32,31,31,28,26,25,24,23,23,22,18,18,16,15,15,14,14,14,13,13,13,12,13,13,12,13,13,12,13,13,12,10,10,9,6,6,6,12,12,11,10,10,9,11,11,9,13,13,11,13,13,10,11,11,8,12,12,10,45,43,41,34,34,33,31,32,30,26,26,25,22,23,23,21,22,21,16,17,16,18,18,17,19,20,18,17,18,17,15,16,15,16,17,15,16,16,14,11,11,9,16,16,14,16,16,14,15,15,13,12,13,12,12,12,11,11,11,9,13,13,11,47,46,44,37,38,37,34,35,34,29,29,29,24,24,24,21,22,21,19,20,18,19,19,18,16,17,16,18,18,16,23,23,21,19,19,18,19,19,17,13,13,11,14,14,12,11,12,11,54,53,48,56,56,51,38,39,39,37,37,36,30,31,29,27,28,26,20,20,19,18,19,18,20,20,19,24,24,21,23,23,21,23,23,20,18,18,17,16,16,14,16,15,14,14,14,13,14,14,13,12,12,11,53,53,48,38,40,40,43,43,40,21,22,21,18,19,17,14,15,14,19,18,16,19,19,17,17,16,15,16,16,15,15,15,14,15,15,14,14,14,13
5,6,5,40,39,34,33,32,29,31,31,29,26,26,24,19,19,17,17,17,16,17,17,16,16,16,14,14,14,13,13,13,12,13,13,12,10,11,9,12,12,10,12,12,10,13,13,11,11,11,9,2,2,1,3,3,2,3,3,2,3,3,2,30,28,24,36,35,32,31,31,28,26,25,23,23,23,22,18,18,16,14,15,14,14,14,13,13,12,12,13,13,12,13,13,12,13,13,12,10,10,9,6,6,6,12,12,10,10,10,9,11,11,9,13,13,11,13,12,10,12,11,8,12,11,10,45,43,41,34,34,33,31,31,30,26,26,25,22,23,22,21,22,21,16,17,16,18,18,17,19,20,18,17,18,16,15,16,15,16,16,14,16,15,14,11,10,9,16,15,14,15,16,14,14,15,13,12,13,12,11,12,11,10,11,9,12,12,11,47,46,43,37,38,36,34,34,33,30,29,28,24,25,24,21,22,21,19,19,19,19,19,18,16,16,15,17,17,15,23,23,20,19,19,18,19,19,17,13,13,11,14,14,13,11,12,10,53,52,48,55,55,51,38,39,38,37,37,36,30,30,29,27,28,26,20,20,19,18,19,17,20,20,18,24,24,21,23,23,21,23,22,20,18,18,16,16,16,14,16,15,14,14,14,13,14,13,12,12,12,11,53,53,48,38,40,40,42,43,40,21,22,21,18,19,17,14,15,14,18,18,16,19,18,17,17,17,15,16,16,15,15,15,13,15,15,14,13,13,12
6,6,5,40,39,35,34,32,30,31,31,30,26,27,24,19,19,17,17,17,16,17,17,16,16,16,14,14,15,13,13,13,12,13,13,12,11,11,9,12,12,11,12,12,10,13,13,11,11,11,9,2,2,1,3,3,2,3,3,2,3,3,2,30,29,25,37,35,32,31,31,28,26,25,24,23,23,22,18,18,16,15,15,14,14,15,13,13,12,12,13,13,12,13,13,12,13,13,12,11,10,9,6,6,6,12,12,11,10,10,9,11,11,9,14,13,11,13,13,10,11,11,8,12,11,10,45,43,41,34,34,33,31,31,30,26,26,25,22,23,22,21,22,21,16,17,16,18,18,17,19,20,18,17,18,17,15,16,15,17,16,15,16,16,14,11,11,9,16,16,14,15,16,14,15,15,13,12,13,11,12,12,11,11,11,9,13,13,11,47,46,44,38,38,37,34,34,33,30,29,28,24,25,24,21,22,21,19,20,19,19,19,17,16,16,15,18,17,16,23,23,21,19,19,18,19,19,17,13,13,12,14,14,13,11,12,11,54,52,48,56,55,51,38,39,38,37,37,36,30,31,29,27,28,26,20,21,19,18,18,18,20,20,19,24,24,21,23,23,21,23,22,20,18,18,16,16,16,14,16,15,14,14,14,13,14,14,13,12,12,11,53,53,49,38,39,39,43,43,40,21,22,21,19,19,17,14,15,14,18,18,16,19,19,17,17,17,15,16,16,15,15,15,13,15,15,14,13,13,12
6,6,5,40,39,35,34,32,30,31,31,29,26,26,24,19,19,17,17,17,16,17,17,16,16,16,14,14,14,13,13,13,12,13,13,12,11,11,9,12,12,10,12,12,10,13,13,11,11,11,9,2,2,2,3,3,2,3,3,2,3,3,2,30,29,25,37,35,32,31,31,28,26,25,24,23,23,22,18,18,16,14,15,14,14,14,13,12,12,11,13,13,12,13,13,12,13,13,12,10,10,9,6,6,6,12,12,10,10,10,9,11,11,9,14,13,11,13,13,10,11,11,8,12,12,10,45,43,41,34,34,33,31,31,30,25,26,25,22,23,22,21,22,21,16,17,16,18,18,16,19,20,18,17,18,16,15,16,15,17,16,15,16,16,14,11,11,9,16,15,14,15,15,13,15,14,13,12,13,11,12,12,11,11,11,9,12,12,10,46,46,43,37,38,36,34,34,33,30,29,27,24,25,24,21,22,21,19,19,18,19,19,18,16,16,15,17,17,16,23,23,20,19,19,18,19,19,17,13,13,11,14,14,12,11,12,10,53,52,47,56,55,50,38,39,38,37,37,36,30,30,29,27,28,26,20,20,19,18,18,17,20,20,19,24,24,21,23,23,21,23,22,20,18,18,16,16,16,14,16,15,14,14,14,13,14,14,12,12,12,11,53,52,49,38,39,39,43,43,40,21,22,21,19,19,17,14,15,14,18,18,16,19,19,17,17,17,15,16,16,15,15,15,13,14,15,14,13,13,12
6,6,6,40,39,35,34,32,30,32,31,29,26,26,24,19,19,17,17,17,16,17,17,16,16,16,14,15,15,13,14,13,12,13,13,12,11,11,9,12,12,11,12,12,10,13,13,12,11,11,9,2,2,1,3,3,2,3,3,2,3,3,2,30,28,25,37,35,32,31,30,28,26,25,24,23,23,22,18,18,16,15,15,14,15,15,14,13,13,12,13,13,12,13,14,12,13,13,12,11,10,9,6,6,6,13,12,11,10,10,9,11,11,10,13,13,11,13,13,10,11,11,9,12,11,9,45,43,41,34,34,33,31,31,30,26,26,26,22,23,22,21,22,21,16,17,16,18,18,17,20,20,18,17,18,16,16,16,15,17,16,15,16,16,14,11,10,10,16,16,14,16,15,14,15,14,13,13,13,12,12,12,11,11,11,9,12,12,11,47,46,44,38,38,36,35,34,34,30,29,28,24,25,24,22,22,21,19,19,19,19,19,18,16,17,16,18,17,16,23,23,21,19,19,18,19,19,17,13,13,12,14,14,12,11,12,11,54,52,48,56,55,51,38,39,38,37,38,36,30,31,29,28,28,26,20,20,19,18,18,18,20,20,19,24,24,21,23,23,21,23,22,20,18,18,16,16,16,14,16,15,14,14,14,13,14,14,13,12,12,11,53,52,49,38,39,40,44,43,40,21,22,21,19,19,17,14,15,14,18,18,16,19,18,17,17,16,15,16,16,15,15,15,13,15,15,14,13,13,12
6,6,6,40,39,35,34,32,30,31,30,29,26,26,24,19,19,17,17,17,16,17,17,16,16,16,14,14,14,13,14,13,12,13,13,12,11,11,9,12,12,11,12,12,10,13,13,11,11,11,9,1,2,1,3,3,2,3,3,2,3,3,3,30,28,25,36,35,32,31,30,28,25,25,23,23,23,22,18,18,16,15,15,14,15,15,13,13,12,12,13,13,11,13,13,12,13,13,11,11,10,9,6,6,6,12,12,11,10,10,9,11,11,9,13,13,11,13,13,10,12,11,9,12,11,9,45,43,41,34,34,32,31,31,30,26,26,25,22,23,22,21,22,21,16,17,16,18,18,17,19,20,18,17,18,16,15,16,15,17,16,15,16,16,14,10,10,10,16,15,14,16,15,14,15,14,13,13,13,12,12,12,11,11,11,9,13,13,11,47,46,43,37,38,36,35,34,34,30,29,28,24,24,24,21,22,21,19,19,18,19,19,18,16,16,15,18,17,16,23,22,20,19,19,18,19,19,17,13,13,11,14,14,12,11,12,10,53,52,47,56,55,50,38,39,38,37,38,36,30,30,29,27,28,26,20,20,19,18,18,17,20,20,19,24,24,21,23,23,21,23,22,20,18,18,16,16,16,14,16,15,14,14,14,13,14,14,13,12,12,11,53,52,48,38,39,39,44,43,40,21,22,21,19,19,17,14,15,14,18,18,16,19,18,17,17,17,15,15,15,14,15,15,12,15,15,14,13,13,12
6,6,5,41,38,34,34,33,29,32,30,29,26,26,24,19,18,17,17,17,16,17,17,15,16,16,14,14,14,13,13,13,12,13,13,12,11,11,9,12,12,10,12,12,10,13,13,12,11,11,9,2,2,1,3,3,2,3,3,2,3,3,3,30,28,25,37,35,32,31,31,28,25,25,23,23,23,21,18,17,16,15,15,14,14,14,13,13,12,12,13,12,11,13,13,12,13,13,11,11,10,9,6,6,6,12,12,10,10,10,9,11,11,9,14,13,11,13,13,10,11,11,8,12,11,10,44,43,41,34,34,32,31,31,30,26,26,25,22,23,22,22,22,20,16,17,16,18,18,16,20,20,18,18,17,16,16,16,14,17,16,15,16,16,14,11,10,9,16,15,14,16,16,13,15,14,13,12,13,11,12,12,11,11,11,9,13,13,11,47,46,43,38,37,37,34,34,34,30,29,28,25,25,23,22,22,20,20,19,18,19,18,17,17,16,16,18,17,15,23,22,21,19,19,18,19,19,17,13,13,11,14,14,13,12,12,11,54,52,48,56,55,49,39,39,38,37,37,36,31,30,29,27,27,26,20,20,19,18,18,17,20,20,19,24,23,21,23,23,21,23,22,20,18,18,16,16,15,14,16,15,13,14,14,13,13,14,12,13,12,11,53,52,48,38,39,39,43,43,40,22,21,21,19,19,17,15,14,14,18,18,16,19,18,16,17,16,15,16,15,15,15,15,13,15,14,13,14,13,12
6,6,5,41,38,34,34,33,29,32,30,29,26,26,24,19,18,17,17,17,16,17,17,15,16,16,14,14,14,13,13,13,12,13,13,11,11,11,9,12,12,10,12,12,10,14,13,11,11,11,9,2,2,1,3,3,2,3,3,2,3,3,3,30,28,25,37,35,32,31,31,28,25,25,23,23,23,21,18,17,16,15,15,13,14,14,13,13,12,12,13,12,11,14,14,12,13,13,11,11,10,9,6,6,6,12,12,10,10,10,9,11,11,9,14,13,11,13,13,10,12,10,8,12,11,10,44,43,41,34,34,32,31,31,30,26,26,25,22,23,22,22,22,20,16,17,16,18,18,16,20,20,18,18,17,16,16,16,15,17,16,14,16,15,14,11,10,9,16,15,14,16,15,14,15,14,13,13,13,11,12,12,11,11,11,9,13,13,11,47,45,43,39,37,37,34,34,34,30,29,28,25,25,23,22,22,20,20,19,18,19,18,17,17,16,16,18,17,15,23,22,20,19,19,18,19,19,16,13,13,11,14,14,13,11,12,11,54,52,48,56,55,49,39,39,38,37,37,36,31,30,29,27,27,26,20,20,19,18,18,17,20,20,19,24,23,21,23,23,21,23,23,20,18,18,16,16,15,15,16,15,13,14,14,13,13,14,12,13,12,11,53,52,48,38,39,39,43,43,40,22,21,21,19,19,17,15,14,14,18,18,16,19,18,16,17,16,15,16,16,15,15,15,13,15,14,13,13,13,12
6,6,5,41,38,34,34,32,30,32,30,29,27,26,24,19,19,17,17,17,16,17,16,15,16,16,14,14,14,13,14,13,12,13,13,12,11,11,9,12,12,11,12,12,10,14,13,12,11,11,9,2,2,1,3,3,2,3,3,2,3,3,3,30,28,25,37,36,32,31,31,28,26,25,23,23,23,21,18,17,16,15,15,13,14,15,14,13,12,12,13,13,12,13,13,12,13,13,11,11,10,9,6,6,6,13,12,11,10,10,9,11,11,9,14,13,12,13,13,10,12,10,9,13,12,10,45,43,41,34,34,32,32,31,30,26,26,25,23,23,22,22,22,21,17,17,16,18,18,17,20,20,18,18,18,16,16,16,15,17,17,15,16,16,14,11,10,9,16,15,14,16,15,14,15,14,13,13,13,11,12,12,11,11,11,9,13,13,11,47,45,43,39,38,37,34,34,34,30,29,28,25,25,23,22,22,21,20,19,18,19,19,17,17,16,16,18,17,16,23,22,21,19,19,18,19,19,17,13,13,12,14,14,13,12,12,11,54,52,48,56,55,49,39,39,38,38,37,36,31,30,29,27,27,26,20,20,19,18,18,17,20,20,19,24,23,21,23,23,21,23,23,20,18,18,16,16,15,15,16,15,13,14,14,13,14,14,12,13,12,11,53,52,48,39,39,40,44,43,40,22,22,21,19,19,17,15,15,14,18,18,16,19,18,16,17,16,15,16,16,15,15,15,13,15,14,14,14,13,12
6,6,5,40,38,34,34,32,30,32,30,29,26,26,24,19,18,17,17,17,16,17,16,15,16,16,14,14,14,13,13,13,12,13,13,11,11,10,9,12,12,10,12,12,10,13,13,11,11,11,9,2,2,1,3,3,2,3,3,2,3,3,2,30,28,25,37,35,32,31,31,28,26,25,23,23,23,21,18,17,16,15,15,13,14,14,14,13,12,11,13,12,11,13,13,12,13,13,11,11,10,9,6,6,6,13,12,11,10,10,9,11,11,9,13,13,11,13,13,10,11,10,8,12,11,10,45,42,41,34,34,32,31,31,30,26,26,25,23,23,22,22,22,21,16,17,16,18,18,16,20,19,18,18,17,16,16,16,15,17,16,15,16,15,14,11,10,9,16,15,13,16,15,14,15,14,13,13,13,11,12,12,11,11,11,9,13,13,11,47,46,43,38,37,36,34,34,33,30,29,28,25,24,23,22,22,21,20,19,18,18,19,17,17,16,15,18,17,16,23,22,20,19,19,18,19,19,17,13,13,11,14,14,12,12,12,11,54,52,48,56,55,49,39,39,38,37,37,36,31,31,28,27,27,26,20,20,19,18,18,17,20,20,19,24,23,21,23,23,21,23,22,20,18,18,16,16,16,14,16,15,14,14,14,13,14,14,12,13,12,11,53,52,48,38,39,39,43,43,40,22,22,21,19,19,17,15,14,14,18,18,16,19,18,16,17,16,15,15,15,14,15,15,13,15,14,14,13,13,11
6,6,5,41,39,34,34,32,30,32,30,29,27,26,24,19,18,17,17,17,16,17,17,15,16,16,14,15,14,13,13,13,12,13,13,12,11,11,9,12,12,11,12,12,10,13,13,11,11,11,9,2,2,1,3,3,2,3,3,2,3,3,3,30,28,25,37,35,32,31,31,28,26,25,23,23,23,21,18,17,16,15,15,13,15,15,14,13,12,12,13,13,11,13,13,12,13,13,12,11,10,9,6,6,6,13,12,11,10,10,9,11,11,9,14,13,11,13,13,10,12,11,9,12,12,9,45,43,41,34,34,32,32,31,30,25,26,25,23,23,22,22,22,21,17,17,16,18,18,17,20,20,18,18,18,16,16,16,15,17,16,15,16,16,14,11,10,9,16,15,14,16,15,14,15,14,13,13,13,11,12,12,11,11,11,9,13,13,11,47,46,43,38,37,36,34,34,33,30,29,28,25,25,23,22,22,21,20,19,18,19,19,17,17,16,15,18,17,16,23,22,20,19,19,18,19,19,17,13,13,12,14,14,13,12,12,11,54,52,48,56,55,49,39,39,38,37,37,36,31,30,28,27,27,26,20,20,19,18,18,17,20,20,19,24,23,21,23,23,22,23,23,20,18,18,16,16,16,14,16,15,14,15,14,13,14,14,13,13,12,11,53,52,48,39,39,39,44,43,40,22,22,21,19,19,17,15,14,14,18,18,16,19,18,16,17,16,15,16,16,15,15,15,13,15,15,14,13,13,12
6,6,5,40,38,34,34,32,30,32,30,29,27,26,24,19,18,17,17,17,16,17,17,15,16,16,14,15,14,13,13,13,12,13,13,12,11,10,9,12,12,10,12,12,10,13,13,11,11,11,9,2,2,1,3,3,2,3,3,2,3,3,3,30,28,24,36,35,32,31,31,28,25,25,23,23,23,21,18,17,16,15,15,13,15,15,14,13,12,12,13,12,11,13,13,12,13,13,12,10,10,9,6,6,6,13,12,10,10,10,9,11,10,9,13,13,11,13,13,10,11,11,9,12,12,9,45,43,41,34,34,32,32,31,30,25,26,25,23,23,22,22,22,20,16,17,16,18,18,17,20,19,18,18,17,16,16,16,14,17,16,15,16,15,14,11,10,9,16,15,14,16,15,13,15,14,13,13,13,11,12,12,11,11,11,9,13,12,11,47,45,43,38,37,36,34,34,33,30,29,27,25,24,23,22,22,20,20,19,18,19,19,17,17,16,15,18,17,15,23,22,20,19,19,18,19,19,17,13,13,11,14,14,13,11,12,10,53,52,48,55,54,49,39,39,37,37,37,36,31,30,28,27,27,26,20,20,19,18,18,17,20,20,19,24,23,21,23,23,21,23,22,20,18,18,16,16,16,14,16,15,13,14,14,13,14,14,12,12,12,11,53,52,47,38,39,39,43,42,40,22,22,21,19,18,17,14,14,14,18,18,16,19,18,16,17,17,15,16,16,15,15,15,13,15,15,14,14,13,12
6,6,5,40,38,34,34,32,30,32,31,29,27,26,24,19,19,17,17,17,16,17,17,15,16,16,14,15,14,13,14,13,12,13,13,12,11,10,9,12,12,10,12,12,10,13,13,11,11,11,10,2,2,1,3,3,2,3,3,2,3,3,3,31,28,25,37,35,32,31,31,28,26,25,23,23,23,22,18,18,16,15,15,13,15,15,14,13,12,12,13,12,11,13,14,12,13,13,12,11,10,9,6,6,6,13,12,11,10,10,9,11,11,9,14,13,11,13,13,10,11,11,9,12,12,10,45,43,41,34,34,32,32,31,30,26,26,25,23,23,22,22,22,20,17,17,16,18,18,17,20,19,18,18,17,16,16,16,15,17,16,15,16,15,14,11,10,9,16,16,14,16,15,13,15,14,13,13,13,11,12,12,11,11,11,9,14,13,11,47,46,43,38,37,36,34,34,34,30,29,28,25,24,23,22,22,21,20,19,18,19,19,17,17,16,15,18,17,15,23,22,21,19,19,18,19,19,17,13,13,12,14,14,13,12,12,11,54,52,48,56,55,49,39,39,38,37,37,36,31,30,29,27,27,26,20,20,19,18,18,17,20,20,19,24,23,21,23,23,21,23,23,20,18,18,16,16,16,14,16,15,13,15,14,13,14,14,12,13,12,11,53,53,48,39,39,39,44,43,40,22,21,21,19,19,17,15,15,14,19,18,16,19,18,16,17,17,15,16,16,14,15,15,14,15,15,14,14,13,11
6,6,5,40,38,34,34,32,30,32,30,29,26,26,24,19,18,17,17,17,16,17,17,15,16,16,14,15,14,13,14,13,11,13,13,11,11,10,9,12,12,10,12,12,10,13,13,11,11,10,9,2,2,1,3,3,2,3,3,2,3,3,3,30,28,24,36,35,32,31,30,28,26,25,23,23,23,21,18,17,16,15,15,13,15,15,14,13,12,11,13,12,11,13,13,12,13,13,11,10,10,9,6,6,6,13,12,10,10,10,9,11,11,9,14,13,11,13,13,10,11,11,9,13,11,10,45,43,41,34,34,32,32,31,30,25,26,25,23,23,22,22,22,20,16,17,16,18,18,17,20,19,18,17,17,16,16,16,15,17,16,15,16,15,14,11,10,9,16,15,14,16,15,13,15,14,13,13,13,11,12,12,11,11,11,10,13,13,11,47,45,43,38,37,37,34,34,33,29,29,28,24,24,23,22,22,21,20,19,18,19,18,17,17,16,15,18,17,15,23,22,20,19,19,18,19,18,17,13,13,12,14,14,12,11,12,10,53,52,48,56,55,49,39,38,37,37,37,36,31,30,28,27,27,26,20,20,19,18,18,17,20,20,19,24,23,21,23,23,21,23,22,20,18,18,16,16,16,14,16,15,13,15,14,13,14,14,12,13,12,11,53,53,48,38,39,39,43,42,40,22,21,21,19,19,17,15,14,14,19,18,16,19,18,16,17,17,15,16,16,15,15,15,14,15,15,14,14,13,11
6,6,5,40,38,34,34,32,30,32,31,29,26,26,24,19,18,17,17,17,16,17,16,15,16,16,14,15,14,13,14,13,12,13,13,11,11,11,9,12,12,10,12,12,10,13,13,11,11,11,10,2,2,1,3,3,2,3,3,2,3,3,3,31,28,25,36,35,32,31,31,28,26,25,23,23,23,22,18,18,16,15,15,14,15,15,14,13,12,11,13,13,11,13,13,12,13,13,11,11,10,9,7,6,6,13,12,10,10,10,9,11,11,9,14,13,11,13,13,11,12,11,9,12,11,10,45,43,41,34,34,32,32,31,30,26,26,25,23,23,22,22,22,21,16,17,16,18,18,17,20,19,18,17,17,16,16,16,15,17,16,15,16,15,14,11,10,9,16,16,14,16,15,14,15,14,13,13,13,11,12,12,11,11,11,10,14,13,11,47,46,44,38,37,36,34,34,34,29,29,28,25,24,24,22,22,21,19,19,18,19,18,17,17,16,15,18,17,15,23,22,20,19,19,18,19,18,17,13,13,12,14,14,13,12,12,11,54,52,48,56,55,49,39,39,37,37,37,36,31,31,29,27,28,26,20,20,19,18,18,17,20,20,19,24,23,21,23,23,21,23,22,20,18,18,16,16,16,14,16,15,13,15,14,13,14,14,12,13,12,11,53,53,48,38,39,39,43,42,40,22,21,21,19,19,17,15,15,14,19,18,16,19,18,16,17,17,15,16,16,15,15,15,14,15,15,14,13,13,11
6,6,5,40,38,34,33,32,30,32,30,29,26,26,24,19,18,17,17,17,15,17,16,15,16,15,14,14,14,13,13,13,12,13,13,11,11,11,9,12,12,10,12,11,10,13,13,11,11,11,9,2,2,1,3,3,2,3,3,2,3,3,3,30,28,24,36,35,32,31,30,28,25,25,23,23,23,21,18,17,16,15,15,13,14,15,14,12,12,11,13,13,11,13,13,12,13,13,11,11,10,9,7,6,6,12,12,10,10,10,9,11,10,9,14,13,12,14,13,11,12,12,9,12,11,10,45,43,41,34,34,32,32,31,30,25,26,25,23,23,22,22,22,20,16,17,16,18,18,16,19,19,18,18,17,16,16,16,15,17,16,15,16,15,14,11,10,9,16,16,14,16,15,13,15,14,13,13,13,11,12,12,11,11,11,9,13,13,11,47,45,43,38,37,36,34,34,33,29,29,27,24,24,23,22,21,20,19,19,18,18,18,17,17,16,15,18,17,15,23,22,20,19,19,18,19,18,17,13,13,11,14,14,12,12,12,11,53,52,48,56,55,49,39,39,37,37,37,36,31,30,28,27,28,25,20,20,19,18,18,17,20,20,19,24,22,20,23,23,21,23,22,20,18,18,16,16,16,14,16,15,13,15,14,13,14,14,12,12,12,11,53,53,48,38,39,39,43,42,40,22,21,21,19,18,17,15,14,14,18,18,16,19,18,16,17,17,15,16,16,15,15,15,14,15,15,14,13,13,11
6,6,5,40,38,34,34,32,30,32,30,29,26,26,24,19,18,17,17,17,15,17,16,15,16,15,14,14,14,13,14,13,12,13,13,12,11,11,9,12,12,11,12,12,10,13,13,11,11,11,9,2,2,1,3,3,2,3,3,2,3,3,3,31,28,25,36,35,32,31,30,28,26,25,23,23,23,21,18,17,16,15,15,14,14,14,14,12,12,11,13,12,11,13,13,12,13,13,11,11,10,9,7,6,6,13,12,10,10,10,9,11,11,9,14,13,12,13,13,11,12,11,9,12,11,10,45,43,41,34,34,31,32,31,31,26,26,25,23,23,22,22,22,20,16,17,16,18,18,17,20,19,18,18,17,16,16,16,15,17,16,15,16,15,14,11,10,9,16,15,14,16,15,14,15,14,13,13,13,11,12,12,11,11,11,10,13,13,11,47,45,43,38,37,37,35,34,34,29,29,28,24,24,23,22,21,20,20,19,18,18,18,17,17,16,15,18,17,15,23,22,20,19,19,18,19,18,17,13,13,12,14,14,12,12,12,11,54,52,48,56,55,49,39,39,37,37,37,36,31,30,28,27,28,25,20,20,19,18,18,17,20,20,19,24,23,21,23,22,21,23,22,20,18,18,16,16,16,14,16,15,14,15,14,13,14,14,13,13,12,11,53,53,48,38,39,39,44,43,41,22,21,21,19,18,17,15,15,14,19,18,16,19,18,16,17,17,15,16,16,15,15,15,14,15,15,13,13,13,12
6,6,5,40,38,34,33,32,29,31,30,29,26,26,24,19,18,17,17,17,15,17,16,15,16,15,14,14,14,12,13,13,11,13,13,11,11,11,9,12,12,10,12,12,10,13,13,11,11,10,9,2,2,1,3,3,2,3,3,2,3,3,3,30,28,25,36,35,32,31,30,27,25,25,23,23,23,21,18,17,16,15,15,13,14,14,13,12,12,11,13,12,11,13,13,12,13,12,11,10,10,9,7,6,6,12,12,10,10,10,9,11,10,9,14,13,12,13,13,10,12,11,9,12,11,9,45,42,41,34,34,32,31,31,30,25,26,25,22,23,22,22,22,20,16,17,16,18,18,16,19,19,18,18,17,16,16,16,15,17,16,14,16,15,14,11,10,9,16,15,14,16,15,14,15,14,13,13,13,11,12,12,11,11,11,10,13,13,11,47,45,43,38,37,36,35,34,33,29,29,28,24,24,23,22,21,20,19,19,18,18,18,17,17,16,15,18,17,15,23,22,20,19,19,18,19,18,16,13,13,11,14,14,12,12,12,11,54,52,48,56,55,49,39,39,37,37,37,36,30,30,28,27,28,25,20,20,19,18,18,17,20,19,19,24,22,20,23,22,20,23,22,20,18,17,16,16,16,14,16,15,14,15,14,13,14,14,12,12,12,11,53,53,48,38,39,39,43,42,40,22,21,21,19,18,17,15,15,14,18,18,16,19,18,16,17,16,15,16,16,15,15,15,14,15,15,14,13,13,12
6,6,5,82,35,36,81,29,32,28,54,37,18,25,83,56,17,20,11,41,23,11,15,58,51,13,15,10,36,18,8,11,69,56,11,13,6,36,19,7,10,63,48,10,12,9,31,19,8,10,43,101,1,5,1,52,10,0,1,81,81,2,5,33,49,35,31,36,101,68,28,36,24,53,35,17,22,79,54,16,21,12,45,25,8,16,73,48,11,22,13,38,23,6,15,85,41,13,24,15,32,18,3,7,66,58,11,14,8,32,18,7,10,53,60,11,14,12,37,22,9,12,59,46,11,16,36,82,57,20,34,150,103,29,39,22,73,41,12,23,120,79,18,29,12,60,33,10,16,100,72,16,26,11,59,35,8,16,102,57,14,23,15,36,22,7,12,39,79,11,16,9,54,24,6,12,96,52,12,17,11,43,23,6,12,74,55,12,15,41,93,65,25,37,155,118,31,44,26,74,48,12,25,144,97,19,32,13,60,38,11,19,97,81,15,24,12,60,36,15,19,57,95,16,24,12,59,33,7,13,110,92,10,20,11,60,25,31,47,171,105,50,58,32,101,69,20,36,149,113,28,41,19,79,49,10,20,135,93,15,28,11,73,40,12,20,87,74,20,29,13,62,36,6,14,109,112,12,20,14,42,26,7,14,102,66,11,20,7,55,20,31,46,170,143,35,48,32,102,62,8,18,127,96,13,18,6,87,44,5,14,116,80,12,20,6,91,45,4,13,154,120,9,21,6,71,34,11,12,36
76,3,7,113,35,38,109,28,34,24,84,50,9,24,145,84,16,26,8,74,38,5,14,134,81,12,20,8,66,32,4,10,137,82,11,17,4,66,38,3,10,127,73,10,13,7,54,31,3,10,116,149,0,7,1,107,25,0,1,150,129,1,6,30,70,45,27,36,137,88,28,44,23,81,50,9,24,142,78,16,30,10,80,41,4,18,136,73,11,45,16,62,36,3,18,133,58,13,43,15,56,29,2,8,134,86,11,16,6,61,34,3,10,129,87,10,15,9,66,33,3,10,137,69,10,17,31,110,67,14,34,176,126,30,43,20,103,55,6,23,159,99,18,37,11,95,49,6,15,136,96,15,31,9,84,50,5,17,135,75,14,33,14,59,31,5,14,93,107,11,16,8,84,36,2,11,156,71,12,26,11,69,35,5,15,114,79,10,18,36,116,76,17,37,183,137,32,48,24,96,61,7,23,163,117,19,41,13,81,51,7,19,130,106,16,31,12,78,46,12,18,82,115,17,27,9,77,40,4,13,143,120,10,26,12,87,35,24,45,192,112,49,59,30,122,82,16,34,161,129,27,45,17,93,60,7,18,153,108,15,34,9,95,52,10,19,106,77,19,33,11,70,39,4,12,139,135,10,23,12,55,33,4,13,133,77,11,26,6,75,26,26,45,184,147,35,49,30,113,67,6,16,145,108,14,19,5,105,54,3,13,138,88,11,20,5,100,50,3,12,163,127,9,22,4,91,44,8,12,55
115,2,7,113,35,38,108,28,35,24,84,50,9,24,145,83,16,26,8,74,38,5,13,136,81,12,20,8,66,32,3,9,135,81,10,16,4,65,38,3,9,125,73,10,13,7,53,30,3,10,115,149,0,7,1,107,25,0,1,151,128,1,6,30,69,45,27,36,137,88,28,44,23,81,50,9,24,141,78,15,30,10,80,40,4,18,136,73,11,44,16,62,36,3,18,134,57,12,43,15,56,29,2,8,133,86,11,16,7,60,34,3,10,128,87,10,15,9,66,33,3,10,137,70,10,17,31,109,67,14,33,176,127,30,44,20,102,55,6,22,159,98,18,37,10,94,50,6,15,136,96,15,31,9,84,49,5,17,135,76,14,33,15,60,31,5,14,93,107,11,16,8,83,35,2,11,155,71,12,26,11,69,36,5,15,113,78,10,17,35,117,76,17,37,180,138,32,47,24,95,60,7,22,163,116,19,40,12,80,51,7,19,130,106,16,30,11,78,46,11,17,81,114,17,27,9,75,39,4,12,143,119,11,26,11,87,35,24,44,192,111,50,59,30,121,81,16,34,163,130,27,45,17,92,59,7,18,152,108,15,34,9,95,51,10,19,107,77,19,33,11,70,40,4,11,139,134,10,22,11,55,33,5,13,135,78,11,26,6,75,27,25,45,183,146,35,49,31,113,67,6,16,144,109,13,19,5,106,54,4,13,138,88,11,20,5,100,51,3,12,162,128,9,22,4,90,43,8,12,56
116,2,7,112,35,38,107,28,34,23,84,50,9,23,144,82,16,25,8,73,37,4,13,134,80,12,19,7,64,31,3,9,133,80,10,16,4,64,37,3,9,125,72,10,13,7,53,30,3,10,114,148,0,7,1,106,25,0,0,150,129,1,6,30,70,44,26,35,137,87,28,43,22,80,49,9,24,139,76,15,29,9,79,40,3,17,135,72,11,43,16,61,35,3,17,133,57,12,41,14,55,28,2,8,130,85,11,16,6,60,33,2,9,127,86,10,15,9,66,33,3,10,135,71,10,17,31,109,66,14,33,175,126,29,43,20,102,55,6,22,158,97,18,36,10,94,50,6,15,134,95,15,30,9,83,48,5,17,133,75,14,32,14,59,30,5,14,91,107,11,16,8,83,35,2,11,154,70,12,25,11,69,35,5,14,114,79,10,16,35,117,76,17,37,180,137,31,48,24,95,60,7,22,163,115,19,39,12,80,51,7,19,129,104,15,30,11,78,47,11,17,82,113,17,27,9,75,39,4,12,142,119,11,25,11,87,33,23,44,191,112,49,58,29,120,79,15,34,162,129,27,44,17,92,58,7,18,151,107,14,33,9,94,50,10,18,107,77,18,32,11,69,40,4,11,138,135,10,22,11,55,32,4,13,133,77,11,25,6,75,26,26,45,183,146,35,48,31,113,67,6,16,143,109,14,18,5,106,54,3,13,137,89,11,20,5,99,50,2,11,165,127,9,21,5,89,42,8,12,55
116,2,7,112,35,38,107,28,34,23,83,50,9,23,143,81,16,25,8,73,37,4,13,131,79,12,19,7,64,31,3,9,132,79,10,15,4,64,36,3,9,125,72,10,13,7,53,30,3,9,114,149,0,7,1,107,24,0,1,151,128,1,6,30,70,45,27,35,136,87,28,43,22,80,49,9,23,140,76,15,28,9,79,39,4,17,133,72,11,43,16,61,35,3,17,132,56,12,41,14,55,28,2,8,130,85,11,16,6,60,33,2,9,127,86,10,15,9,66,33,3,10,138,71,9,17,31,109,66,14,33,176,126,29,43,19,101,55,6,22,157,97,18,36,10,94,51,6,15,134,95,15,29,9,83,49,5,17,132,74,14,32,14,59,30,5,14,89,107,11,16,7,82,35,2,11,154,70,11,25,11,68,35,5,14,114,80,10,17,35,116,76,17,37,181,138,31,48,24,94,61,7,22,164,116,19,39,12,80,52,7,19,130,104,15,30,11,77,47,11,17,82,113,17,27,9,76,40,4,12,141,119,11,25,11,87,34,24,44,191,111,49,58,30,120,80,15,34,163,129,27,44,17,92,59,7,17,153,107,14,33,9,94,50,10,18,107,78,18,33,11,69,40,4,11,138,135,10,22,10,55,32,5,13,133,78,11,25,6,75,26,26,45,184,147,35,48,31,113,66,6,16,143,109,14,18,6,106,53,4,13,138,89,11,20,5,99,50,2,11,164,127,9,20,4,88,41,8,12,56
115,1,7,112,34,38,107,28,34,23,83,49,9,23,142,81,16,25,7,73,37,4,13,132,79,11,19,7,63,30,3,8,131,79,10,15,4,64,36,3,9,124,72,10,12,7,53,29,3,9,113,148,0,7,1,107,23,0,1,148,128,1,6,29,70,44,26,35,137,86,28,43,21,80,48,9,23,139,76,15,28,9,78,39,3,17,134,71,10,43,15,61,34,3,16,131,55,12,40,14,55,28,2,8,129,84,11,15,6,59,32,2,9,125,85,10,15,9,66,33,3,10,139,70,10,16,30,109,66,13,33,176,125,29,42,19,101,54,6,22,156,96,17,35,10,93,50,6,14,133,94,15,29,9,82,48,5,17,131,75,14,32,14,59,30,5,13,88,107,11,16,7,82,34,2,11,152,69,11,25,11,69,34,5,14,114,79,10,16,35,116,75,17,37,180,138,31,46,23,93,61,6,21,162,114,18,38,12,80,51,7,18,129,104,15,29,11,77,47,11,17,81,112,17,26,9,75,40,4,12,141,119,11,25,11,86,33,24,44,190,111,49,57,29,120,79,15,33,162,129,27,43,17,92,58,7,17,152,107,14,33,9,94,50,10,18,105,77,18,32,11,69,39,4,11,136,134,10,21,10,54,31,4,13,131,78,11,24,6,75,25,25,45,183,146,35,47,30,113,66,6,16,142,108,14,18,6,106,54,3,13,138,88,11,19,5,99,50,2,11,164,127,9,20,4,88,41,8,11,57
115,1,7,113,34,38,108,27,34,23,82,49,9,23,143,77,16,24,8,71,36,4,13,131,77,11,18,7,63,29,3,8,130,77,9,15,4,62,35,3,9,123,69,9,12,7,52,29,3,9,114,146,0,7,1,107,23,0,1,148,127,1,6,29,69,44,26,35,136,83,27,43,21,78,48,9,23,139,73,15,28,9,77,38,3,17,133,69,10,42,15,60,34,3,16,132,54,11,41,14,55,28,2,7,129,84,11,15,6,58,31,2,9,124,82,10,15,9,65,32,3,10,138,71,10,15,31,108,66,14,33,176,125,29,42,19,101,54,6,21,156,96,17,36,10,92,50,5,14,132,94,14,29,9,82,48,5,16,131,74,14,31,14,57,29,5,13,87,106,11,16,7,81,34,2,11,151,67,11,25,11,67,34,5,14,114,77,9,16,35,116,75,17,37,179,137,30,46,23,93,60,7,21,161,114,18,38,12,80,51,7,18,129,104,15,29,11,77,47,11,17,80,112,17,26,9,75,40,4,12,139,115,10,25,11,86,33,24,44,190,111,49,57,29,120,79,15,33,162,129,27,43,17,92,58,7,17,150,106,14,32,9,94,50,10,18,102,77,18,32,11,69,39,4,11,134,134,10,20,11,54,31,4,13,131,77,11,24,6,75,25,25,45,181,146,35,47,30,113,66,6,16,142,108,14,18,6,106,54,3,12,136,87,11,19,5,99,50,3,11,163,127,9,20,4,88,41,8,11,54
114,1,7,112,34,38,95,28,33,21,80,47,8,22,143,72,16,23,7,70,36,4,12,132,72,11,18,6,62,29,3,8,129,68,10,14,4,60,34,3,8,122,62,10,12,6,51,28,3,9,113,142,0,7,1,106,22,0,0,149,125,1,5,30,64,41,26,34,135,72,28,41,20,72,44,8,23,137,64,15,27,9,74,37,3,16,131,60,10,40,13,54,31,3,15,128,44,11,38,12,47,25,2,7,127,71,11,14,6,55,30,2,9,123,71,10,14,8,63,31,3,10,137,62,10,16,32,94,59,13,33,173,96,29,40,18,88,49,6,21,153,79,17,33,9,86,47,5,14,131,82,14,27,9,72,43,5,15,127,59,13,29,12,54,28,5,13,83,86,11,14,7,74,31,2,11,150,55,11,23,9,61,30,4,13,111,65,10,15,37,96,65,17,36,178,102,31,43,21,80,53,6,21,158,87,19,35,10,70,46,7,17,125,83,14,26,10,65,40,10,17,78,85,16,23,9,66,35,3,12,136,97,11,23,9,73,28,26,44,184,86,49,55,28,96,66,16,33,159,93,27,39,17,77,51,7,17,147,78,15,29,9,82,44,10,18,99,56,19,30,12,59,35,4,11,131,102,11,18,11,43,26,4,13,123,57,11,22,6,63,21,28,46,173,96,37,43,32,89,56,7,16,136,76,14,16,6,86,43,5,13,120,62,12,17,7,76,40,3,12,157,81,11,17,5,73,32,8,12,48
103,2,6,111,34,36,33,30,28,30,29,26,24,24,26,18,17,16,16,16,15,14,14,21,14,13,13,12,12,11,12,11,11,12,11,10,10,9,8,11,10,11,11,11,9,13,12,12,10,9,13,2,2,1,2,3,2,1,2,26,3,3,2,37,28,24,41,33,30,30,29,26,25,24,21,22,22,19,17,16,15,14,14,12,13,13,14,11,11,10,11,11,9,12,12,10,12,11,10,10,9,8,6,6,5,12,11,10,10,9,8,10,9,10,13,12,10,13,12,10,12,11,9,12,12,9,44,42,39,33,33,32,31,30,29,25,24,24,22,22,21,21,21,18,16,15,14,17,16,14,18,17,15,16,16,14,14,14,13,16,14,13,15,14,13,10,10,9,15,14,12,15,14,12,13,13,12,12,12,11,12,12,10,11,10,9,13,13,11,46,44,42,36,36,34,33,32,32,29,28,26,24,24,22,21,21,19,18,17,16,18,17,15,15,14,13,16,15,14,21,20,19,18,17,16,18,17,16,12,12,10,14,13,12,12,11,10,53,50,48,54,53,48,38,37,36,37,36,34,29,29,27,27,26,24,19,19,18,17,17,15,18,18,17,22,21,19,22,21,18,21,20,18,17,16,15,15,15,12,14,14,12,14,13,12,13,13,12,12,12,10,52,52,48,38,39,38,44,42,39,20,21,20,18,18,16,14,14,13,18,17,16,18,17,16,17,16,14,15,15,14,14,14,12,14,14,13,11,12,11
5,5,5,111,33,36,33,31,27,30,29,26,25,25,24,18,17,16,16,16,14,15,15,14,14,14,13,13,12,11,12,11,10,12,11,10,10,9,8,11,11,10,12,11,9,13,12,10,10,10,9,2,2,1,2,3,2,2,3,2,3,3,2,37,28,25,41,33,31,30,29,26,25,24,21,22,22,19,17,16,15,14,14,12,13,13,12,11,11,10,11,11,9,12,12,10,12,11,10,10,9,8,6,6,5,12,11,10,10,9,8,10,10,9,13,13,11,13,13,10,12,11,9,13,13,9,44,42,39,33,33,32,31,30,29,25,25,24,22,22,21,21,21,18,16,15,14,17,16,14,18,17,15,16,16,14,14,14,13,16,14,13,15,14,13,10,10,9,15,14,13,15,15,13,14,14,12,12,12,11,12,12,10,11,10,9,13,13,11,46,44,42,36,36,34,34,33,32,29,28,27,24,24,22,21,21,19,19,18,17,18,17,15,15,15,13,16,15,14,21,20,19,18,17,16,18,17,15,12,12,11,14,13,12,12,11,10,53,50,48,55,54,49,38,37,36,37,36,34,29,29,27,27,26,24,20,19,18,17,17,15,18,18,17,22,21,20,22,21,19,21,20,18,17,17,15,16,16,12,15,14,12,14,13,12,13,13,12,12,12,10,52,52,48,38,39,38,44,42,39,20,21,20,18,18,16,14,14,13,18,17,16,18,17,16,17,16,14,15,15,14,15,14,12,14,14,13,12,12,11
5,5,5,111,34,37,33,31,27,31,29,26,25,25,24,18,18,16,16,16,15,16,15,14,14,14,13,13,13,11,12,12,10,13,12,11,10,9,8,11,11,10,12,11,9,13,12,10,11,10,9,2,2,1,2,3,2,2,3,2,3,3,2,37,28,25,41,33,31,30,29,26,25,24,22,22,22,20,17,17,15,14,14,12,13,13,12,11,11,10,12,11,10,12,12,11,12,12,10,10,10,8,6,6,5,12,11,10,10,9,8,10,10,9,13,13,11,13,12,10,12,11,9,13,12,10,44,42,39,33,33,32,31,30,29,26,25,24,22,22,22,21,21,19,16,16,14,17,16,15,18,17,16,16,16,14,14,15,13,16,15,14,15,15,13,10,10,9,16,15,13,15,15,13,14,14,12,13,12,11,12,12,10,11,10,9,13,13,11,47,45,42,37,37,35,34,33,33,29,28,26,24,24,22,21,21,19,19,18,17,18,17,16,16,15,13,17,16,14,22,21,19,19,18,17,18,17,16,13,12,11,14,13,12,12,11,10,53,51,48,55,54,49,38,38,36,37,36,34,29,30,27,27,26,24,20,19,18,17,17,16,18,18,17,23,22,20,22,21,19,22,21,18,17,17,16,16,15,12,15,14,13,14,13,12,13,13,12,12,11,10,53,52,49,39,39,38,44,42,39,21,21,20,18,18,16,14,14,13,18,17,16,18,17,16,16,16,15,15,15,14,15,14,13,14,14,13,13,12,11
5,5,5,111,33,35,33,31,27,31,29,26,25,25,24,18,18,16,16,16,14,16,15,14,14,14,13,13,13,11,13,12,10,13,12,11,11,10,9,11,11,10,12,11,9,13,13,10,11,10,9,2,2,1,2,3,2,3,3,2,3,3,2,37,28,24,41,33,31,30,29,26,25,24,22,22,22,20,17,17,15,14,14,12,13,13,12,11,11,10,12,11,10,12,12,11,13,12,10,10,9,8,6,6,5,12,11,10,10,9,8,11,10,9,13,13,11,13,13,10,12,11,8,13,12,10,44,42,39,33,33,32,31,30,29,25,25,24,22,22,21,21,21,18,16,16,14,17,16,15,18,17,17,16,16,14,14,15,13,16,15,14,15,15,13,10,10,9,15,15,13,15,15,13,14,14,13,13,12,11,12,12,10,11,10,9,13,13,11,47,45,42,37,37,35,34,33,32,29,28,26,24,24,22,21,21,19,19,18,17,17,17,16,16,15,13,17,16,14,22,21,19,19,18,17,18,18,16,12,12,11,14,13,12,12,11,10,53,51,48,55,54,48,38,38,37,37,36,34,30,30,27,27,26,24,20,19,18,17,17,16,18,18,17,23,22,20,22,21,19,22,21,18,17,17,15,16,16,12,15,14,13,14,13,12,13,13,11,12,12,10,52,52,48,38,39,38,44,42,39,20,21,20,18,18,16,14,14,13,18,17,16,18,17,16,16,16,14,15,15,14,14,14,12,14,14,13,12,13,11
5,5,5,110,34,36,67,28,29,28,45,31,21,24,51,46,16,18,13,32,18,13,15,32,39,12,13,11,25,14,11,11,37,43,11,11,7,27,14,9,10,35,38,10,10,11,24,15,9,10,25,73,1,3,1,33,7,1,2,29,58,2,5,35,43,31,35,35,74,57,27,32,24,44,30,19,21,52,45,15,19,12,34,19,11,14,40,36,11,15,12,30,17,7,14,52,34,11,18,13,25,15,4,7,35,45,10,12,8,25,13,9,10,31,46,12,13,11,31,18,11,11,32,33,11,12,39,72,51,23,32,111,87,29,35,22,58,35,15,22,89,66,18,25,11,47,26,12,16,62,60,15,21,12,49,28,9,15,80,49,14,20,15,30,19,8,11,34,66,11,14,10,43,20,8,13,61,43,12,16,11,35,18,8,12,51,44,12,14,42,82,57,27,36,124,102,31,40,25,64,41,14,23,125,81,18,28,14,46,31,13,18,73,66,14,20,12,51,31,18,18,47,79,15,22,13,47,26,8,13,75,67,11,19,12,46,21,37,46,148,94,50,55,35,85,61,23,37,134,99,27,38,23,63,43,11,19,119,74,15,24,12,57,31,15,20,71,64,19,26,15,49,31,8,14,85,98,12,19,13,34,22,8,13,80,51,12,16,8,40,18,35,47,149,120,36,44,36,84,57,10,19,113,81,13,17,7,69,36,6,14,97,67,12,18,7,78,37,4,13,144,104,10,20,8,54,28,10,12,30
56,3,6,111,35,36,108,28,35,24,84,49,9,23,143,83,16,25,8,73,36,4,13,133,81,12,19,7,66,31,3,9,133,81,10,16,4,66,36,3,9,124,72,10,12,7,53,29,3,10,114,147,0,6,1,106,25,0,1,149,128,1,6,30,70,44,26,36,135,86,28,44,22,80,48,9,24,139,77,16,29,10,79,39,4,18,134,72,11,44,16,62,35,3,17,131,57,12,41,15,55,28,2,8,134,85,11,16,7,60,33,3,10,126,87,10,16,9,67,32,3,10,139,73,9,16,31,109,65,14,34,175,127,29,44,20,102,57,6,22,158,99,17,37,10,94,50,6,15,134,97,15,30,9,83,48,5,17,134,75,14,32,15,60,31,5,14,93,107,11,16,7,82,35,2,11,154,70,12,25,11,68,35,5,14,113,81,10,15,35,116,74,17,37,181,138,31,48,23,96,61,6,23,161,116,19,39,11,81,50,7,19,130,106,15,30,12,77,45,11,18,81,114,17,27,9,76,39,4,13,140,119,11,26,11,86,32,24,45,189,113,50,59,30,120,79,15,34,162,128,27,44,17,92,56,7,18,153,107,14,34,9,95,51,10,18,105,76,18,33,12,69,39,4,11,139,137,10,22,12,55,31,4,13,133,77,11,24,6,74,25,26,45,183,149,35,48,30,113,67,6,16,143,108,13,18,5,104,53,3,13,137,89,11,20,5,100,47,3,12,164,127,8,21,5,88,40,9,11,54
116,1,7,111,35,36,108,28,35,23,84,49,9,23,143,83,16,25,8,73,36,4,13,133,80,12,19,7,64,30,3,9,132,81,10,16,4,65,36,3,9,123,71,10,12,7,53,29,3,9,114,148,0,6,1,107,24,0,1,150,129,1,6,30,71,43,26,36,137,87,28,43,23,80,48,9,24,139,77,15,29,10,79,39,4,17,134,72,10,44,16,62,34,3,17,131,57,12,42,15,54,28,2,8,132,85,11,16,7,60,33,3,10,126,86,10,15,9,66,31,3,10,136,72,9,16,31,109,66,14,34,177,127,29,43,20,101,56,6,22,157,99,17,37,10,94,50,6,15,134,97,15,30,9,83,48,5,17,133,75,14,32,15,59,31,5,14,90,107,11,16,7,82,35,2,11,154,70,11,25,11,69,34,5,14,113,83,9,16,35,117,74,17,37,183,139,31,48,23,95,60,7,22,160,115,19,39,11,80,51,7,19,130,105,15,29,12,77,46,11,17,79,114,17,27,9,76,39,4,12,140,119,10,26,11,86,32,24,44,190,113,49,59,30,120,80,15,34,161,129,27,43,17,93,58,7,18,152,108,14,33,9,95,49,10,18,104,77,18,33,12,69,39,4,11,139,137,10,21,11,55,31,4,13,132,77,11,24,6,74,25,25,45,183,149,35,48,30,113,67,6,16,144,109,13,18,6,104,53,3,13,136,89,11,20,5,99,49,3,11,161,129,9,22,4,89,40,8,12,54
116,1,7,111,35,36,107,28,33,23,83,49,9,23,144,83,16,24,8,73,35,4,13,131,79,12,18,7,64,29,3,9,131,80,10,15,4,64,35,3,9,123,71,10,12,7,53,29,3,9,112,148,0,6,1,106,24,0,0,149,128,1,5,30,70,43,26,36,136,86,28,41,22,80,48,9,24,139,77,15,28,10,79,38,4,17,132,71,10,43,15,61,34,3,17,130,56,11,41,15,54,27,2,8,130,84,11,16,6,60,33,3,10,124,85,10,15,9,66,31,3,9,139,70,9,16,31,108,65,14,34,177,126,29,42,19,101,55,6,22,157,98,17,37,10,94,50,6,15,133,96,15,29,9,83,47,5,17,132,74,14,31,15,59,31,5,13,87,106,11,16,7,82,35,2,11,153,69,11,25,11,69,33,5,14,114,84,9,15,35,116,73,17,37,183,138,31,47,23,95,59,6,22,160,115,19,38,11,80,50,7,19,129,105,15,29,11,77,45,11,17,79,114,16,27,9,76,38,4,12,139,118,10,25,11,86,31,24,44,190,112,48,58,29,120,80,15,33,162,129,27,44,17,93,56,7,18,152,107,14,32,9,95,49,10,18,104,76,18,32,11,69,39,3,11,137,137,10,21,11,54,31,4,13,131,77,11,24,6,75,25,25,45,183,148,35,48,30,113,66,6,16,144,109,13,18,6,105,52,3,13,137,88,11,20,5,99,49,3,11,162,126,9,21,4,89,39,8,12,55
116,1,7,111,35,36,107,28,33,23,83,49,9,23,140,82,16,24,8,73,36,4,13,132,79,12,19,7,64,29,3,9,132,80,10,15,4,64,35,3,9,121,71,10,12,7,53,29,3,9,113,146,0,6,1,106,23,0,1,150,129,1,6,30,70,43,26,35,136,86,28,42,22,80,48,9,23,139,76,15,28,10,79,39,4,17,132,71,10,43,15,61,34,3,17,131,56,11,41,15,54,27,2,8,130,84,11,16,6,60,32,3,9,124,86,10,15,9,66,31,3,10,135,71,9,17,31,109,65,14,34,177,127,29,42,19,100,55,6,22,157,98,17,36,10,94,51,6,15,132,96,14,28,9,82,47,5,17,133,74,14,31,15,59,31,5,13,88,106,11,16,7,82,34,2,11,153,69,11,24,11,68,34,5,14,113,83,9,15,35,116,73,17,36,184,137,31,47,23,95,60,6,22,162,114,19,38,11,80,51,7,19,129,105,15,29,11,77,45,11,17,80,114,17,27,9,76,38,4,12,139,118,10,25,11,86,32,24,44,191,112,48,58,29,120,80,15,33,162,129,27,43,17,93,56,7,17,152,107,14,32,9,94,49,10,18,102,77,18,32,12,69,39,4,11,138,136,10,21,11,54,31,4,13,132,78,11,24,6,74,24,25,45,182,148,35,48,30,113,67,6,16,142,110,13,18,6,105,52,3,13,137,89,11,20,5,99,50,2,12,163,126,8,21,4,89,39,8,11,54
115,1,7,111,35,36,106,27,33,23,83,48,9,22,142,82,16,24,8,73,36,4,13,130,79,11,18,7,63,29,3,9,130,79,10,15,3,64,35,3,9,122,70,10,12,6,53,28,3,9,113,147,0,6,1,106,22,0,1,149,129,1,6,30,70,42,25,35,136,86,28,42,21,79,47,9,23,138,76,15,27,10,78,38,3,17,132,71,10,42,15,61,34,3,16,130,56,11,40,15,54,27,2,8,129,84,11,15,6,60,32,2,9,123,85,10,15,9,66,30,3,9,135,70,9,17,31,108,65,13,34,175,125,29,41,19,100,54,6,22,156,96,17,36,10,93,51,6,15,131,95,14,28,9,82,46,5,17,131,74,13,31,15,59,30,5,13,88,105,11,15,7,82,33,2,11,152,68,11,24,10,68,33,5,14,113,82,9,15,35,116,73,17,36,182,138,31,46,22,94,59,6,22,162,114,18,38,11,80,50,7,19,129,104,15,29,11,77,45,10,17,79,113,17,26,9,76,37,4,12,139,117,10,24,11,86,31,24,43,190,112,49,57,29,119,79,15,33,161,128,27,43,17,92,56,7,17,150,107,14,32,9,94,49,10,18,104,77,18,32,11,69,38,4,11,137,134,10,21,10,54,30,4,13,131,77,11,24,5,74,24,25,45,184,148,35,47,30,113,66,6,16,143,110,13,17,6,105,52,3,13,137,88,10,19,5,99,49,2,12,162,126,8,21,4,89,39,7,11,54
115,1,7,111,35,37,106,27,33,23,83,48,9,22,142,81,15,24,8,72,36,4,13,131,79,11,18,7,63,29,3,8,130,79,10,15,3,64,35,3,9,122,70,9,12,6,53,29,3,9,114,148,0,6,1,106,21,0,1,151,129,1,6,29,70,42,26,35,136,86,28,42,22,80,47,9,23,138,76,15,27,10,78,38,4,17,132,71,10,42,15,61,34,3,16,130,56,11,40,14,53,27,2,8,129,84,10,15,6,59,32,3,9,124,85,10,15,9,66,30,3,9,134,72,9,17,31,108,65,13,34,176,125,29,42,19,100,54,6,21,155,97,17,36,10,93,51,6,15,133,95,14,28,9,82,47,5,16,131,74,13,31,14,59,30,5,13,88,105,11,16,7,82,33,2,11,152,69,11,24,11,68,34,5,14,113,83,9,15,35,116,73,17,37,183,137,30,46,22,94,59,6,22,161,114,18,38,11,80,51,7,19,129,104,15,29,11,77,46,11,17,79,113,17,27,9,76,37,4,12,140,118,10,24,11,86,32,24,44,191,112,48,57,30,119,79,15,33,161,127,27,43,16,93,56,7,17,151,108,14,32,9,94,49,10,18,104,77,18,32,11,69,39,4,11,137,134,9,21,10,54,30,4,13,130,76,11,24,6,74,24,25,45,184,147,35,47,30,113,66,6,16,143,110,13,18,6,105,52,3,13,136,88,11,19,5,99,49,2,12,162,127,8,21,4,89,39,7,11,54
115,1,6,111,35,37,106,27,32,22,83,48,9,23,142,81,15,24,8,72,35,4,13,130,78,11,18,7,63,28,3,8,129,78,10,15,3,64,34,3,9,121,70,9,11,6,53,28,3,9,113,147,0,6,1,105,21,0,1,148,129,1,6,29,69,42,25,35,135,85,28,42,21,80,46,9,23,138,75,15,27,10,78,37,3,17,131,71,10,41,15,60,34,3,17,129,55,11,39,14,54,27,2,8,129,83,10,15,6,59,32,3,9,122,84,10,14,9,66,31,3,10,132,70,9,16,31,108,64,14,34,175,124,29,41,19,100,53,6,22,154,96,17,36,9,93,51,6,15,132,95,14,28,9,82,46,5,16,131,74,13,31,14,59,29,5,13,87,105,11,15,7,81,33,2,11,152,69,11,24,10,67,33,5,14,113,80,9,15,35,116,73,17,37,180,137,30,46,22,93,59,6,22,161,114,18,38,11,80,51,7,19,128,103,15,29,11,77,45,10,17,78,113,17,26,9,76,37,4,12,140,117,10,24,10,86,31,24,44,190,112,48,57,29,119,78,15,34,160,127,27,42,16,92,56,6,17,150,107,14,32,9,94,49,9,18,103,77,18,31,11,69,38,3,11,136,134,10,20,10,54,30,4,13,129,77,10,23,6,74,24,25,44,185,147,34,46,29,113,66,6,16,142,109,13,17,6,105,52,3,13,135,88,11,19,5,98,49,2,12,162,126,9,20,4,88,38,7,11,54
93,2,6,110,35,37,106,27,32,23,82,47,9,23,141,81,15,24,8,72,35,4,12,131,78,11,18,7,63,28,3,8,128,79,10,15,4,63,34,3,9,121,70,10,11,7,52,29,3,9,113,146,0,6,1,106,21,0,1,149,129,1,6,29,70,42,25,35,135,86,27,42,21,79,46,9,23,137,76,15,27,10,78,37,4,17,132,71,10,41,15,61,34,3,16,129,55,11,39,14,54,27,2,8,129,83,10,15,6,59,31,3,9,122,85,10,14,9,66,31,3,10,133,69,9,16,31,107,64,14,34,175,125,28,41,19,100,53,6,22,156,96,17,35,10,92,49,6,15,131,97,14,28,9,82,46,5,16,130,74,13,31,14,59,29,5,13,85,106,11,16,7,82,32,2,10,152,68,11,24,11,67,33,5,14,113,79,10,15,35,115,73,17,37,182,137,30,46,22,93,59,7,22,162,114,18,38,11,79,50,7,18,127,104,15,29,11,77,46,11,17,77,113,17,26,9,75,37,4,12,139,117,10,24,10,86,31,24,43,190,111,48,56,29,119,79,15,33,161,128,26,42,16,93,54,7,17,150,107,14,32,9,94,49,10,18,103,77,18,32,11,69,38,3,11,136,134,10,20,10,53,29,4,13,130,77,11,24,6,75,24,25,44,185,146,35,47,30,112,66,6,16,142,110,13,18,6,105,52,3,12,134,88,11,19,5,98,49,2,12,163,125,8,19,4,89,39,8,11,54
5,5,5,109,35,36,105,27,32,22,82,47,9,22,141,80,15,24,8,72,35,4,13,131,78,11,17,7,63,28,3,8,129,78,10,15,3,63,34,3,9,120,70,9,11,6,53,28,3,9,112,146,0,6,1,105,20,0,1,150,127,1,6,30,70,42,25,35,134,85,27,41,21,79,46,9,23,137,75,15,26,10,78,37,3,17,130,71,10,41,15,61,33,3,16,129,55,11,39,14,53,27,2,8,128,83,10,14,6,59,31,3,9,123,84,10,14,9,66,30,3,10,132,70,8,15,31,108,64,13,34,174,124,28,41,19,100,53,6,22,154,95,17,34,10,93,47,6,15,131,97,14,28,9,82,46,5,16,131,74,13,31,14,58,29,5,13,88,106,10,15,7,82,33,2,11,151,68,11,24,11,67,32,5,14,111,80,9,15,35,115,73,17,37,180,136,30,45,22,93,58,6,22,161,113,18,37,11,79,50,7,18,127,102,15,29,11,77,45,11,17,78,112,17,26,9,75,37,4,12,139,117,10,24,11,85,31,24,44,190,111,49,56,29,120,79,15,33,160,127,26,41,16,92,55,6,17,150,107,14,31,9,93,49,10,18,103,76,18,31,11,69,38,3,11,136,134,9,20,10,54,29,4,13,131,77,11,23,6,74,23,25,44,185,145,35,46,29,112,65,6,16,141,110,13,17,6,105,52,3,13,135,87,11,18,5,99,48,2,12,163,126,8,19,4,88,38,7,11,54
5,5,5,110,35,37,106,27,33,23,82,47,9,23,141,80,15,24,8,72,35,4,13,131,78,11,18,7,63,28,3,8,130,79,10,15,4,63,34,3,9,120,69,9,12,7,52,28,3,9,112,149,0,6,1,105,21,0,1,150,128,1,6,30,69,42,25,35,131,86,27,41,21,79,46,9,23,137,75,15,27,10,77,37,4,17,131,71,10,41,15,61,33,3,16,128,55,11,40,14,54,27,2,8,129,83,10,14,6,59,31,3,9,123,85,10,14,9,66,30,3,10,138,71,9,16,31,108,64,14,34,174,124,28,41,19,100,53,6,22,156,96,17,34,10,93,48,6,15,131,97,14,28,9,81,46,5,16,131,75,13,31,14,59,30,5,13,87,106,11,15,7,82,33,2,11,150,69,11,24,10,68,32,5,14,112,81,9,15,35,116,73,17,37,179,136,30,45,23,93,58,6,22,161,113,18,37,11,78,50,7,19,129,103,15,29,11,77,45,11,18,79,112,16,26,9,75,37,4,12,139,118,10,24,11,85,31,24,43,191,112,48,57,29,120,77,15,33,161,127,27,42,16,92,55,6,17,150,107,14,31,9,94,50,10,18,105,77,18,31,11,69,38,3,11,137,134,10,20,10,53,30,4,12,131,77,11,23,5,75,23,25,44,185,146,35,47,30,112,65,6,16,142,110,13,17,6,105,52,3,13,135,88,10,19,5,99,48,2,11,160,125,8,19,4,88,39,8,11,54
5,5,5,109,34,36,106,27,32,22,82,47,9,23,141,80,15,23,7,72,34,4,13,129,78,11,17,7,63,27,3,8,129,79,10,14,4,63,34,3,9,120,70,9,11,7,52,28,3,9,111,147,0,5,1,105,21,0,1,150,127,1,6,30,69,42,25,35,133,85,27,41,21,79,46,9,23,137,75,15,26,10,77,37,3,17,130,71,10,40,15,61,33,3,16,128,55,11,39,14,54,27,2,7,128,83,10,14,6,59,31,2,9,121,84,9,14,8,65,29,4,9,135,71,9,16,30,108,64,13,34,174,124,28,40,18,99,52,6,22,155,96,17,34,10,93,48,6,15,131,96,14,27,9,81,46,5,16,130,74,13,30,14,59,29,5,13,86,105,10,15,7,82,32,1,11,148,69,11,24,10,68,32,5,14,112,81,9,14,34,115,72,16,37,180,136,30,45,22,93,58,6,22,160,112,18,37,11,78,50,7,18,127,103,14,29,11,76,45,11,17,78,112,16,26,9,75,37,4,12,139,117,10,24,11,85,30,24,44,190,111,48,56,28,119,77,15,33,159,126,27,42,16,92,54,6,17,150,106,14,30,9,93,49,10,18,104,77,18,31,11,69,38,3,11,136,134,9,20,10,53,29,4,13,130,76,11,23,6,74,22,25,44,184,145,35,47,30,112,64,6,16,142,109,13,17,6,105,52,3,13,134,87,10,19,5,99,48,2,11,163,125,8,19,4,88,38,8,11,55
5,5,5,110,34,36,95,28,33,22,82,47,9,23,140,76,15,23,7,72,34,4,13,130,76,11,17,7,63,28,3,8,129,73,10,14,3,63,34,3,9,119,66,10,11,7,52,28,3,9,110,143,0,5,1,104,21,0,1,148,127,1,6,29,67,40,24,35,133,75,28,40,20,76,44,9,23,137,67,15,26,9,77,37,3,17,130,65,10,39,14,58,31,3,16,128,49,11,38,12,50,25,2,7,128,76,10,14,6,58,30,2,9,121,78,10,14,8,65,29,3,10,139,69,8,15,30,99,60,13,33,173,101,29,40,18,92,48,6,21,153,83,17,34,9,90,46,6,14,129,86,14,26,8,76,43,5,16,128,62,13,28,13,57,28,5,13,83,92,11,14,7,79,31,1,11,148,58,11,23,10,65,31,5,14,111,68,11,14,37,96,64,16,36,179,106,31,42,21,83,52,6,21,159,94,19,34,10,74,46,6,18,125,87,14,26,10,70,41,10,17,76,90,16,25,8,71,35,4,11,137,102,10,23,9,77,27,25,45,185,87,50,55,29,101,67,15,34,158,97,28,39,16,83,49,6,17,148,86,14,29,9,87,46,10,18,97,60,18,31,11,65,36,3,11,134,106,10,18,11,45,26,4,12,129,60,11,22,5,68,20,27,45,178,100,36,44,32,90,56,6,16,135,80,14,18,6,91,46,4,13,125,66,12,17,6,82,40,2,12,158,88,10,18,5,74,33,8,11,50
17,5,5,110,33,34,32,30,27,30,29,27,22,23,36,17,17,16,15,16,14,12,13,30,13,13,12,11,13,10,10,10,20,12,11,10,9,9,9,9,10,18,11,11,9,12,12,11,9,9,19,2,2,2,3,6,3,1,2,48,3,3,2,37,28,24,40,33,31,30,29,25,24,24,21,21,21,24,16,16,14,13,13,12,11,12,20,11,10,11,11,11,9,11,11,12,12,11,10,10,9,8,5,5,8,11,11,9,9,9,8,8,8,16,13,12,10,13,12,9,12,11,15,13,12,9,43,43,38,33,32,31,30,30,28,25,25,23,22,21,20,21,20,18,15,15,13,16,16,14,17,17,15,16,15,13,14,14,12,15,14,12,15,14,12,10,9,8,15,14,12,14,14,12,12,13,14,12,12,10,11,12,10,10,10,11,13,12,9,46,44,39,36,36,34,33,33,30,28,27,24,23,23,20,20,20,18,18,18,15,17,16,14,15,14,12,16,15,13,21,20,18,18,17,16,17,16,15,12,12,9,13,13,10,11,11,9,52,51,46,55,53,48,37,37,34,36,36,32,29,29,26,26,26,23,19,19,16,16,16,14,18,18,16,22,21,18,22,21,18,22,20,17,16,16,14,15,14,12,14,14,11,13,13,11,13,13,10,11,12,9,53,51,46,38,38,36,43,41,38,20,20,19,18,18,15,14,14,12,17,17,14,18,17,15,16,15,12,15,15,12,14,13,11,14,13,12,12,12,11
117,2,7,111,33,35,33,30,27,30,29,27,24,25,23,18,18,16,16,16,14,15,15,13,14,14,11,12,13,10,12,11,10,12,11,10,10,9,8,10,11,9,11,11,9,12,12,10,10,10,8,2,2,2,2,3,2,3,3,2,3,3,2,37,28,24,41,33,31,30,29,25,25,24,21,22,22,20,17,16,15,14,14,12,13,13,12,11,11,10,11,11,9,12,12,11,12,11,10,10,9,8,6,6,6,12,11,9,9,9,8,9,10,9,13,12,10,13,12,10,11,11,8,12,11,8,43,42,38,33,32,31,30,30,28,25,25,23,22,22,20,21,21,18,15,15,13,17,16,14,17,17,15,16,15,14,14,14,12,16,15,13,15,15,12,10,10,8,15,14,12,14,14,12,13,13,12,12,12,10,12,12,10,11,10,9,13,12,10,47,45,40,36,36,34,33,33,31,29,28,25,24,24,21,21,21,18,18,18,16,17,17,15,15,15,12,16,15,13,22,20,18,18,17,16,18,17,15,12,12,10,14,13,11,11,11,9,53,51,46,55,54,48,38,38,35,36,36,33,30,30,26,26,26,23,19,19,17,17,17,15,18,18,16,22,21,18,22,21,18,22,20,18,17,16,14,15,14,12,15,14,11,13,13,11,13,13,11,12,12,9,53,51,47,39,39,36,43,41,38,20,20,19,18,18,15,14,14,12,17,17,15,18,17,15,16,16,13,15,15,13,14,14,11,14,13,12,13,12,11
117,2,6,110,33,34,33,30,27,30,29,27,25,25,23,18,18,15,16,16,14,15,15,13,14,14,12,13,13,10,12,12,10,12,12,10,10,10,8,11,11,9,12,11,9,13,12,10,10,10,8,2,2,2,2,3,2,3,3,2,3,3,2,37,28,24,41,33,30,30,29,25,25,24,21,22,22,20,17,17,15,14,14,12,13,13,12,11,11,10,11,11,9,12,12,11,12,12,9,10,10,8,6,6,5,12,11,9,10,10,8,10,10,9,13,13,10,13,12,10,11,11,8,13,12,9,43,42,38,33,32,31,30,30,28,25,25,23,22,22,20,21,21,18,16,16,14,17,16,14,17,18,16,16,16,13,15,14,12,16,15,13,15,15,12,10,10,8,15,15,12,14,14,12,13,14,12,12,12,10,12,12,10,11,10,9,13,13,10,46,45,40,37,37,33,33,33,31,29,28,25,24,24,21,21,21,18,18,18,16,18,17,15,15,15,12,16,15,13,22,21,18,18,17,16,18,17,15,12,12,10,14,13,11,11,11,9,53,51,46,55,54,48,38,38,35,36,36,33,30,30,26,26,27,23,19,19,17,17,17,14,19,18,16,22,22,19,22,21,18,22,20,18,17,16,14,15,14,12,15,14,11,13,13,11,13,13,11,12,12,9,53,51,47,39,39,36,43,42,38,20,21,19,18,18,15,14,14,12,17,17,14,18,17,15,16,16,13,15,15,13,14,14,11,14,13,12,13,13,11
118,2,7,111,33,35,33,30,27,30,29,27,25,25,23,18,18,16,16,16,14,16,15,13,14,14,12,13,13,11,12,12,10,13,12,10,10,10,8,11,11,10,12,12,9,13,12,10,11,10,9,2,2,2,2,3,2,3,3,2,3,3,2,37,28,24,41,33,31,31,29,25,25,24,21,22,22,20,17,17,15,14,14,12,14,13,12,12,11,10,12,11,9,12,12,11,12,12,10,10,10,8,6,6,5,12,12,9,10,10,8,10,10,8,13,13,10,13,13,10,11,11,9,13,12,9,44,43,38,33,33,31,31,30,28,25,25,23,23,22,21,21,21,18,16,16,14,17,16,15,18,18,16,16,16,14,15,14,13,16,15,13,15,15,12,10,10,8,15,15,12,15,15,12,14,14,12,12,12,10,12,12,10,11,11,9,14,13,10,47,45,41,37,37,33,33,33,31,29,28,25,24,24,21,21,21,18,19,18,16,18,17,16,16,15,12,17,16,13,22,21,19,19,18,16,18,17,15,12,12,10,14,13,11,12,11,9,53,51,46,55,54,48,38,38,35,37,37,33,30,30,26,27,27,24,20,19,17,17,17,15,19,18,17,22,22,19,22,21,19,22,21,18,17,17,15,16,15,12,15,14,11,13,13,12,13,13,11,12,12,9,53,51,47,39,39,36,44,42,39,21,21,20,18,18,15,14,14,12,18,17,14,18,18,15,17,16,13,15,15,13,15,14,11,14,14,12,13,12,11
117,2,6,111,34,35,33,30,27,30,29,26,25,25,23,18,18,16,16,16,14,16,15,13,14,14,11,13,13,11,12,12,10,13,12,10,10,10,8,11,11,9,12,12,9,13,12,10,11,10,8,2,2,1,2,3,2,3,3,2,3,3,2,37,28,24,41,33,30,30,29,25,25,24,21,22,22,20,17,17,15,14,14,12,14,13,12,12,11,10,12,11,10,12,12,11,13,12,10,10,10,8,6,6,5,12,12,9,10,10,8,11,10,8,13,13,10,13,13,10,12,11,9,13,11,9,43,42,38,33,33,30,31,30,28,25,25,23,23,22,21,21,21,18,16,16,14,17,16,15,18,18,16,16,16,14,15,14,13,16,15,13,15,15,12,10,10,8,15,15,12,15,15,12,14,14,12,12,12,10,12,12,10,11,11,9,14,13,10,46,45,41,37,37,34,33,33,31,29,28,25,24,24,21,21,21,18,19,18,16,18,17,15,16,15,13,17,16,13,22,21,18,19,18,16,18,17,15,12,12,10,14,13,11,11,12,9,53,51,46,55,54,48,38,38,35,37,37,33,29,30,26,27,27,24,20,19,17,17,17,15,19,18,17,22,22,19,22,21,18,22,21,18,17,17,14,16,15,12,15,14,11,13,13,11,13,13,11,12,12,9,53,51,47,39,39,36,44,42,39,20,21,19,18,18,15,14,14,12,18,17,14,18,18,15,16,16,13,15,15,13,14,14,11,14,13,12,12,12,11
118,2,6,111,34,35,33,30,28,30,29,27,25,26,23,19,18,16,17,16,14,16,15,14,15,14,12,13,13,11,12,12,10,13,12,11,11,10,9,12,11,10,12,12,9,13,13,10,11,10,9,2,2,2,2,3,2,3,3,2,3,3,2,37,28,24,41,34,30,31,30,26,25,25,21,22,22,20,18,17,15,14,14,12,14,13,12,12,11,10,12,11,10,12,12,11,13,12,10,10,10,8,6,6,5,12,12,10,10,10,8,11,10,8,13,13,10,13,13,10,12,12,8,12,12,9,44,43,38,34,33,31,31,31,28,26,25,23,23,23,21,22,21,19,16,16,14,17,17,15,18,18,16,17,16,14,15,14,13,16,15,13,16,15,13,10,10,8,16,15,12,15,15,13,14,14,12,13,12,10,12,12,10,11,11,9,14,13,10,47,45,41,37,37,34,33,33,31,29,29,25,25,24,22,22,21,19,19,18,16,18,17,15,16,15,13,17,16,13,22,21,18,19,18,16,18,18,16,13,12,10,14,14,11,12,12,9,54,52,47,55,54,48,38,38,35,37,37,33,30,30,26,27,27,24,20,20,17,18,17,15,19,18,17,23,22,19,22,22,19,22,21,18,18,17,15,16,15,13,15,14,12,13,13,12,13,13,11,12,12,10,53,51,48,39,39,37,44,42,39,20,21,20,18,18,15,14,14,12,18,18,15,18,18,15,16,16,13,15,15,13,15,14,12,14,14,12,13,12,11
117,1,6,111,34,35,33,31,28,30,29,27,25,26,23,19,18,15,17,16,14,16,15,13,15,14,12,13,13,11,12,12,10,13,12,11,11,10,8,11,12,10,12,12,9,13,13,10,11,10,8,2,2,2,2,3,2,3,3,2,3,3,2,37,28,24,41,33,30,31,30,25,25,25,21,22,22,20,18,17,15,14,14,12,14,13,12,12,11,10,12,11,10,12,12,11,13,12,10,10,10,8,6,6,5,12,12,10,10,10,8,11,10,8,14,13,10,13,13,10,12,12,8,12,12,9,44,43,38,34,33,30,31,31,28,26,25,23,23,22,21,22,21,19,16,16,14,17,17,14,18,18,16,17,16,14,15,14,13,16,15,13,16,15,12,10,10,8,15,15,12,15,15,13,14,14,12,13,13,10,12,12,10,11,11,9,14,12,10,46,45,41,37,37,33,33,33,31,29,29,25,24,24,22,21,21,19,19,18,16,18,18,15,16,15,13,17,16,13,22,21,18,19,18,16,18,18,15,13,12,10,14,14,11,12,12,9,54,52,47,55,54,48,38,38,35,37,37,33,30,30,26,27,27,24,20,20,17,18,17,15,19,18,17,23,22,19,22,21,19,22,21,18,18,17,15,16,15,12,15,14,11,13,13,12,13,13,11,12,12,9,53,51,47,39,39,37,44,42,38,20,21,19,18,18,15,14,14,12,18,18,15,18,18,15,16,16,13,15,15,13,15,14,12,14,14,11,12,12,11
109,2,6,111,34,35,33,31,28,31,29,27,26,26,23,19,19,15,17,16,14,16,16,13,15,15,12,13,13,11,12,12,10,13,12,11,11,10,8,12,12,10,12,12,9,13,12,10,11,10,8,2,2,2,2,3,2,3,3,2,3,3,2,37,28,24,42,34,31,31,30,26,25,25,21,23,22,20,18,17,15,15,14,12,14,13,12,12,11,10,12,12,10,13,12,11,13,12,10,10,10,8,6,6,5,12,12,10,10,10,8,11,10,9,13,13,10,13,13,10,12,12,9,12,12,9,44,43,38,34,33,31,31,31,28,26,25,23,23,23,21,22,22,19,16,16,14,17,17,14,18,18,16,17,16,14,15,15,13,16,15,13,16,15,13,11,10,8,16,15,12,15,15,13,15,14,12,13,13,10,12,12,10,11,11,9,13,12,10,47,45,41,37,37,34,33,33,31,30,29,26,25,24,22,21,21,19,19,19,16,18,18,15,16,15,13,17,16,13,22,21,18,19,18,16,18,18,15,13,12,10,14,14,11,12,12,9,54,52,47,55,54,48,38,38,36,37,37,33,30,30,26,27,27,24,20,20,18,18,18,15,19,19,17,23,22,19,23,22,19,22,21,18,18,17,15,16,15,13,15,14,11,14,13,12,14,13,11,12,12,10,53,52,48,39,39,37,44,42,38,21,21,19,18,18,15,14,14,12,18,18,15,18,18,15,16,16,13,15,15,13,15,14,12,14,14,12,13,12,10
5,5,4,111,34,34,33,31,27,31,30,26,25,26,22,18,19,15,17,17,14,16,16,13,15,15,12,13,13,11,12,12,10,13,12,10,11,10,8,12,12,10,12,11,9,13,13,10,11,10,8,2,2,1,2,3,2,3,3,2,3,3,2,37,28,23,41,34,30,31,30,26,25,25,21,23,22,20,18,17,15,15,14,12,14,14,12,12,11,10,12,12,10,13,12,11,13,12,10,10,10,8,6,6,5,12,12,10,10,10,8,11,10,8,13,13,10,13,13,10,12,12,8,12,12,9,44,43,38,34,33,31,31,31,28,26,26,23,23,23,21,22,22,19,16,16,14,17,17,14,18,18,16,17,16,14,15,15,13,16,15,13,16,15,12,10,10,8,16,15,12,15,15,12,15,14,12,13,13,10,12,12,10,11,11,9,13,12,10,47,45,41,37,37,33,33,33,31,29,29,26,24,24,21,22,21,19,19,19,16,18,17,15,16,15,13,17,16,13,22,21,18,19,18,16,18,18,15,12,12,10,14,14,11,12,12,9,54,52,46,55,54,48,38,38,35,37,37,33,30,30,26,27,27,24,20,20,17,18,18,15,19,19,17,23,22,19,22,22,19,22,21,18,18,17,15,16,15,13,15,14,11,13,13,11,13,13,11,12,12,10,53,51,47,39,39,37,44,42,38,20,21,19,18,18,15,14,14,12,18,18,15,18,18,15,16,16,13,15,15,13,14,14,12,14,14,12,13,12,11
5,5,4,112,34,35,33,31,27,31,30,26,26,26,23,19,19,15,17,17,14,16,16,13,15,15,12,13,13,11,13,12,10,13,12,11,11,10,8,12,12,10,12,12,9,14,12,10,11,10,9,2,2,1,3,3,2,3,3,2,3,3,2,37,28,24,41,34,30,31,30,26,25,25,21,23,23,20,18,17,15,15,14,12,14,14,12,12,11,10,12,12,10,13,12,11,13,12,10,10,10,9,6,6,5,12,12,10,10,10,8,11,10,9,14,13,10,13,13,10,12,11,8,12,12,9,44,43,38,34,33,31,31,31,28,26,26,24,23,23,21,22,22,19,16,16,15,17,17,15,18,18,15,17,16,14,15,15,13,16,15,13,16,15,13,11,10,8,16,15,12,15,15,13,15,14,12,13,13,10,13,12,10,11,11,9,13,12,10,47,45,41,37,37,34,34,34,32,30,29,26,24,24,22,22,22,19,19,19,16,18,18,15,16,15,13,17,16,13,22,21,18,19,18,16,19,18,16,13,12,10,14,14,11,12,12,9,54,52,47,55,54,48,38,38,36,37,37,33,30,30,26,28,27,24,20,20,18,18,18,15,19,19,17,23,22,19,22,22,19,22,21,18,18,17,15,16,15,13,15,15,12,14,14,11,14,13,11,12,12,10,53,52,48,39,39,37,44,42,38,21,22,19,18,18,15,14,14,12,18,18,15,18,18,15,16,16,13,15,15,13,14,14,12,14,14,11,13,12,10
5,5,4,111,34,35,33,31,27,31,30,26,25,26,22,18,19,15,17,16,14,16,16,13,15,15,12,13,13,11,13,12,10,13,12,10,11,10,8,12,12,10,12,12,10,13,12,10,11,10,9,2,2,1,2,3,2,3,3,2,3,3,2,37,28,24,41,34,30,31,29,26,25,25,21,23,23,20,18,17,15,15,14,12,14,14,12,12,11,10,12,12,10,13,12,11,13,12,10,10,10,8,6,6,5,12,12,9,10,10,8,11,10,8,13,13,10,13,13,10,12,11,8,12,12,9,44,43,38,34,33,31,31,31,28,26,25,24,23,23,21,22,22,19,16,16,15,17,17,14,18,18,16,17,16,14,15,15,13,16,15,13,16,15,13,11,10,8,16,15,12,15,15,12,14,14,12,13,13,10,12,12,10,11,11,9,13,12,10,47,45,41,37,37,34,34,34,32,30,29,25,24,24,21,22,21,19,19,19,16,18,18,15,16,15,13,17,16,13,22,21,18,19,18,16,19,18,16,13,12,10,14,13,11,12,12,9,54,52,47,55,54,47,38,38,36,37,37,33,30,30,26,27,27,24,20,20,18,18,18,15,19,19,17,23,22,19,22,22,19,22,21,18,18,17,15,16,15,13,15,15,12,14,14,12,13,13,11,12,12,10,53,51,47,39,39,37,44,42,38,21,21,19,18,18,15,14,14,12,18,18,15,18,18,15,16,16,13,15,15,13,14,14,12,14,14,12,13,13,11
5,5,5,111,34,35,33,31,27,31,30,26,26,26,23,19,19,15,17,17,14,16,16,14,15,15,12,13,14,11,13,13,10,13,12,11,11,11,8,12,12,10,12,12,10,14,13,10,11,10,9,2,2,1,3,3,2,3,3,2,3,3,2,37,28,24,41,34,30,31,30,26,25,25,21,23,23,20,18,17,15,15,14,12,14,14,12,12,11,10,12,12,10,13,13,11,13,12,10,10,10,8,6,6,5,12,12,10,10,10,8,11,11,8,14,13,10,13,13,10,12,12,9,12,12,9,44,43,38,34,33,31,31,31,28,26,26,24,23,23,21,22,22,19,16,16,15,17,17,15,18,18,16,17,16,14,15,15,13,16,15,13,16,15,13,11,10,8,16,15,13,15,15,13,15,14,12,13,13,10,13,12,10,11,11,9,13,12,10,47,45,41,38,38,34,34,34,32,30,29,26,25,24,22,22,22,19,19,19,16,18,18,16,16,15,13,17,16,14,22,21,18,19,18,16,19,18,16,13,12,10,14,14,11,12,12,9,54,52,47,55,54,47,38,38,36,37,37,34,30,30,26,27,27,24,20,20,18,18,18,15,19,19,17,23,22,19,23,22,19,22,21,18,18,17,15,16,15,13,15,15,12,14,14,12,13,13,11,12,12,10,53,52,48,39,39,37,44,42,39,21,21,19,18,18,16,14,14,12,18,18,15,19,18,15,17,16,14,15,15,13,15,14,12,15,14,12,13,13,11
40,4,5,110,34,34,32,31,27,31,30,26,26,26,23,19,19,15,17,17,14,16,16,13,15,14,12,13,13,11,13,12,10,13,12,11,11,10,8,12,12,10,12,12,9,13,13,10,11,10,8,2,2,1,3,3,2,3,3,2,3,3,2,37,28,24,41,34,31,31,30,26,25,25,21,23,23,20,18,17,15,14,14,12,14,14,12,12,11,10,12,12,10,13,13,11,13,12,10,10,10,8,6,6,5,12,12,9,10,10,8,11,10,8,14,13,10,13,13,9,12,12,9,12,12,9,44,43,38,34,33,30,31,31,28,26,26,24,23,23,21,22,22,19,16,16,15,17,17,14,18,18,16,17,16,14,15,15,13,16,15,13,16,15,13,10,10,8,16,15,13,15,15,13,14,14,12,13,12,10,13,12,10,11,11,9,13,12,10,47,45,41,37,38,34,34,33,32,29,29,25,24,24,21,22,22,19,19,18,16,18,18,15,16,15,13,17,16,14,22,21,18,19,18,16,19,18,16,13,12,10,14,14,11,12,12,9,54,51,47,55,54,47,38,38,36,37,37,33,30,31,26,27,27,24,20,20,18,18,18,15,19,19,17,23,22,19,23,22,19,22,21,18,18,17,15,16,15,12,15,15,12,14,14,12,13,13,11,12,12,10,53,52,47,39,39,37,44,42,39,21,21,19,18,18,15,14,14,12,18,18,15,18,18,15,17,16,14,15,15,13,14,14,12,15,14,12,13,13,11
118,1,6,111,34,35,33,31,27,31,30,26,26,26,23,19,19,15,17,17,14,16,16,13,15,14,12,13,14,11,13,12,10,13,12,11,11,11,8,12,12,10,12,12,9,13,13,10,11,11,9,2,2,1,3,3,2,3,3,2,3,3,2,37,28,24,42,34,31,31,30,26,25,25,21,23,22,20,18,17,15,15,15,12,14,14,12,12,11,10,12,12,10,13,13,11,13,12,10,10,10,8,6,6,5,13,12,10,10,10,8,11,10,8,14,13,10,13,13,9,12,11,9,13,12,9,44,43,38,34,33,31,31,31,28,26,26,24,23,23,21,22,22,19,16,16,15,17,17,14,18,18,16,17,16,14,15,15,13,16,16,13,16,15,13,11,10,8,16,15,13,16,15,13,15,14,12,13,13,10,13,12,10,11,11,9,14,13,10,47,45,41,38,38,34,34,34,32,30,29,26,24,25,22,22,22,19,19,19,16,19,18,15,16,15,13,17,16,14,22,21,18,19,18,16,19,18,16,13,13,10,14,14,11,12,12,9,54,52,47,55,54,47,38,38,36,37,37,34,31,30,26,27,27,25,20,20,18,18,18,15,19,19,17,23,22,19,23,22,19,22,21,18,18,17,15,16,15,12,16,15,12,14,14,12,14,13,11,12,12,10,53,52,48,39,39,37,44,42,39,21,21,20,18,18,16,14,14,12,18,18,15,19,18,15,17,16,14,16,16,13,15,14,12,15,14,12,13,13,11
118,1,6,111,34,34,33,31,27,31,30,26,26,26,23,19,19,15,17,16,14,16,16,13,15,15,12,13,13,11,13,12,10,13,12,11,11,10,8,12,12,10,12,12,9,13,13,10,11,11,8,2,2,1,2,3,2,3,3,2,3,3,2,37,28,24,41,34,31,31,30,26,25,25,21,23,23,20,18,17,15,15,14,12,14,14,12,12,11,10,12,12,9,13,13,11,13,12,10,10,10,8,6,6,5,12,12,10,10,10,8,11,10,8,13,13,10,13,13,9,12,11,8,12,12,8,44,43,38,34,33,31,31,31,28,26,25,23,23,23,21,22,22,19,16,16,14,17,17,14,19,18,16,17,16,14,15,15,13,16,16,13,16,15,13,11,10,8,16,15,12,15,15,13,15,14,12,13,13,10,12,12,10,11,11,9,14,13,10,47,45,41,37,37,34,34,34,32,30,29,25,24,24,22,22,22,19,19,18,16,18,18,15,16,15,13,17,16,14,23,21,18,19,18,16,19,18,16,13,13,10,14,14,11,12,12,9,54,51,46,55,54,47,38,38,36,37,37,34,30,30,26,27,27,24,20,20,18,18,18,15,19,19,17,23,22,19,23,22,19,22,21,18,18,17,15,16,15,12,16,15,12,14,14,12,14,13,11,12,12,10,53,52,47,38,40,37,44,42,39,21,21,19,18,18,15,14,14,12,18,18,15,19,18,15,17,16,13,15,16,13,15,14,12,15,14,12,13,13,11
118,1,6,110,34,34,33,31,27,31,30,26,26,26,23,19,19,15,17,17,14,16,16,13,15,14,12,13,13,11,13,12,10,13,12,11,11,10,8,12,12,10,12,12,9,13,13,11,11,11,8,2,2,1,2,3,2,3,3,2,3,3,2,37,28,24,42,34,31,31,30,26,25,25,21,23,23,20,18,17,15,15,14,12,14,14,12,12,12,10,12,12,10,13,13,11,13,12,10,10,10,8,6,6,5,13,12,10,10,10,8,11,10,9,13,13,10,13,13,10,12,11,8,13,12,9,44,43,38,34,33,31,31,31,28,26,26,24,23,23,21,22,22,19,16,16,14,17,17,14,18,18,16,17,17,14,15,15,13,16,16,13,16,15,13,11,10,8,16,15,13,16,15,13,15,14,12,13,13,10,13,12,10,11,11,9,14,13,10,47,45,42,38,37,34,34,34,32,30,29,26,25,24,22,22,22,19,19,19,16,18,18,15,16,15,13,17,16,14,23,21,18,19,18,16,19,18,16,13,13,10,14,14,12,12,12,9,54,52,46,55,54,47,38,38,36,37,37,34,31,30,26,27,27,24,20,20,18,18,18,15,19,19,17,23,22,19,23,22,19,22,21,18,18,17,15,16,15,12,16,15,12,14,14,12,14,13,11,12,12,10,53,52,48,38,39,37,44,42,39,21,22,19,18,18,15,14,14,12,18,18,15,19,18,15,17,16,13,16,15,13,15,14,12,15,14,12,13,13,11
117,1,6,111,34,35,33,31,27,31,30,26,26,26,23,19,19,15,17,16,14,16,16,13,15,14,12,13,13,11,13,12,10,13,12,11,11,10,8,12,12,10,12,12,9,13,13,10,11,10,8,2,2,1,2,3,2,3,3,2,3,3,2,37,28,24,42,34,31,31,29,26,25,24,21,23,23,20,18,17,15,15,14,12,14,14,12,12,12,10,12,12,10,13,12,11,13,12,10,10,10,8,6,6,5,13,12,10,10,10,8,11,10,8,13,13,10,13,13,9,12,11,8,13,12,9,44,43,38,34,33,30,31,31,28,26,25,23,23,23,21,22,22,19,16,16,14,17,17,14,18,18,16,17,16,14,15,15,13,16,15,13,16,15,12,11,10,8,16,15,12,15,15,12,15,14,12,13,13,10,12,12,10,11,11,9,14,13,9,47,45,41,37,37,34,34,33,32,30,29,26,24,24,22,22,22,19,19,18,16,18,18,15,16,15,13,17,16,13,22,21,18,19,18,16,19,18,16,13,13,10,14,14,12,12,12,9,54,52,46,55,54,47,38,38,36,37,37,34,31,30,26,27,27,24,20,20,18,18,18,15,19,19,17,23,22,19,23,22,19,22,21,18,18,17,15,16,15,12,16,15,12,14,14,12,14,13,11,12,12,10,53,52,47,38,39,37,44,42,39,21,21,19,18,18,15,14,14,12,18,18,15,19,18,15,17,16,13,15,15,13,15,14,12,15,14,12,13,13,11
118,1,6,110,34,35,33,31,27,31,30,26,26,26,23,19,19,15,17,16,14,16,16,13,15,14,12,13,13,11,13,12,10,13,12,11,11,10,8,12,12,10,12,12,9,13,13,11,11,11,8,2,2,1,3,3,2,3,3,2,3,3,2,37,28,24,41,34,30,31,29,25,25,24,21,23,23,20,18,17,15,15,14,12,14,14,12,12,12,10,12,12,10,13,13,11,13,12,10,10,10,8,6,6,5,13,12,10,10,10,8,11,10,9,13,13,10,13,13,10,12,11,8,13,12,9,44,43,38,34,33,31,31,31,28,26,26,24,23,23,21,22,22,19,16,16,14,17,17,15,18,18,16,17,16,14,15,15,13,16,15,13,16,15,12,11,10,8,16,15,13,15,15,13,15,14,12,13,13,10,13,12,10,11,11,9,14,13,10,47,45,42,37,37,34,34,33,32,30,29,26,25,24,22,22,22,19,19,19,16,18,18,15,16,15,13,17,16,14,22,21,18,19,18,16,19,18,16,13,13,10,14,14,12,12,12,9,54,52,46,56,54,48,38,39,36,38,37,34,31,30,26,27,27,24,20,20,18,18,18,15,19,19,17,23,22,19,23,22,19,22,21,18,18,17,15,16,15,12,16,15,12,14,14,12,14,13,11,12,12,10,53,52,47,39,39,37,44,42,39,21,21,19,18,18,15,14,14,12,18,17,15,19,18,15,17,16,13,16,15,13,15,15,12,15,15,13,13,13,11
117,1,6,110,34,34,33,31,27,31,30,26,26,26,22,19,19,15,17,16,14,16,16,13,15,14,12,13,13,11,13,12,10,13,12,10,11,10,8,12,12,10,12,12,9,13,12,10,11,10,8,2,2,1,3,3,2,3,3,2,3,3,2,37,28,24,41,34,30,31,29,26,25,24,21,23,23,20,18,17,15,15,14,12,14,14,12,12,12,10,12,12,10,13,12,11,12,12,9,10,10,8,6,6,5,12,12,9,10,10,8,11,10,9,13,13,10,13,13,10,12,11,8,13,12,9,44,43,38,34,33,30,31,31,28,26,25,24,23,23,21,22,22,19,16,16,14,17,17,15,19,18,16,17,16,14,15,15,13,16,15,13,16,15,12,11,10,8,16,15,12,15,15,13,14,14,12,13,13,10,12,12,10,11,11,8,14,13,10,47,45,41,37,37,34,37,33,32,30,29,25,25,24,22,22,21,18,19,19,16,18,18,15,16,15,13,17,16,14,22,21,18,20,18,16,19,18,16,13,13,10,14,14,11,12,12,9,54,51,46,59,53,48,38,38,36,37,37,34,37,29,27,27,27,24,20,20,18,19,17,16,19,19,17,23,22,19,27,21,19,23,21,18,18,17,15,18,16,13,16,15,12,14,14,12,14,13,11,12,12,10,52,52,47,57,38,36,45,45,39,21,21,19,27,16,15,14,14,12,18,18,15,25,17,15,16,20,14,16,16,13,33,14,12,15,14,13,13,13,11
117,1,6,111,35,35,102,27,32,24,74,42,12,25,127,77,16,21,9,60,28,7,14,102,71,12,15,7,50,22,5,10,106,75,10,13,4,53,26,5,10,100,66,10,11,8,44,22,4,10,83,143,0,5,1,88,17,0,1,127,116,1,5,30,65,38,28,36,125,86,28,38,22,73,41,12,24,119,74,15,26,10,69,32,5,17,111,68,10,29,15,56,28,4,17,118,56,11,33,15,48,23,3,8,106,81,10,13,7,51,25,4,10,99,83,10,14,9,60,27,4,11,110,67,10,17,30,105,61,15,34,171,125,29,40,21,95,46,8,23,147,97,18,32,10,89,44,7,16,125,96,14,27,10,80,43,6,17,122,75,13,27,15,54,29,7,14,66,106,11,15,8,76,29,3,12,140,69,12,20,11,63,29,6,14,103,82,10,16,35,116,71,20,38,175,137,31,44,24,95,56,8,24,154,115,19,35,13,81,46,9,19,119,104,15,27,11,76,41,12,17,75,114,16,25,9,75,36,5,13,129,116,11,23,12,84,30,25,45,187,112,49,57,30,122,75,16,35,158,127,27,41,17,93,55,8,19,148,108,14,30,10,92,45,10,18,100,77,18,29,11,68,36,4,13,134,136,10,21,11,55,30,5,14,124,77,11,23,6,73,23,26,45,181,147,36,46,31,113,63,6,17,139,108,13,17,6,104,49,4,13,136,88,11,19,5,101,44,3,13,162,128,9,21,5,90,39,9,12,49
116,1,6,110,35,35,106,27,32,23,84,47,9,24,143,84,16,24,8,73,34,5,13,132,80,11,17,7,64,28,3,9,132,81,10,14,4,65,35,3,10,124,71,10,12,7,54,28,3,10,113,151,0,6,1,106,22,0,1,149,130,1,5,30,70,41,26,36,132,86,28,41,21,81,46,9,24,138,77,16,28,10,80,38,4,18,133,72,10,42,16,61,33,3,17,131,57,11,39,15,55,27,2,8,132,86,11,15,6,60,32,3,10,125,87,10,14,9,67,30,3,11,135,72,9,17,31,109,63,14,34,175,126,29,42,20,102,54,7,23,155,97,17,35,10,95,48,6,15,132,97,14,28,9,83,45,5,17,132,75,13,30,14,59,30,5,14,88,108,11,15,8,83,34,2,12,153,71,12,24,11,69,32,5,15,113,82,10,16,36,116,73,18,38,181,137,31,45,24,96,57,7,23,162,115,19,38,12,81,47,7,19,125,104,15,29,11,76,42,11,16,78,113,16,25,9,75,36,4,13,141,118,11,24,11,87,32,24,44,191,112,49,57,29,122,75,15,34,159,127,27,42,17,93,56,7,18,151,107,14,32,9,94,47,10,18,101,76,18,31,11,68,36,4,12,137,138,10,21,11,55,30,5,14,130,77,11,23,6,74,24,26,45,180,146,36,46,31,113,63,6,16,140,108,13,17,6,104,49,4,13,136,88,11,19,5,101,44,2,12,165,128,9,21,5,90,39,9,11,54
116,1,6,110,35,36,106,27,33,23,84,47,9,23,143,84,16,24,8,73,34,5,13,132,79,11,17,7,64,28,3,9,133,81,10,15,4,64,35,3,9,124,71,10,12,7,53,28,3,9,113,150,0,5,1,106,22,0,1,150,129,1,6,30,70,41,27,36,131,86,28,41,22,80,46,9,24,138,77,15,28,10,79,38,4,17,133,73,10,42,15,61,32,3,17,131,57,11,39,15,54,27,2,8,130,85,10,15,6,60,31,3,10,125,87,10,14,9,68,30,3,10,133,72,9,15,31,109,64,14,34,175,125,29,41,19,102,51,6,23,155,97,17,35,10,95,48,6,15,132,97,14,27,9,83,46,5,17,132,75,13,30,14,58,30,5,13,89,106,11,15,8,83,33,2,11,153,71,12,24,11,69,32,5,14,112,83,10,16,36,116,72,18,37,180,138,31,44,23,96,57,7,23,162,115,19,38,12,80,47,7,19,126,104,15,29,11,76,43,11,16,77,114,16,25,9,74,37,4,12,140,120,10,24,11,86,31,24,44,191,112,49,57,30,121,76,15,34,160,127,27,41,17,92,56,7,18,152,107,14,32,9,94,47,10,18,101,77,18,31,11,69,36,4,12,137,136,10,21,11,55,30,5,13,132,78,11,24,6,75,24,26,45,181,147,36,46,31,113,64,6,16,139,109,13,17,6,105,50,4,13,136,88,11,19,5,101,46,2,12,166,128,9,20,5,89,39,9,11,54
39,3,5,110,35,35,106,27,32,22,83,47,9,23,141,83,15,23,8,72,34,4,13,130,79,11,17,7,63,27,3,8,131,80,9,14,3,63,34,3,9,122,70,10,11,6,53,27,2,9,112,150,0,6,1,106,22,0,0,149,130,1,5,29,69,41,25,35,131,85,28,41,21,80,46,9,23,136,76,15,28,10,79,38,4,17,133,72,10,41,15,61,32,3,16,130,56,11,38,14,54,26,2,8,129,85,10,14,6,60,31,3,9,124,86,10,14,9,68,30,3,10,134,71,9,15,31,109,64,14,34,175,125,29,41,19,100,53,6,22,155,96,17,34,9,94,48,6,15,132,96,14,27,9,82,46,5,17,132,74,13,30,14,58,30,5,13,87,107,11,15,8,83,33,2,11,151,70,11,23,11,68,31,5,15,112,83,10,16,35,116,72,17,37,179,137,31,46,22,95,57,7,22,161,114,19,37,11,80,47,7,19,125,104,15,28,11,76,44,10,16,78,113,16,25,9,75,37,4,12,139,119,10,24,11,86,31,24,44,190,112,48,56,29,121,76,15,34,160,127,27,41,17,92,55,7,18,150,107,14,32,9,94,47,10,18,102,77,18,31,11,68,36,3,11,136,133,10,20,11,55,30,4,13,130,77,11,23,6,76,23,26,45,181,147,35,46,30,113,63,6,16,140,108,13,17,6,105,49,3,13,136,88,11,18,5,100,46,2,12,166,127,9,20,5,89,38,8,12,54
5,5,4,109,35,35,106,27,32,22,83,46,9,23,140,80,15,23,8,72,34,4,13,131,78,11,17,7,63,27,3,8,129,79,9,14,3,63,33,3,9,120,70,9,11,6,53,26,3,9,111,149,0,6,1,105,22,0,1,147,129,1,5,29,69,41,25,36,131,86,27,40,21,79,44,9,23,137,76,15,26,9,79,36,3,17,130,71,10,41,15,60,31,3,16,128,55,11,39,14,54,25,2,7,128,84,10,14,6,59,30,2,9,123,85,9,13,8,66,29,3,10,136,70,9,15,30,108,62,13,33,175,125,28,41,18,100,51,6,22,155,96,17,34,10,92,47,6,14,132,96,14,26,8,82,45,5,16,130,73,13,30,14,58,28,5,13,86,105,10,14,7,81,32,2,11,148,68,11,23,10,68,31,5,14,113,80,10,15,34,115,72,17,36,178,137,30,44,23,94,56,6,22,159,114,18,37,11,79,49,7,18,127,104,14,27,11,76,43,11,16,76,112,16,24,8,74,37,4,12,139,117,10,23,11,86,31,23,44,188,110,49,56,30,119,77,16,33,160,128,27,40,16,92,54,7,17,151,107,14,31,8,93,48,9,18,101,77,17,30,11,68,36,3,11,135,132,9,20,10,54,29,4,13,130,77,11,23,6,75,23,25,45,181,147,35,46,30,113,63,6,15,141,107,13,16,5,104,50,3,13,134,87,11,18,5,99,46,2,12,162,125,9,20,5,90,37,8,12,53
5,5,4,109,35,35,105,27,31,22,83,46,9,23,141,80,15,23,8,72,33,4,12,129,78,11,17,7,63,27,3,8,129,79,9,14,3,63,33,3,9,120,70,9,11,6,53,26,3,9,111,148,0,6,1,105,21,0,1,147,129,1,5,30,69,41,25,36,131,86,27,40,21,79,44,9,23,137,76,15,26,9,78,36,3,17,131,70,10,41,15,60,32,3,16,128,55,11,39,14,54,25,2,7,128,84,10,14,6,59,30,2,9,123,85,9,13,8,66,29,3,10,135,70,9,15,31,108,62,13,33,175,124,28,41,18,100,51,6,22,153,96,17,34,10,93,47,6,15,131,96,13,27,8,82,45,5,16,130,73,13,30,14,58,28,5,13,84,105,10,14,7,81,32,2,11,148,68,11,23,10,68,31,5,14,111,80,10,15,34,115,72,17,37,179,137,30,44,23,94,56,6,22,159,114,18,37,11,79,48,7,18,126,104,14,27,11,76,43,11,16,76,112,15,24,8,74,37,4,12,139,117,10,23,11,86,30,23,44,188,110,48,56,29,120,77,16,33,160,127,27,40,16,92,54,7,17,151,107,14,31,8,93,48,9,18,100,76,17,30,11,68,36,3,11,135,133,10,20,10,54,29,4,13,130,77,11,23,6,75,23,25,45,181,145,35,46,30,113,63,6,15,141,107,13,16,5,104,50,3,13,134,86,11,18,5,99,46,2,12,162,125,9,20,5,89,37,8,12,55
5,5,4,109,34,35,103,27,31,22,81,46,9,22,141,80,15,23,8,71,33,4,12,130,77,11,17,6,63,28,3,8,129,78,9,14,4,63,32,3,9,120,69,9,11,6,52,26,3,9,111,144,0,6,1,105,22,0,1,149,127,1,5,29,68,41,26,35,131,85,27,40,21,79,44,9,22,138,74,15,26,9,77,35,3,17,131,70,10,41,15,60,31,3,16,128,53,11,38,14,54,25,2,7,128,82,10,14,6,58,30,2,9,122,83,9,13,8,64,28,3,10,134,70,9,15,31,106,62,13,33,174,122,29,41,18,100,51,6,22,153,96,17,34,10,92,47,5,15,131,94,13,27,8,82,45,5,16,130,73,13,30,14,57,28,5,13,83,104,10,14,7,80,31,1,10,148,68,11,22,10,68,31,5,14,111,82,9,15,34,115,72,17,37,178,137,30,44,22,93,56,6,22,159,114,18,37,11,79,48,7,18,125,104,14,27,11,76,43,10,16,75,112,16,24,8,74,37,4,12,137,118,10,23,11,86,30,24,44,189,109,48,56,29,120,77,16,33,158,128,27,40,16,92,54,7,17,150,107,14,31,8,93,48,10,18,98,76,17,30,11,69,36,4,11,133,132,9,20,10,54,29,4,13,129,77,11,23,6,75,23,25,45,181,144,35,47,30,113,63,6,16,139,107,13,16,6,103,50,3,13,133,87,11,18,5,100,46,2,12,160,124,8,20,5,89,37,8,11,53
5,5,4,95,35,34,92,28,31,21,79,45,9,22,140,72,15,22,7,70,32,4,12,129,73,11,17,6,63,27,3,8,128,69,10,13,3,60,32,3,9,119,62,9,11,6,51,26,2,9,110,138,0,6,1,105,21,0,1,149,124,1,5,27,63,38,24,35,129,70,27,39,19,73,41,9,22,135,63,15,25,8,74,34,3,16,129,60,10,39,13,54,29,3,15,126,44,11,36,11,48,23,2,7,126,69,10,13,5,55,28,2,9,120,72,10,12,8,63,27,3,10,135,66,9,15,32,94,56,13,33,174,98,29,38,17,88,45,6,21,151,78,17,32,9,85,43,5,14,130,82,13,25,8,71,39,5,15,126,57,13,27,12,54,26,4,12,80,86,11,13,7,74,29,1,10,146,55,11,21,9,61,28,4,13,110,66,11,14,36,97,63,17,36,175,101,31,41,21,80,50,6,22,157,87,19,33,10,69,44,7,17,121,82,14,24,10,63,37,10,16,72,84,15,22,9,64,33,4,11,134,97,10,22,9,73,26,26,45,181,86,48,53,29,97,64,16,34,156,91,28,38,17,78,48,7,17,146,79,14,27,8,80,40,9,18,94,56,18,28,10,59,32,4,11,128,101,11,17,11,44,25,4,12,121,57,11,21,6,63,20,28,46,170,97,36,42,32,89,54,6,16,133,74,13,15,5,85,41,4,13,116,61,12,16,6,76,36,3,12,157,83,10,17,6,71,29,8,11,48
5,5,4,38,38,32,32,30,26,29,29,26,24,24,24,18,17,14,16,15,13,14,14,20,14,13,12,12,12,9,11,11,10,11,11,9,9,9,7,10,10,10,11,11,8,12,12,10,9,9,12,2,2,1,2,3,2,1,2,24,3,3,2,29,28,23,34,34,29,30,29,24,25,23,21,22,21,19,17,16,13,14,13,11,13,12,12,11,11,9,11,10,8,11,11,9,11,11,9,9,9,7,6,5,4,12,11,9,9,9,7,9,9,10,12,12,9,12,11,9,11,10,8,11,11,8,44,41,37,32,32,30,31,29,26,24,24,21,22,21,19,20,20,17,15,15,13,16,16,13,16,17,13,15,14,12,13,13,11,14,14,12,14,13,11,9,9,8,15,13,11,14,14,11,13,12,11,11,11,9,11,11,9,10,10,8,13,12,9,46,44,39,37,36,33,33,32,29,28,27,25,24,23,21,20,20,17,18,18,15,17,17,14,15,14,13,15,15,12,20,19,17,17,16,14,17,17,14,11,11,9,13,13,10,11,11,9,51,50,46,54,53,45,38,37,35,36,36,33,29,29,26,26,26,22,19,18,17,16,16,14,18,17,15,21,21,18,21,20,16,20,20,17,17,15,14,15,14,12,14,14,11,13,13,10,13,12,10,12,12,9,52,50,47,38,38,36,42,42,36,20,20,18,17,16,14,14,13,11,17,17,14,18,17,14,16,15,13,14,15,12,14,13,11,14,14,11,12,12,12
5,5,4,38,38,32,31,30,26,29,29,26,24,25,20,18,17,14,16,15,13,15,15,12,14,13,11,12,12,9,11,11,9,11,11,9,10,9,7,11,10,9,11,11,8,12,12,9,10,9,8,2,2,1,2,3,2,3,3,2,3,3,2,29,27,22,34,34,30,30,29,24,25,23,21,22,21,19,17,16,13,14,13,11,13,13,10,11,11,9,11,10,8,11,11,9,11,11,9,9,9,7,6,5,4,12,11,9,9,9,7,10,9,8,12,11,10,12,11,9,11,10,8,11,11,8,43,41,37,32,32,30,31,29,26,25,24,21,22,21,19,20,20,17,15,15,13,16,16,13,16,17,13,15,15,12,13,13,11,14,14,12,14,14,11,9,9,8,15,13,12,14,14,11,13,12,11,12,11,9,11,11,9,10,10,8,13,12,9,46,44,39,37,36,33,34,32,29,28,27,25,24,23,21,20,20,17,18,18,15,17,16,14,15,14,13,16,15,12,20,19,17,17,16,14,17,17,14,11,11,9,13,13,10,11,11,9,51,50,46,53,53,45,37,36,35,36,36,33,29,29,26,26,26,22,19,19,17,16,16,14,18,17,15,21,21,18,21,20,16,20,20,17,17,16,14,15,14,12,14,14,11,13,13,10,13,13,10,12,12,9,52,50,47,38,38,37,43,42,37,20,20,18,17,16,15,14,13,11,17,17,14,17,17,14,16,15,13,14,15,12,14,14,11,14,14,11,13,13,12
5,5,4,38,38,32,32,31,26,29,29,26,24,25,21,18,18,14,16,16,13,15,15,12,14,13,11,12,12,10,12,11,9,12,11,9,10,9,7,11,11,9,11,11,9,12,12,9,10,10,8,2,2,1,2,3,2,3,3,2,3,3,2,29,28,23,34,34,30,30,29,24,25,23,21,22,21,19,17,16,14,14,14,11,13,13,11,11,11,9,11,10,8,11,11,10,11,11,9,9,9,7,6,6,5,12,11,9,9,9,7,10,9,8,12,12,10,12,11,8,12,11,8,12,11,8,44,41,38,32,32,31,30,29,27,25,25,22,22,22,19,21,20,18,15,15,14,16,16,13,17,17,14,15,15,12,14,13,11,15,14,12,14,14,11,10,9,9,15,14,12,14,14,12,13,13,11,12,11,9,11,11,9,10,10,8,13,12,10,46,44,39,37,36,34,34,33,29,28,28,25,24,23,21,21,21,18,18,18,15,17,17,14,15,14,13,16,15,12,20,19,17,17,17,14,17,16,14,11,11,9,13,13,10,11,11,9,52,50,46,53,53,45,38,37,35,36,36,34,30,29,26,27,26,22,19,19,17,16,16,14,18,17,15,21,21,18,21,20,17,20,20,17,17,16,14,15,14,12,14,14,11,13,13,11,13,13,10,12,11,9,52,50,47,38,38,37,43,42,37,20,21,18,17,16,15,14,13,11,17,17,14,18,17,14,16,15,12,14,15,12,14,14,11,14,14,11,13,13,12
5,5,4,38,38,31,32,31,26,29,29,26,24,25,21,18,18,14,16,16,13,15,15,12,14,13,11,12,12,10,12,11,9,12,11,9,10,9,7,11,11,9,11,11,8,12,12,9,10,10,8,2,2,1,3,3,2,3,3,2,3,3,2,29,28,23,34,34,30,29,28,24,25,23,21,22,21,19,17,16,13,14,14,11,13,13,11,11,10,9,11,10,8,11,11,9,11,11,9,9,9,7,6,6,4,12,11,9,9,9,7,10,9,8,12,12,10,12,11,9,11,11,8,12,12,9,44,41,38,32,32,30,30,29,27,25,25,22,22,22,19,21,21,17,16,16,14,16,16,13,17,17,14,15,15,12,14,13,11,15,14,11,14,14,11,9,9,9,15,14,11,14,14,11,13,13,11,12,11,9,11,11,9,10,10,8,13,12,10,46,44,39,37,36,34,33,33,29,28,28,25,24,23,21,21,21,18,18,18,15,17,17,14,15,14,12,15,15,12,20,19,17,17,16,14,17,16,14,11,11,9,13,13,10,11,11,8,52,50,46,54,53,45,38,37,34,36,36,33,29,29,26,26,26,22,19,19,17,17,17,14,18,18,15,21,21,18,21,20,17,20,19,17,17,16,14,15,14,12,14,14,11,13,13,11,13,13,10,12,11,9,52,51,47,37,39,37,43,42,37,20,21,18,17,16,14,13,13,11,17,17,14,18,17,14,16,15,12,14,15,12,14,14,11,14,14,11,12,13,12
5,5,4,38,38,32,32,31,26,29,29,26,24,24,21,18,17,14,16,16,13,15,15,13,14,13,11,12,12,10,12,11,9,12,11,9,10,9,8,11,11,9,12,11,8,12,12,9,10,10,8,2,2,1,3,2,2,3,3,2,3,3,2,29,27,23,34,34,30,30,29,24,25,23,21,22,21,19,17,16,14,14,14,11,13,13,11,11,11,9,11,11,9,11,11,10,11,11,9,9,9,7,6,6,5,12,11,9,9,9,7,10,9,8,12,12,10,12,11,9,11,10,8,12,11,8,44,41,38,32,32,30,31,30,27,25,25,22,22,22,20,21,21,18,16,16,14,17,16,13,17,17,14,15,15,12,14,13,11,15,14,11,14,14,11,9,9,8,15,14,11,14,14,11,13,13,11,12,11,9,11,11,9,10,10,8,13,12,10,46,44,40,37,36,34,33,32,29,28,28,25,24,23,20,21,21,18,18,18,15,18,17,14,15,14,12,16,15,12,20,19,17,17,16,14,17,16,14,12,12,10,13,13,10,11,11,8,52,50,46,54,53,45,38,37,34,36,36,33,30,29,26,27,26,23,19,19,17,17,17,14,18,18,15,21,21,18,21,20,17,20,19,17,17,16,14,15,14,12,15,14,11,13,13,11,13,13,10,12,11,9,52,51,47,37,39,37,43,42,37,20,21,18,17,16,14,13,13,11,17,17,14,18,17,14,16,16,13,14,15,12,14,13,11,14,14,11,13,12,12
4,4,4,38,38,32,31,30,26,29,28,26,24,24,20,17,17,14,16,16,13,15,15,12,14,13,11,12,12,10,11,11,9,11,11,9,10,9,7,11,11,9,11,11,8,12,12,9,10,10,8,2,2,1,2,2,2,3,3,2,3,3,2,29,27,23,34,34,29,29,28,24,24,23,21,22,21,19,17,16,14,14,14,11,13,13,11,11,11,9,11,11,8,11,11,9,11,11,9,9,9,7,6,5,4,12,11,9,9,9,7,10,9,8,12,12,9,12,12,9,11,10,8,12,11,8,43,42,38,32,32,30,30,30,27,25,24,22,22,22,20,21,21,18,15,15,13,16,16,13,17,17,14,15,15,12,13,13,11,14,14,11,14,13,11,9,9,8,15,14,11,14,14,12,13,13,11,12,11,9,11,11,9,10,10,8,12,12,10,46,44,39,36,36,33,33,33,29,28,28,25,24,23,21,21,21,18,18,18,15,18,17,14,15,14,12,16,15,12,19,19,16,17,16,14,17,16,14,12,12,9,13,13,10,11,11,8,52,50,46,54,53,45,38,37,34,35,36,33,30,29,26,26,26,22,19,19,17,17,17,14,18,18,15,21,21,18,20,20,17,20,19,16,16,16,14,15,14,12,14,14,11,13,13,11,13,13,10,11,11,9,52,51,46,37,39,36,42,42,37,20,21,18,17,16,14,13,13,11,16,16,13,18,17,14,16,15,12,14,15,12,14,14,11,14,14,11,13,12,11
4,4,4,38,38,32,32,30,26,29,28,26,23,24,20,17,16,13,16,15,13,15,15,13,14,13,11,12,12,10,11,11,9,11,11,9,10,9,7,11,11,9,11,11,8,12,12,9,10,10,8,2,2,1,2,2,2,3,3,2,3,3,2,29,27,23,34,34,29,29,28,24,24,23,21,22,21,18,17,16,13,14,13,11,13,13,11,11,11,9,11,11,9,11,11,9,11,11,9,9,9,7,6,5,5,12,11,9,9,9,7,10,9,8,12,12,10,12,12,8,10,10,7,12,11,8,43,42,38,32,32,30,30,29,27,25,24,22,22,22,20,21,21,18,15,16,14,17,16,13,17,17,14,15,15,12,13,13,11,14,14,11,14,14,11,9,9,8,15,14,12,14,14,12,14,13,11,12,11,9,11,11,9,10,10,8,12,12,10,46,44,39,36,36,33,33,33,30,29,28,25,24,23,21,21,21,18,18,18,16,18,17,15,15,14,12,16,15,12,19,19,16,17,16,14,17,16,14,12,11,9,13,13,10,11,11,8,52,50,46,54,53,45,38,37,34,36,36,33,30,29,26,27,26,23,19,19,17,17,17,14,18,18,15,21,21,18,20,20,17,20,19,16,16,15,14,15,14,12,14,14,11,13,13,11,13,12,10,11,11,9,52,51,46,37,39,37,42,42,37,20,21,18,17,16,14,13,13,10,16,16,14,17,17,13,16,15,12,14,15,12,14,14,11,14,14,11,13,12,11
4,4,4,38,37,32,32,30,26,29,28,25,23,24,20,17,16,13,16,15,13,15,15,12,14,13,11,12,12,10,11,11,9,11,11,9,9,9,7,11,11,9,11,11,8,12,12,9,10,9,8,2,2,1,2,2,2,3,3,2,3,3,2,29,28,23,34,34,29,29,28,24,24,23,20,21,21,18,17,16,13,13,13,11,13,13,11,11,11,9,11,11,9,11,11,9,11,11,9,9,9,7,6,5,4,11,11,9,9,9,7,10,9,8,12,12,9,12,12,8,10,10,7,12,11,8,43,41,38,32,32,30,30,29,26,24,24,22,21,21,19,21,20,17,15,15,14,17,16,13,17,17,14,15,15,12,13,13,11,14,14,11,14,13,11,9,9,8,14,14,11,14,14,11,13,13,10,11,11,9,11,11,9,10,10,8,12,12,10,46,44,39,36,36,33,32,32,30,28,28,25,24,23,20,21,21,18,18,18,16,18,17,14,15,14,12,16,15,12,19,19,16,16,16,14,17,16,14,11,11,9,13,13,10,11,10,8,51,50,46,53,53,45,37,37,34,36,36,33,30,29,26,26,26,22,19,19,17,17,17,14,18,18,15,21,20,17,20,20,17,20,19,16,16,15,13,15,14,12,14,14,11,13,13,11,13,12,10,11,11,9,52,50,46,37,38,36,42,41,36,20,21,18,17,16,14,12,12,10,16,16,13,17,16,13,16,15,12,14,15,12,14,14,11,14,14,11,12,12,11
4,4,4,37,37,31,31,30,26,28,28,25,23,24,20,17,16,14,15,15,12,15,15,12,14,13,11,12,12,10,11,11,9,11,11,9,9,9,7,11,11,9,11,11,9,12,12,9,10,9,8,2,2,1,3,3,2,3,3,2,3,3,2,29,27,23,34,34,29,29,28,24,24,23,20,21,21,18,16,16,13,13,13,11,13,13,11,11,11,9,11,11,9,11,11,9,11,10,9,9,9,7,6,5,4,11,11,9,9,9,7,10,9,8,12,12,9,11,11,8,10,10,7,12,10,8,43,41,38,33,32,30,30,29,26,24,24,22,20,21,19,20,20,17,15,15,13,16,16,13,17,17,14,15,15,13,13,13,11,14,14,11,13,13,11,9,9,8,14,14,12,14,14,11,13,13,11,11,11,9,11,11,9,10,10,8,12,12,10,46,44,39,36,36,33,32,32,30,28,27,24,23,23,20,20,20,18,18,18,15,18,17,15,15,14,13,16,15,12,19,19,16,16,16,13,17,16,14,11,11,9,13,12,10,11,10,8,52,50,46,54,53,46,38,37,35,36,36,32,29,28,26,26,26,23,19,19,17,17,17,14,18,18,16,21,21,17,20,20,17,19,19,16,16,15,13,15,14,12,14,14,11,13,13,11,12,12,10,11,11,9,52,50,46,37,39,36,42,41,37,20,21,18,17,16,14,12,12,11,16,15,13,17,16,13,16,15,12,14,14,12,14,13,11,14,14,12,12,12,11
4,4,4,37,37,31,31,30,25,28,28,25,23,23,20,16,16,13,15,15,12,15,15,12,14,13,11,12,12,10,11,11,9,11,11,9,9,9,7,10,10,9,11,11,8,12,12,9,10,9,7,2,2,1,2,2,2,2,2,2,3,3,2,29,27,23,34,33,29,29,28,24,23,23,20,21,20,18,16,15,13,13,13,10,13,12,11,11,11,9,11,11,9,11,11,9,11,10,9,9,9,7,6,5,4,11,11,9,9,9,7,10,9,8,11,11,9,11,11,8,10,10,7,12,11,8,43,41,38,32,32,30,30,29,26,24,23,21,20,21,19,20,20,17,15,15,13,16,16,13,17,17,14,15,15,12,13,13,11,14,13,11,13,13,11,9,9,8,14,13,11,14,14,11,13,13,10,11,11,9,11,11,9,9,9,8,12,12,10,45,44,39,36,36,33,32,32,29,28,27,24,23,22,20,19,20,17,18,17,15,17,17,14,15,14,12,16,15,12,19,19,16,16,16,13,16,16,13,11,11,9,13,12,10,10,10,8,51,50,45,53,53,45,37,37,34,35,35,32,29,28,25,26,25,23,19,19,17,17,17,14,18,18,16,21,21,17,20,19,17,19,18,16,16,15,13,15,14,11,14,13,11,12,12,11,12,12,10,11,11,8,51,50,46,37,38,36,42,41,37,20,21,18,16,15,14,12,12,10,15,15,13,16,16,13,16,15,12,14,14,12,14,13,11,14,13,11,12,12,11
4,4,3,37,36,31,30,29,25,28,27,25,23,23,19,16,16,13,15,14,12,15,14,12,14,13,11,12,12,10,11,11,9,11,10,9,9,9,7,10,10,9,10,11,8,12,12,9,10,9,8,2,2,1,3,3,2,2,3,2,3,3,2,28,27,23,34,33,29,29,28,24,23,22,20,21,20,18,16,15,13,13,13,10,13,12,11,11,11,9,11,10,9,11,11,9,11,10,9,9,8,7,6,5,4,11,11,9,9,9,7,10,9,7,12,12,9,11,11,8,10,10,8,10,10,7,43,41,38,32,31,30,29,29,26,24,23,22,20,20,19,20,20,17,14,15,13,16,15,13,17,17,14,15,15,13,13,13,11,14,13,11,13,13,11,9,9,8,14,13,11,14,13,11,13,13,11,11,11,9,11,11,9,9,9,8,11,11,9,45,44,40,36,36,33,32,32,30,28,27,24,23,22,20,20,20,17,18,17,15,17,16,14,15,14,12,16,15,12,19,19,16,16,16,13,16,15,13,11,11,9,13,12,10,10,10,8,51,50,45,53,53,46,37,37,34,35,35,32,29,28,25,26,25,23,19,18,16,16,16,14,18,17,16,21,21,17,20,19,17,19,19,16,15,15,13,14,14,11,14,13,11,12,12,10,12,12,10,11,11,9,52,50,47,37,38,36,42,41,37,20,20,18,16,15,14,12,12,10,15,15,13,16,15,13,15,15,12,14,14,12,14,13,11,13,13,11,12,12,11
4,4,3,36,36,30,30,29,25,27,27,24,22,22,19,16,16,13,15,14,12,15,14,12,14,13,11,12,12,10,11,11,8,11,10,9,9,9,7,10,10,8,11,10,8,12,11,9,9,9,7,2,2,1,3,3,2,2,3,2,3,3,2,28,27,23,34,32,28,28,27,23,23,22,20,20,20,18,16,15,13,13,12,10,12,12,10,11,10,9,11,10,9,11,11,9,11,10,9,8,8,7,6,5,4,11,10,8,9,9,7,9,9,7,12,11,9,11,11,8,10,10,7,11,11,8,43,41,38,32,31,30,29,28,25,23,23,21,20,20,18,20,19,17,14,14,12,16,15,12,17,17,14,15,14,12,13,13,11,14,13,11,13,13,11,9,8,8,13,13,11,14,13,11,13,12,10,11,11,9,10,10,8,9,9,7,11,11,9,45,44,39,35,35,33,31,31,29,27,27,24,23,22,20,19,19,17,17,17,15,17,16,14,15,14,12,15,15,12,19,19,16,16,15,13,16,15,13,11,11,9,12,12,10,10,10,8,51,50,45,53,52,45,36,37,34,35,35,32,29,28,25,25,25,22,18,18,16,16,16,13,17,17,15,21,20,17,20,19,16,19,18,16,15,14,13,14,13,11,14,13,10,12,12,10,12,12,9,11,11,8,52,50,47,36,38,36,42,41,37,19,20,17,16,15,13,12,12,10,15,15,13,16,15,13,15,14,12,14,14,11,13,13,11,13,12,11,12,12,11
4,4,3,37,36,31,30,29,24,27,27,24,22,22,19,16,15,13,15,14,12,15,14,12,14,13,11,12,12,10,11,11,9,11,10,9,9,8,7,10,10,8,11,10,8,12,11,9,9,9,8,2,2,1,2,2,2,2,3,2,3,3,2,28,27,22,33,32,28,28,27,24,23,22,20,20,20,17,16,15,13,12,12,10,12,12,10,11,10,9,11,10,9,11,11,9,11,10,9,8,8,7,5,5,4,11,10,8,9,9,7,9,9,7,12,11,9,11,11,9,10,9,7,10,10,7,42,41,37,32,31,30,29,28,26,23,23,21,20,20,18,20,19,17,14,14,12,16,15,13,16,16,14,15,14,12,13,13,11,13,13,11,13,12,11,9,8,8,13,13,11,14,13,11,13,12,10,11,11,9,10,10,8,9,9,7,11,11,9,45,44,39,35,35,33,31,31,29,27,27,24,22,22,19,19,19,17,17,17,14,17,16,14,14,14,12,15,14,12,19,18,16,16,15,13,16,15,13,11,11,9,12,12,10,10,10,8,51,50,45,53,52,46,36,36,34,35,35,32,28,28,25,25,25,22,18,18,16,16,16,14,17,17,15,20,20,17,20,19,16,19,18,16,15,14,13,14,13,11,13,13,10,12,12,10,12,12,10,11,10,8,51,50,47,37,38,36,42,41,37,19,20,17,16,15,13,12,12,11,15,15,12,16,15,13,15,14,12,13,13,11,13,12,11,13,12,11,11,11,10
4,4,3,36,36,31,29,28,24,27,26,24,21,22,18,15,15,12,14,14,12,14,13,12,13,13,11,12,12,9,11,10,8,10,10,8,9,8,6,10,10,8,10,10,8,11,11,9,9,9,7,2,2,1,2,2,2,2,2,2,3,3,2,28,27,22,33,32,28,27,27,23,22,22,19,20,19,17,15,15,13,12,12,10,12,12,10,11,10,9,11,10,9,11,11,9,11,10,9,8,8,7,5,5,4,11,10,8,9,8,7,9,9,7,11,11,9,11,11,8,10,10,7,11,11,8,42,41,37,31,31,29,28,28,25,23,23,21,19,20,18,19,19,16,14,14,12,15,15,13,16,16,14,15,14,12,13,12,11,13,13,11,13,12,10,8,8,7,13,12,11,13,13,11,13,12,10,11,11,8,10,10,8,9,9,7,11,11,9,44,43,39,35,35,32,31,31,29,27,26,23,22,21,19,19,19,17,17,17,14,16,16,13,14,13,12,15,14,12,19,19,16,15,15,13,15,14,13,11,11,9,12,12,10,10,9,8,51,49,44,52,51,45,36,36,33,34,34,31,28,28,25,24,24,22,18,18,16,16,15,13,17,16,15,20,20,17,20,19,16,19,18,15,14,14,12,14,13,11,13,13,10,12,12,10,12,11,9,10,10,8,51,50,46,36,38,35,41,41,36,19,20,17,16,15,13,12,12,10,14,14,12,16,15,12,14,14,11,13,13,11,12,12,11,13,12,11,11,11,10
4,4,3,37,36,30,29,28,24,26,26,24,21,22,18,15,15,12,14,14,12,14,13,11,13,13,11,12,12,9,11,10,8,10,10,8,8,8,7,9,9,8,10,10,8,11,11,9,9,9,7,1,1,1,2,2,2,2,3,2,3,3,2,28,27,22,33,32,28,27,27,23,22,22,19,20,19,17,15,14,12,12,12,10,12,12,10,10,10,9,11,10,9,11,11,9,11,10,9,8,8,7,5,5,4,10,10,8,9,8,7,9,9,7,11,11,9,11,11,8,10,9,7,10,10,7,42,40,37,31,30,29,28,28,26,23,22,21,19,19,18,19,19,16,14,14,12,15,15,13,16,16,14,15,14,12,13,12,11,13,13,11,12,12,10,8,8,7,13,12,11,13,13,11,12,12,10,11,11,8,10,10,8,9,9,7,11,11,9,44,43,39,35,35,33,31,31,29,27,26,23,22,21,20,19,19,17,17,16,14,16,16,13,14,13,12,15,14,12,19,18,16,15,15,13,15,14,12,11,10,9,12,12,9,10,9,8,51,49,45,52,51,45,36,36,34,34,34,31,28,28,25,24,24,22,18,18,16,16,15,13,17,16,15,20,20,16,20,19,16,19,18,15,14,14,12,13,13,10,13,13,10,12,12,10,11,11,9,10,10,8,51,50,46,36,38,35,42,41,36,19,19,17,16,15,13,11,11,10,14,14,12,15,15,13,14,14,11,13,13,11,12,12,10,13,12,11,11,11,10
4,4,3,36,36,30,29,28,24,26,26,23,21,21,18,15,14,12,14,14,11,14,13,11,13,12,10,11,11,9,11,10,8,10,10,8,8,8,6,9,9,8,10,10,8,11,11,9,9,9,7,2,2,1,2,2,2,2,2,1,3,3,2,28,27,23,33,32,28,27,27,23,22,21,19,19,19,17,15,14,12,12,11,10,12,11,10,10,10,8,11,10,8,11,10,9,11,10,9,8,8,7,5,5,4,10,10,8,8,8,7,9,8,7,11,11,8,10,11,8,9,9,6,11,10,7,41,40,37,31,30,29,28,27,25,23,22,20,19,19,17,19,19,16,14,14,12,15,14,12,16,16,14,14,14,12,13,12,11,13,13,11,12,12,10,8,8,7,13,12,10,13,12,10,12,12,10,10,10,9,10,10,8,9,9,7,10,10,9,44,43,39,35,35,32,31,30,29,26,26,23,22,21,19,19,19,16,16,16,14,16,16,13,14,13,12,15,14,12,19,18,16,15,15,13,15,14,12,11,10,9,12,11,9,10,9,8,51,49,45,52,51,46,36,36,33,34,34,31,28,27,25,24,24,22,18,17,15,15,15,13,16,16,14,20,19,16,19,19,16,19,18,15,14,14,12,13,13,10,13,12,10,12,12,10,11,11,9,10,10,8,51,50,46,36,37,35,41,40,36,18,19,17,15,15,13,11,11,10,14,14,12,15,14,12,14,13,11,13,13,11,12,12,10,12,12,10,12,11,10
4,4,3,36,36,30,29,28,24,26,26,24,21,21,18,15,14,12,14,13,11,14,13,11,13,12,10,11,11,9,11,10,8,10,10,9,8,8,7,9,9,8,10,10,8,11,10,8,9,9,7,2,2,1,2,2,2,3,2,2,3,3,2,28,27,22,33,32,28,27,26,23,22,21,19,19,19,17,15,14,12,11,11,9,12,11,10,10,10,8,10,10,8,11,10,9,11,10,9,8,8,7,5,5,4,10,9,7,8,8,7,9,8,7,11,11,8,11,11,8,9,9,6,10,10,7,42,40,37,31,30,29,28,27,25,23,22,20,19,19,18,19,18,16,13,14,12,15,14,12,16,15,13,14,14,12,13,12,11,13,13,11,12,12,10,8,7,7,12,12,10,13,12,10,12,12,10,10,10,9,10,10,8,9,8,7,10,10,8,44,43,39,35,35,32,31,30,29,26,26,23,22,21,19,18,18,16,16,16,14,16,16,13,14,13,11,14,14,12,19,18,16,15,15,13,15,14,12,10,10,9,12,11,9,9,9,8,51,49,45,52,51,46,36,36,33,34,34,31,28,27,25,24,24,22,17,17,15,15,15,13,16,16,14,19,19,17,19,18,16,19,18,15,14,13,12,13,13,10,13,12,10,11,11,10,11,11,9,10,10,8,51,50,47,36,37,35,41,40,36,18,19,17,15,14,13,11,11,10,14,14,12,15,14,12,14,13,11,13,13,11,12,12,10,12,12,10,12,11,10
4,4,3,36,36,30,29,28,24,26,26,23,21,21,18,14,14,12,14,13,11,13,13,11,12,12,10,11,11,9,10,10,8,10,10,8,8,8,7,9,9,8,9,9,7,11,10,8,9,8,7,1,2,1,2,2,2,2,2,2,3,3,2,28,26,22,32,32,27,27,26,23,22,21,19,19,19,17,15,14,12,11,11,9,12,11,10,10,9,8,10,10,8,10,10,9,11,10,8,8,8,7,5,5,4,10,9,7,8,8,6,8,8,7,11,10,8,10,10,8,9,9,6,10,10,7,41,40,36,31,30,29,27,27,25,22,22,20,19,19,18,18,18,15,13,13,12,14,14,12,15,15,13,14,13,11,12,12,11,13,12,11,12,12,10,7,7,7,12,11,10,12,12,10,12,11,10,10,10,9,10,10,8,9,8,7,10,10,8,44,42,39,34,34,32,31,30,28,26,26,23,21,21,19,18,18,16,16,16,14,16,15,13,13,13,11,14,13,11,18,17,15,15,15,12,15,14,12,10,10,8,12,11,9,9,9,7,50,49,45,52,51,46,35,35,33,34,34,31,28,27,25,24,24,21,17,17,15,15,15,13,16,16,14,19,19,16,19,18,16,18,18,15,14,13,12,13,12,10,12,12,9,11,11,10,11,11,9,10,10,8,51,49,47,36,37,35,41,40,37,18,19,17,15,14,12,11,11,10,14,14,12,14,14,12,13,13,10,12,12,10,12,11,10,12,12,10,11,10,9
4,4,3,37,36,31,29,28,25,26,26,23,21,21,18,15,14,12,13,13,11,13,13,11,12,12,10,11,11,9,10,10,8,10,10,8,8,8,6,9,9,8,9,9,7,10,10,8,9,8,7,1,1,1,2,2,2,2,2,2,3,3,2,28,26,22,33,32,28,27,26,24,22,21,19,19,19,17,15,14,12,11,11,10,11,11,9,10,9,8,10,9,8,10,10,9,10,10,8,8,8,7,5,5,4,9,9,7,8,8,7,9,8,7,11,10,8,11,10,8,9,9,6,10,9,7,41,40,37,31,30,29,28,27,26,22,22,20,19,19,18,18,18,16,13,13,12,14,14,12,15,15,13,13,13,11,12,12,11,13,12,10,12,12,10,7,7,7,12,11,10,12,11,10,12,11,9,10,10,9,10,10,8,9,8,7,10,10,8,44,43,39,34,34,32,31,30,29,26,26,23,21,21,19,18,18,16,16,15,14,15,15,13,13,12,11,14,13,11,18,17,15,15,15,12,15,14,12,10,10,8,12,11,9,9,9,8,51,49,45,52,51,46,36,36,33,34,34,31,28,27,25,24,24,21,17,17,15,15,15,13,16,15,14,19,19,16,19,18,15,18,17,15,14,13,12,12,12,10,12,12,10,11,11,10,11,11,9,10,10,8,51,50,47,36,37,36,41,40,37,18,19,17,15,14,12,11,11,10,14,14,12,14,14,12,13,12,10,12,12,10,12,11,10,12,12,10,11,10,9
4,4,3,36,36,31,29,28,25,26,26,23,21,21,18,14,14,12,13,12,11,13,12,11,12,12,10,11,10,9,10,10,8,10,10,8,8,8,6,9,9,7,9,9,7,10,10,8,8,8,7,1,1,1,2,2,2,2,2,2,3,3,2,27,26,22,32,32,28,27,26,23,22,21,19,19,19,17,15,14,12,11,11,9,11,10,9,10,9,8,10,9,8,10,10,8,10,9,8,8,8,7,5,4,4,9,9,7,8,8,6,8,8,7,11,10,8,11,10,8,9,9,6,11,10,8,41,40,37,31,31,29,28,27,26,22,22,20,19,19,18,18,18,16,13,13,11,14,14,12,15,15,13,13,13,11,12,11,10,12,12,10,12,12,10,8,7,7,12,11,10,12,11,10,11,11,9,10,10,8,10,10,8,9,8,7,10,10,8,44,42,39,34,34,32,31,30,29,26,26,23,21,21,19,18,18,16,15,15,13,15,15,13,13,12,11,14,13,11,18,17,15,15,14,12,15,14,12,10,10,8,11,11,9,9,9,8,50,49,45,52,51,46,36,36,33,34,34,31,28,27,25,24,24,21,17,17,15,14,14,12,15,15,14,19,18,16,18,18,15,18,17,15,14,13,12,12,12,9,12,11,9,11,11,10,11,11,9,10,9,8,51,49,47,36,37,36,41,40,37,18,19,17,15,14,12,11,11,10,14,14,12,14,14,12,13,12,10,12,12,10,12,11,10,12,12,10,11,10,9
3,3,3,37,36,31,29,28,25,26,26,24,21,21,18,15,14,12,13,12,11,13,12,10,12,11,10,11,10,8,10,9,8,10,9,8,8,8,6,9,9,7,9,9,7,10,10,8,8,8,6,1,1,1,2,2,2,2,2,2,3,3,2,28,27,23,33,33,29,27,27,24,22,21,19,19,19,17,15,14,12,11,11,9,11,10,9,9,9,8,10,9,7,10,10,8,10,9,8,8,8,7,5,4,4,9,9,7,8,7,6,8,8,7,10,10,8,10,10,8,9,9,7,10,9,7,41,40,37,31,31,29,28,28,26,23,22,21,19,19,18,18,18,16,13,13,11,13,13,12,15,14,13,13,13,11,12,11,10,12,12,10,12,11,10,8,7,7,11,11,10,12,11,9,11,10,9,10,10,8,10,10,8,9,8,7,10,9,8,44,43,39,35,34,32,31,31,29,27,26,24,22,22,19,18,18,17,16,15,14,15,15,13,13,12,11,14,13,11,17,17,15,15,14,12,14,14,12,10,10,8,11,10,9,9,9,8,51,49,45,52,51,46,36,36,33,34,34,32,28,27,25,24,24,22,17,17,15,14,14,12,15,15,14,19,18,16,18,18,15,18,17,15,14,13,12,12,11,9,12,11,9,11,11,10,11,11,9,10,9,8,51,49,47,36,38,36,41,40,37,18,19,17,15,14,12,11,11,10,14,14,12,14,14,12,13,12,11,12,12,10,12,11,9,12,11,10,11,10,9
3,3,3,36,36,31,29,28,25,26,26,24,21,21,18,15,14,12,13,12,11,12,12,10,11,11,9,10,10,8,10,9,7,10,9,8,8,8,6,9,9,7,9,9,7,10,9,8,8,8,6,1,1,1,2,2,2,2,2,2,3,3,2,28,27,23,33,32,28,27,27,24,22,21,19,19,19,17,15,14,12,11,11,9,11,10,9,9,9,8,9,9,7,10,10,8,10,9,8,8,8,6,5,4,4,9,9,7,7,7,6,8,8,6,10,10,8,10,10,8,9,9,7,10,9,8,42,40,37,31,31,29,28,28,26,23,22,21,19,19,18,18,18,16,13,13,11,13,13,11,14,14,12,13,13,11,12,11,10,12,12,10,12,11,10,8,7,7,11,11,9,11,11,9,10,10,8,9,9,8,9,9,8,9,8,7,10,10,8,44,43,39,35,34,32,31,31,29,27,26,24,22,22,19,18,18,17,16,15,14,15,14,13,12,12,10,13,13,11,18,17,15,14,14,12,14,14,12,9,9,8,11,10,9,9,9,7,51,49,45,52,51,46,35,36,33,34,34,32,28,27,25,24,24,22,18,17,15,14,14,12,15,15,14,18,18,15,18,17,15,18,17,14,13,13,12,12,11,9,12,11,9,11,11,9,11,10,9,9,9,7,50,49,46,36,37,36,41,40,37,18,19,17,14,14,12,11,11,10,14,14,12,14,14,12,12,12,10,11,11,10,11,10,9,11,11,10,11,10,9
3,3,3,37,36,31,30,28,25,27,26,24,21,22,19,15,14,12,13,13,11,13,12,10,11,11,9,10,10,8,9,9,7,10,9,8,8,8,6,9,9,8,9,9,7,10,9,8,8,8,6,1,1,1,2,2,2,2,2,2,3,3,2,28,27,23,33,33,29,27,27,24,22,22,20,20,19,17,15,14,12,11,11,10,11,10,9,9,9,8,9,9,7,10,9,8,10,9,8,8,7,6,5,4,4,9,9,7,7,7,6,8,7,6,10,10,8,10,10,8,9,9,7,10,9,7,42,40,37,31,31,30,28,28,26,23,23,21,19,19,18,18,18,16,13,13,12,14,13,12,14,14,12,13,13,11,12,11,10,12,11,10,12,11,10,7,7,6,11,11,9,11,11,9,10,10,8,9,9,8,9,9,7,8,8,7,10,9,8,44,43,40,35,35,33,31,31,29,27,26,24,22,22,20,19,19,17,16,16,14,15,14,13,12,12,10,13,13,11,17,17,15,14,14,12,14,14,12,9,9,8,11,10,9,9,9,7,51,49,45,52,51,46,36,36,34,34,34,32,28,27,25,25,25,22,18,18,16,15,15,13,15,15,14,18,18,15,18,18,15,18,17,14,13,13,12,11,11,9,11,11,9,11,11,9,11,10,9,9,9,7,50,49,46,36,38,36,42,40,37,19,19,17,15,14,12,11,11,10,14,14,12,14,14,12,12,12,10,11,11,10,11,10,8,11,11,10,11,10,9
3,3,3,36,36,31,30,29,25,27,26,24,21,22,19,15,15,12,13,13,11,12,12,10,11,11,9,10,10,8,9,9,7,9,9,8,8,7,6,9,9,8,9,9,7,9,9,8,8,7,6,1,1,1,2,2,2,2,2,2,3,3,2,28,27,23,33,33,29,27,27,24,22,22,20,20,20,17,15,14,13,11,11,10,11,11,9,9,9,8,9,9,7,9,9,8,10,9,8,7,7,6,5,4,4,9,9,7,7,7,6,8,7,6,10,10,7,10,9,7,9,9,7,10,9,7,42,40,37,31,31,29,28,28,26,23,23,21,19,20,19,19,18,16,13,13,12,14,13,12,14,14,12,13,12,11,12,11,10,12,11,10,12,11,9,7,7,6,11,11,9,11,11,9,10,10,8,9,9,8,9,9,7,8,8,7,9,9,8,44,43,40,35,35,32,31,31,30,27,26,24,22,22,20,19,19,17,16,16,14,15,15,13,12,12,10,13,12,10,17,17,15,14,14,12,14,14,12,9,9,8,11,10,9,9,9,7,50,49,45,52,51,46,36,35,34,34,34,32,28,27,25,25,25,23,18,18,16,15,15,13,15,15,14,18,18,15,18,17,15,18,17,14,13,13,11,11,11,9,11,11,9,10,10,9,10,10,8,9,9,7,50,49,46,36,37,36,41,40,37,19,19,17,14,14,12,11,11,10,14,14,12,14,14,12,12,12,10,11,11,10,11,10,8,11,10,9,10,10,9
3,3,3,36,36,31,30,29,25,27,27,24,22,22,19,15,15,13,13,13,11,12,12,10,11,11,9,10,10,8,9,9,7,9,9,8,7,7,6,8,9,7,9,9,7,9,9,8,8,7,6,1,1,1,2,2,2,2,2,2,3,3,2,28,27,23,33,33,29,27,27,24,23,22,20,20,20,18,15,15,13,11,11,10,11,11,10,9,9,8,9,9,7,9,9,8,9,9,8,7,7,6,5,4,4,9,9,7,7,7,6,8,7,6,10,9,7,10,9,7,9,9,7,10,9,7,42,40,37,31,31,30,28,28,26,23,23,21,20,20,19,19,18,17,13,13,12,14,14,12,14,14,13,13,12,11,11,11,10,12,11,10,11,11,9,7,7,6,11,11,9,11,11,9,10,10,9,9,9,8,9,9,7,8,8,7,10,10,8,44,43,40,35,35,33,31,31,29,27,27,24,22,22,20,19,19,17,16,16,14,15,15,13,13,12,11,13,12,10,17,17,15,14,14,12,14,14,12,9,9,7,11,10,9,9,8,7,50,49,45,52,51,46,36,36,34,34,34,32,28,27,25,25,25,23,18,18,16,15,15,14,15,15,14,18,18,16,18,17,15,18,17,15,13,13,11,12,11,9,11,10,9,10,10,9,10,10,9,9,9,7,50,48,46,36,37,37,41,40,37,19,19,18,14,14,12,11,11,10,14,14,12,14,14,12,12,12,10,11,11,10,10,10,9,11,10,10,10,9,9
3,3,2,36,36,31,29,28,25,27,27,24,21,22,19,15,15,13,13,13,11,12,12,10,11,11,9,9,9,8,9,9,7,9,9,7,7,7,6,8,8,7,9,8,6,9,9,7,7,7,6,1,1,1,2,2,1,2,2,2,2,2,2,28,26,23,33,32,29,27,27,24,22,22,20,20,20,17,15,15,13,11,12,10,11,11,10,9,9,8,9,9,7,9,9,8,9,9,8,7,7,6,4,4,4,9,9,7,7,7,6,7,7,6,9,9,7,9,9,7,8,8,7,10,9,7,41,40,37,31,31,29,28,28,26,23,23,21,20,20,19,19,19,17,13,13,12,14,14,12,14,14,12,13,12,11,11,11,10,12,11,10,11,11,9,7,7,6,11,11,9,11,11,9,10,10,8,9,9,7,9,9,7,8,8,6,9,9,7,44,43,40,35,34,32,31,31,29,27,26,24,22,22,21,19,19,17,16,16,14,15,15,13,13,12,11,13,12,10,17,16,14,14,14,12,14,13,12,9,9,7,10,10,9,9,8,7,50,48,45,52,51,46,36,36,34,34,34,32,28,27,25,25,25,22,18,18,16,15,15,13,16,16,14,19,18,16,18,17,15,17,16,14,13,13,11,11,11,9,11,10,9,10,10,9,10,10,9,9,8,7,49,48,45,36,37,36,41,40,37,19,19,18,14,13,12,11,11,10,14,14,12,14,14,12,12,12,10,11,11,10,10,10,9,10,10,9,9,9,8
3,3,2,36,36,31,30,29,25,27,27,24,22,22,19,15,15,13,13,13,11,12,12,10,11,10,9,9,9,8,9,8,7,9,9,7,7,7,6,8,8,7,9,8,7,9,9,8,8,7,6,1,1,1,2,2,2,2,2,2,3,3,2,28,27,23,33,32,29,27,27,24,22,22,20,20,20,18,15,15,13,12,12,10,11,11,10,9,9,8,9,9,7,9,9,8,9,9,8,7,7,6,5,4,4,9,9,7,7,7,6,7,7,6,9,9,7,9,9,7,8,8,6,10,9,7,42,40,37,31,31,30,28,28,26,23,23,21,20,20,19,19,19,17,14,14,12,14,14,12,14,14,12,12,12,11,11,11,10,12,11,10,11,11,9,7,7,6,11,11,9,11,11,9,10,9,8,9,9,7,9,9,7,8,8,7,9,9,8,44,43,40,35,35,33,31,31,30,27,26,24,22,22,21,19,19,17,17,16,14,16,15,13,13,12,11,13,12,11,17,16,15,14,14,12,14,13,12,9,9,7,10,10,9,9,8,7,50,48,45,52,51,47,36,36,35,35,34,32,28,28,25,25,25,23,18,18,16,15,15,14,16,16,14,19,18,16,18,17,15,17,16,14,13,13,12,11,11,9,11,10,8,10,10,9,10,10,8,9,8,7,50,48,45,36,37,36,41,40,37,19,20,18,14,14,12,11,11,10,14,14,12,14,14,12,12,12,10,11,11,10,10,10,9,10,10,9,10,9,8
3,3,2,36,36,31,29,28,25,27,26,24,22,22,19,15,15,13,13,13,11,12,12,10,11,10,9,9,9,7,9,8,7,9,9,7,7,7,6,8,8,7,8,8,7,9,9,7,7,7,6,1,1,1,2,2,2,2,2,2,3,3,2,28,27,23,33,32,29,27,27,24,22,22,20,20,20,18,15,15,13,12,12,10,11,11,10,9,9,8,9,9,7,9,9,8,9,8,7,7,7,6,4,4,3,9,9,7,7,7,6,7,7,6,9,9,7,9,9,6,8,8,6,10,9,7,41,40,37,31,31,29,28,28,26,22,23,21,19,20,19,19,19,17,13,14,12,14,14,12,14,14,12,12,12,11,11,11,10,12,11,9,11,11,9,7,6,6,11,11,9,11,11,9,9,10,8,8,8,7,9,9,7,8,8,7,9,9,8,43,42,39,34,34,32,31,31,30,27,26,24,22,22,20,19,19,17,16,16,14,15,15,13,13,12,11,13,12,11,17,16,14,14,13,11,14,13,11,9,9,7,10,10,8,8,8,7,50,48,44,52,51,46,36,36,34,34,34,32,28,27,25,25,25,22,18,18,16,15,15,13,16,16,14,19,18,16,18,17,15,17,16,14,13,13,12,11,10,9,11,10,8,10,10,9,10,10,8,9,8,7,49,48,45,36,37,36,41,40,37,19,20,18,14,13,12,11,11,10,14,13,12,14,13,12,12,12,10,11,11,9,10,10,8,10,10,9,9,9,8
3,3,2,34,34,30,29,28,25,26,26,23,21,22,19,15,15,13,13,13,11,12,12,10,11,10,9,9,9,7,9,8,7,9,8,7,7,7,6,8,8,7,9,8,7,9,9,7,8,7,6,1,1,1,2,2,2,2,2,2,3,3,2,27,26,22,33,32,29,27,27,24,22,22,20,20,20,18,16,15,13,12,12,10,11,11,10,9,9,8,9,9,7,9,9,8,9,8,7,7,7,6,4,4,3,9,9,7,7,7,6,7,7,6,9,9,7,9,9,7,8,8,6,9,9,7,41,40,37,31,31,29,28,28,26,22,22,21,20,20,19,19,19,17,14,14,12,14,14,12,14,14,13,12,12,11,11,11,9,12,11,10,11,10,9,7,6,6,11,10,9,11,11,9,9,10,8,8,8,7,9,9,7,8,8,6,9,9,8,43,42,39,35,34,32,31,31,30,27,26,24,22,22,20,19,19,17,17,16,15,15,15,13,13,12,11,13,13,11,17,16,14,14,13,12,14,13,11,8,8,7,10,10,8,9,8,7,50,48,45,52,51,46,36,36,35,34,34,32,28,28,25,25,25,22,18,18,16,15,15,14,16,16,14,18,18,16,18,17,15,17,16,14,13,13,11,11,11,9,10,10,8,10,10,9,10,10,8,9,8,7,49,48,45,36,37,36,41,40,37,19,20,18,14,14,12,11,11,10,14,14,12,14,13,12,12,11,10,11,11,9,10,10,8,10,10,9,9,9,8
3,3,2,33,33,29,28,27,24,26,25,23,21,21,18,15,15,13,13,13,11,12,12,10,11,10,9,9,9,7,9,8,7,8,8,7,7,7,6,8,8,7,8,8,7,9,9,7,7,7,6,1,1,1,2,2,1,2,2,2,2,3,2,27,26,22,32,32,28,27,27,24,22,21,20,20,20,18,15,15,13,12,12,10,11,11,10,9,9,8,9,9,7,9,9,8,9,8,7,7,7,6,4,4,3,9,9,7,7,7,6,7,7,6,9,9,7,9,8,7,8,8,6,9,9,7,41,39,37,31,31,29,28,28,26,22,22,21,19,20,18,19,19,17,14,14,12,14,14,12,14,14,13,12,12,11,11,11,9,11,11,9,11,10,9,6,6,6,11,10,9,11,10,9,9,10,8,8,8,7,9,9,7,8,8,7,9,9,8,43,42,39,34,34,32,31,31,30,27,26,24,22,22,20,19,19,17,16,16,14,15,15,13,13,12,11,13,13,11,17,16,14,13,13,11,13,13,11,8,8,7,10,9,8,8,8,7,49,48,44,52,51,47,36,36,35,34,34,32,28,27,25,25,25,22,18,18,16,15,15,14,16,16,14,18,18,16,18,17,15,17,16,14,13,12,11,11,11,9,10,10,8,10,10,8,10,9,8,8,8,7,49,48,45,36,37,36,41,40,37,19,19,18,14,13,12,11,11,10,14,13,12,14,13,12,12,12,10,11,11,9,10,10,8,10,10,8,9,9,8
3,3,2,32,32,27,28,27,24,25,25,23,21,21,18,15,15,13,13,13,11,12,12,11,11,11,9,9,9,8,9,8,7,9,8,7,7,7,6,8,8,7,8,8,7,9,9,7,8,7,6,1,1,1,2,2,1,2,2,2,3,3,2,26,25,21,31,31,27,27,26,23,22,21,19,20,19,17,15,15,13,12,12,10,11,11,10,9,9,8,9,9,8,9,9,8,9,8,7,7,7,6,4,4,3,9,8,7,7,7,6,7,7,6,9,9,7,9,8,7,8,8,6,10,9,7,40,38,36,30,30,29,28,28,26,22,22,21,19,20,18,19,19,17,14,14,12,14,14,12,15,15,13,12,12,11,11,11,10,11,11,9,11,10,9,7,6,6,11,10,9,11,11,9,10,10,8,8,8,7,9,8,7,8,7,7,10,9,8,43,41,39,34,34,32,31,31,30,26,26,24,22,22,20,19,19,17,17,16,15,16,15,14,13,12,11,13,13,11,17,16,14,13,13,11,13,13,11,8,8,7,10,10,8,8,8,7,49,47,44,52,51,46,36,36,35,35,34,32,28,28,25,25,25,23,18,18,16,15,15,14,16,16,14,19,18,16,18,17,15,17,16,14,13,12,11,11,10,9,10,10,8,9,10,8,9,9,8,8,8,7,49,47,45,36,37,36,41,40,37,19,19,18,14,14,12,11,11,10,14,13,11,14,13,12,12,11,10,11,10,9,10,10,8,10,10,8,9,9,8
3,3,2,31,31,26,27,26,23,24,24,22,20,21,17,15,14,12,13,13,11,12,12,11,11,10,9,9,9,7,9,8,7,8,8,7,7,7,6,8,8,7,8,8,7,9,9,7,7,7,6,1,1,1,2,2,1,2,2,2,3,3,2,26,24,21,30,30,26,26,25,22,21,21,19,19,19,17,15,15,13,12,12,10,11,11,10,9,9,8,9,8,7,9,9,8,9,8,7,7,7,6,4,4,3,9,9,7,7,7,6,7,7,6,9,9,7,9,9,7,8,8,6,10,9,7,39,37,35,30,30,29,27,27,25,22,22,21,19,19,18,19,19,17,14,14,12,14,14,12,14,14,13,12,12,11,11,11,10,11,11,9,10,10,9,7,6,6,11,10,9,11,10,9,10,10,8,8,8,7,8,8,7,8,7,7,9,9,8,42,41,38,34,34,32,31,30,29,26,26,24,22,22,19,19,19,17,17,16,15,15,15,14,13,12,11,13,13,11,16,16,14,13,13,11,13,13,11,8,8,7,10,9,8,8,8,7,48,47,43,51,51,46,36,35,35,34,34,32,28,27,25,25,25,23,18,18,16,15,15,13,16,16,14,19,18,16,17,16,15,17,16,14,13,12,11,11,10,9,10,10,8,9,10,8,9,9,8,8,8,7,48,47,45,36,37,36,41,40,37,19,19,17,14,13,12,10,10,9,13,13,11,14,13,12,11,11,10,10,10,9,10,9,8,9,10,8,9,9,8
3,3,2,30,31,26,27,25,23,24,24,21,20,20,17,15,14,12,13,13,11,12,12,11,11,10,9,9,9,8,9,8,7,8,8,7,7,7,6,8,8,7,8,8,7,9,9,7,7,7,6,1,1,1,2,2,2,2,2,2,3,3,2,25,23,20,29,29,26,25,25,22,21,20,19,19,19,17,15,15,13,12,12,10,11,11,10,9,9,8,9,9,7,9,9,8,9,8,7,7,7,6,4,4,3,9,8,7,7,7,6,7,7,6,9,9,8,9,9,7,9,8,6,10,9,7,38,37,35,29,29,28,27,27,25,22,22,20,19,19,18,19,19,17,14,14,12,14,14,12,14,14,13,12,12,11,11,11,10,11,11,9,11,10,9,7,6,6,11,10,9,11,11,9,10,9,8,8,8,7,9,8,7,8,7,7,10,9,8,41,40,37,34,34,31,31,30,30,26,26,23,22,22,20,19,19,18,17,16,15,15,15,14,13,12,11,13,12,11,16,16,14,13,13,11,13,13,11,8,8,7,9,9,8,8,8,7,48,46,43,52,51,46,36,36,35,34,34,32,28,27,25,25,25,23,18,18,16,15,15,14,16,16,15,19,18,16,17,16,15,17,16,14,13,12,11,11,10,8,10,10,8,9,9,8,9,9,8,8,8,7,48,47,44,36,37,36,41,40,37,19,19,18,14,13,12,10,10,9,13,13,12,14,13,11,11,11,10,10,10,9,10,10,8,9,10,8,9,9,8
3,3,2,30,30,26,26,25,22,24,24,21,19,20,17,14,14,12,13,13,11,12,12,10,11,10,9,9,9,8,9,8,7,8,8,7,7,7,6,8,8,7,8,8,6,9,9,7,7,7,6,1,1,1,2,2,2,2,2,2,3,3,2,25,23,20,28,28,24,25,24,21,21,20,18,19,18,16,15,15,13,12,12,10,11,11,10,9,9,8,9,8,7,9,9,8,9,8,7,7,7,6,4,4,3,8,8,7,7,7,6,7,7,6,9,9,7,9,9,7,9,8,6,10,9,7,37,36,33,29,28,27,26,26,24,22,22,20,19,19,18,19,18,17,14,14,12,14,14,12,14,14,13,12,12,11,11,11,10,11,11,9,11,10,9,7,6,6,11,10,9,11,10,9,10,9,8,8,8,7,8,8,7,8,7,6,9,9,8,40,39,37,33,33,31,30,30,29,26,26,23,22,22,20,19,19,17,17,16,15,15,15,14,13,12,11,13,12,11,17,16,14,13,13,11,13,13,11,8,8,6,9,9,8,8,8,7,47,45,42,50,49,45,36,35,34,34,34,32,28,27,25,25,25,22,18,18,16,15,15,14,16,16,15,19,18,16,17,16,15,16,16,14,12,12,11,11,10,8,10,10,8,9,9,8,9,9,8,8,8,7,47,46,44,35,36,35,41,40,37,19,19,18,14,13,12,10,10,9,13,13,11,13,13,11,11,11,10,10,10,9,10,10,8,9,10,8,9,9,8
3,3,2,30,30,26,25,24,22,24,23,21,19,20,16,14,14,12,13,13,11,12,12,10,11,10,9,9,9,8,9,8,7,8,8,7,7,7,6,8,8,7,8,8,6,9,9,7,7,7,6,1,1,1,2,2,1,2,2,2,3,3,2,24,23,19,28,27,25,24,24,21,21,20,18,19,18,16,15,14,12,12,11,10,11,11,10,9,9,8,9,9,7,9,9,8,9,8,7,7,7,6,4,4,3,8,8,7,7,7,6,7,7,6,9,9,7,9,9,7,8,8,6,10,9,7,36,35,33,28,28,27,26,26,24,21,21,20,18,19,17,19,18,17,14,14,13,14,14,12,15,14,13,12,12,11,11,11,10,11,11,9,11,10,9,7,6,6,11,10,9,11,11,9,10,9,8,8,8,7,8,8,7,8,7,6,9,9,8,39,38,36,33,32,30,30,29,28,26,26,23,22,21,20,19,19,17,17,16,15,16,15,14,13,12,11,13,13,11,17,16,14,13,13,11,13,12,11,8,8,7,9,9,8,8,8,7,47,45,41,50,49,44,35,35,34,34,34,32,28,27,25,25,25,22,18,18,16,15,15,14,16,16,15,19,18,16,17,17,15,17,15,14,12,12,11,11,10,9,10,9,8,9,9,8,9,9,8,8,8,6,47,45,43,35,36,35,41,40,37,19,19,18,14,14,12,10,10,9,13,13,11,13,13,11,11,11,10,11,10,9,10,10,8,9,10,8,9,9,8
3,3,2,30,29,25,25,24,22,23,23,20,18,20,16,14,13,12,13,13,11,12,12,10,11,10,9,9,9,8,8,8,7,8,8,7,7,7,6,8,8,7,8,8,7,9,9,7,7,7,6,1,1,1,2,2,2,2,2,2,3,3,2,24,22,19,27,27,24,24,23,20,20,19,17,18,18,16,14,14,12,11,11,10,11,11,10,9,9,8,9,9,7,9,9,8,9,8,7,7,7,6,4,4,3,8,8,7,7,7,6,7,7,6,9,9,7,9,9,7,8,8,6,10,9,7,35,34,32,27,27,26,25,26,24,21,21,19,18,18,17,19,18,16,14,14,12,14,14,12,15,14,13,12,12,10,11,10,9,11,10,9,11,10,9,6,6,6,10,10,9,10,10,9,10,9,8,8,8,7,8,8,7,8,7,6,9,9,7,38,37,35,32,32,30,29,29,28,25,25,23,21,21,19,19,19,17,16,16,15,15,15,14,13,12,11,13,12,11,16,16,14,13,12,11,13,12,11,8,8,7,9,9,8,8,8,6,45,44,40,49,48,43,35,35,34,34,34,32,28,27,25,24,24,22,18,18,16,15,15,14,16,16,15,19,18,16,17,16,15,16,15,14,12,12,11,11,10,9,10,9,8,9,9,8,9,9,8,8,8,6,46,45,42,34,35,34,41,40,36,19,19,18,14,13,12,10,10,9,13,12,11,13,12,11,11,11,9,10,10,9,9,9,8,9,10,8,9,9,8
2,3,2,30,29,25,25,24,22,23,23,21,19,19,17,14,13,12,13,12,11,12,12,11,11,10,9,9,9,8,8,8,7,8,8,7,7,7,6,8,8,7,8,8,7,9,9,7,7,7,6,1,1,1,2,2,2,2,2,2,3,3,2,24,22,19,27,27,24,23,23,20,20,19,17,18,18,16,14,14,12,11,11,10,11,11,10,9,9,8,9,9,7,9,9,8,9,8,7,7,7,6,4,4,3,8,8,7,7,7,6,7,7,6,9,9,7,9,9,7,8,8,6,10,9,7,35,34,32,27,27,26,25,25,24,20,21,19,18,18,17,18,18,16,14,14,13,14,14,12,15,14,13,12,12,11,11,10,10,11,10,9,11,10,9,7,6,6,10,10,9,10,10,9,10,9,8,8,8,7,8,8,7,7,7,6,9,9,7,38,37,35,31,31,29,29,29,28,25,25,23,21,21,19,19,19,17,16,16,15,15,15,14,13,12,11,13,12,11,16,15,14,13,12,11,13,12,11,8,8,7,9,9,8,8,8,7,44,43,40,48,47,43,34,34,33,34,33,32,28,27,25,24,24,22,18,18,16,15,15,14,16,16,15,19,18,16,17,17,15,17,16,14,12,12,11,11,10,9,10,9,8,9,9,8,9,9,8,8,8,6,45,44,42,34,35,34,40,39,36,19,20,18,14,14,12,10,10,9,13,13,11,13,12,11,11,11,10,10,10,9,9,9,8,9,9,8,9,8,8
2,3,2,30,29,25,25,24,21,23,23,20,19,19,17,14,13,12,12,13,11,12,12,10,11,10,9,9,9,8,8,8,7,8,8,7,7,7,6,8,8,7,8,8,7,9,9,7,7,7,6,1,1,1,2,2,1,2,2,2,3,3,2,24,22,19,27,26,24,23,23,20,20,19,17,18,18,16,14,14,12,11,11,10,11,11,10,9,9,8,9,9,7,9,9,8,9,8,7,7,7,6,4,4,3,8,8,7,7,7,6,7,7,6,9,9,7,9,9,6,8,8,6,10,9,8,35,33,31,26,26,25,24,24,23,20,21,19,18,18,17,18,18,16,13,14,12,14,14,12,15,14,12,12,12,11,11,10,10,11,10,9,11,10,9,7,6,6,10,10,9,10,10,9,10,9,9,8,8,7,8,8,7,7,7,6,8,9,7,37,36,34,31,31,29,29,28,27,25,25,23,21,21,19,19,18,17,16,16,14,15,15,14,13,12,11,13,12,10,16,15,14,13,12,11,13,12,11,8,8,6,9,9,7,7,8,6,44,43,39,47,46,42,34,33,33,33,33,32,27,27,24,24,24,22,18,18,16,15,15,13,16,16,15,19,18,16,17,17,15,16,15,14,12,12,11,10,10,9,10,9,8,9,9,7,9,9,7,8,8,6,44,44,41,33,34,33,40,38,35,19,20,18,14,13,12,10,10,9,13,12,11,13,12,11,11,11,9,10,10,9,9,9,8,9,9,8,8,8,8
2,3,2,30,29,25,25,24,21,23,23,21,19,19,17,14,13,12,12,12,11,12,12,10,11,10,9,9,9,8,8,8,7,8,8,7,7,7,6,8,8,7,8,8,7,9,9,7,7,7,6,1,1,1,2,2,1,2,2,2,3,3,2,24,22,19,27,26,24,23,22,20,19,19,17,18,18,16,14,14,12,11,11,10,11,11,10,9,9,8,9,9,7,9,9,8,9,8,7,7,7,6,4,4,3,8,8,7,7,7,6,7,7,6,9,8,7,9,9,7,8,8,6,9,9,7,34,33,31,26,26,25,24,24,23,20,20,19,18,18,17,18,18,16,13,14,12,14,14,12,15,14,13,12,12,11,11,11,10,11,10,9,11,10,9,7,6,6,10,10,8,10,10,9,10,9,8,8,8,7,8,8,7,7,7,6,8,9,7,37,36,33,30,30,28,28,28,27,25,24,22,21,21,19,18,18,16,16,16,14,16,15,14,13,12,11,13,12,11,17,16,14,13,12,11,13,12,11,8,8,7,9,9,7,7,8,7,43,42,39,46,46,41,33,33,32,33,33,31,27,27,25,24,24,22,18,18,16,15,15,14,16,16,15,19,18,16,17,16,15,16,16,14,12,12,11,11,10,9,10,9,8,9,9,8,9,9,8,8,8,6,44,43,40,33,34,33,39,38,35,19,20,18,14,13,12,10,10,9,13,12,11,13,12,11,11,11,9,10,10,9,9,9,8,9,9,8,9,8,8
2,2,2,30,29,25,24,24,21,23,23,21,18,19,17,14,13,12,12,12,11,12,12,10,11,10,9,9,9,8,8,8,7,8,8,7,7,7,6,8,8,7,8,8,6,9,9,7,7,7,6,1,1,1,2,2,1,2,2,2,3,3,2,23,22,19,26,26,23,23,22,20,19,18,17,18,17,16,14,14,12,11,11,10,11,11,10,9,9,8,9,9,7,9,9,8,9,8,7,7,7,6,4,4,3,8,8,6,7,7,5,7,7,6,9,9,7,9,8,6,8,8,6,10,9,7,34,33,31,26,25,25,23,24,22,19,20,18,18,18,17,18,18,16,13,13,12,14,14,12,14,15,13,12,12,11,11,10,10,11,10,9,11,10,9,6,6,6,10,10,8,10,10,8,10,9,8,8,8,7,8,8,7,7,7,6,8,9,7,36,35,33,30,30,28,27,27,26,24,24,22,21,21,18,18,18,16,16,16,14,15,15,14,13,12,11,13,12,11,16,15,14,13,12,11,13,12,11,8,8,7,9,8,7,7,7,6,42,41,38,46,45,41,32,32,31,32,32,30,27,26,24,24,24,22,18,18,16,15,15,13,16,16,15,19,18,16,17,17,15,16,15,14,12,12,11,10,10,9,10,10,8,9,9,8,9,8,8,8,8,6,43,42,39,32,33,32,38,37,34,19,20,18,14,13,12,10,10,9,12,12,11,13,12,11,11,11,9,10,10,9,9,9,8,9,9,8,8,8,7
2,2,2,30,29,25,24,24,21,23,22,21,19,19,17,14,13,12,12,12,11,12,12,10,11,11,9,9,9,8,8,8,7,8,8,7,7,6,6,8,8,7,8,8,7,9,9,7,7,7,6,1,1,1,2,2,1,2,2,2,3,2,2,24,22,19,26,26,23,23,22,20,19,18,17,18,17,16,14,14,12,11,11,10,11,11,10,9,9,8,9,9,8,9,9,8,9,8,7,7,7,6,4,4,3,8,8,7,7,6,6,7,7,6,9,8,7,9,8,6,8,8,6,9,9,7,34,33,31,26,25,25,23,23,22,19,20,18,18,18,16,18,17,16,13,13,12,14,14,12,15,15,13,13,12,11,11,11,10,11,10,9,10,10,9,6,6,6,10,9,8,10,10,8,9,9,8,8,8,7,8,8,7,7,7,6,8,9,8,36,35,33,30,29,28,27,27,26,24,24,22,21,20,18,18,18,17,16,16,15,16,15,14,13,12,11,13,13,11,16,16,14,13,12,11,13,12,11,8,8,7,9,9,7,7,7,6,43,41,38,45,45,41,32,32,31,31,31,30,27,26,24,24,24,22,18,18,16,15,15,13,16,16,15,19,18,16,18,17,15,17,16,14,12,12,11,10,10,9,10,9,8,9,9,8,9,8,8,8,8,6,43,42,39,32,32,32,38,37,34,19,20,18,14,14,12,10,10,9,12,12,11,13,12,11,11,11,9,10,10,9,9,9,8,9,9,8,8,8,8
2,2,2,30,29,25,24,24,21,23,22,21,19,19,17,14,13,11,12,12,11,12,12,10,11,10,9,9,9,8,8,8,7,8,8,7,7,6,6,8,8,6,8,8,6,9,9,7,7,7,6,1,1,1,2,2,1,2,2,2,3,2,2,23,22,19,26,26,23,22,22,19,18,18,16,17,17,16,14,14,12,11,11,10,11,11,10,9,9,8,9,9,8,9,9,8,9,8,7,7,7,6,4,4,3,8,8,7,7,6,6,7,7,6,8,8,7,9,8,6,8,8,6,9,9,6,34,33,31,25,25,25,23,23,22,19,19,18,17,17,16,18,17,16,13,13,12,14,14,12,15,15,13,12,12,11,11,11,10,11,11,9,10,10,9,6,6,6,10,9,8,10,10,8,9,9,8,8,8,6,8,8,7,7,7,6,8,8,8,36,35,33,29,29,28,26,26,25,24,23,21,20,20,18,18,18,17,16,16,14,15,15,13,13,12,11,13,13,11,16,15,14,13,12,11,13,12,11,7,8,7,9,8,7,7,7,6,42,41,37,45,44,40,31,31,30,31,31,29,26,26,24,24,24,21,18,17,16,15,15,13,16,16,14,19,18,16,17,17,15,17,16,14,12,12,11,10,10,8,10,9,8,8,9,8,9,8,8,8,8,6,42,41,38,31,32,32,37,36,34,19,20,18,14,13,12,10,10,9,12,12,11,12,12,11,11,11,9,10,10,9,9,9,7,9,9,8,8,8,7
2,2,2,30,29,25,24,23,22,23,22,21,19,19,17,14,13,12,13,13,11,12,12,10,11,10,9,9,9,8,8,8,7,8,8,7,7,6,5,8,8,6,8,8,6,9,9,7,7,7,6,1,1,1,2,2,1,2,2,2,3,2,2,23,22,19,26,26,24,22,22,19,18,18,16,17,17,15,14,13,12,11,11,10,11,11,10,9,9,8,9,9,8,9,9,8,9,8,7,7,7,6,4,4,3,8,8,6,7,6,5,7,7,5,8,8,7,9,8,6,8,8,5,10,8,7,34,33,31,25,25,25,23,23,22,19,19,17,17,17,16,18,17,16,13,13,12,14,14,12,15,15,13,13,12,11,11,11,10,11,11,9,10,10,9,6,6,6,10,9,8,10,10,8,9,9,8,8,8,7,8,7,6,7,7,6,8,8,7,36,35,33,29,29,28,26,26,25,23,23,21,20,20,18,18,18,16,16,16,15,15,15,14,13,12,11,13,13,11,16,16,14,13,12,11,13,12,11,8,8,7,9,8,7,7,7,6,42,41,37,44,43,39,31,31,30,30,30,29,26,25,23,24,23,21,18,17,16,15,15,13,16,16,15,19,18,16,18,17,15,17,16,14,12,12,11,10,10,8,10,9,8,8,9,8,8,8,7,8,8,6,42,41,38,31,32,31,37,36,33,19,20,18,14,14,12,10,10,9,13,12,11,13,12,11,11,11,9,10,10,9,9,9,8,9,9,8,8,8,7
2,2,2,30,29,25,24,24,21,22,22,21,18,19,17,14,13,11,13,13,11,12,12,10,11,10,9,9,9,8,8,8,7,8,8,7,7,6,5,7,7,6,8,8,6,9,9,7,7,7,6,1,1,1,2,2,1,2,2,2,3,3,2,23,22,19,26,26,24,22,22,19,18,18,16,17,17,15,14,13,12,11,11,9,11,11,10,9,9,8,9,9,8,9,9,8,9,8,7,7,7,6,4,4,3,8,7,6,7,6,5,7,6,5,8,8,6,8,8,6,8,8,6,9,8,6,34,33,31,25,25,25,22,23,22,18,19,17,17,17,16,18,17,16,13,13,12,14,14,12,15,15,13,13,12,11,11,11,10,11,11,10,10,10,9,6,6,6,10,9,8,10,10,8,9,9,8,8,8,7,8,7,6,7,6,6,8,8,7,36,35,33,29,28,28,26,26,25,23,22,20,20,19,18,18,18,16,16,16,14,15,15,14,13,12,11,13,13,11,16,16,14,13,12,11,13,12,11,8,8,7,9,8,7,7,7,6,42,41,37,44,43,39,31,31,30,30,30,28,25,25,23,23,23,21,18,17,16,15,15,13,16,16,14,19,18,16,18,17,15,16,15,14,12,12,11,10,10,8,9,9,8,8,9,8,8,8,7,8,7,6,41,40,38,31,32,31,36,35,33,19,20,18,14,14,12,10,10,9,12,12,11,12,12,11,11,11,9,10,10,9,9,9,8,9,9,8,8,8,7
2,2,2,30,29,26,24,24,22,22,22,21,19,19,17,14,13,12,13,13,11,12,12,10,11,11,9,10,9,8,8,8,7,8,8,7,7,6,6,8,8,6,8,8,6,9,8,7,7,7,6,1,1,1,2,2,1,2,2,1,3,2,2,24,22,19,26,26,23,22,22,19,18,18,16,17,17,15,14,13,12,11,11,10,11,11,10,9,9,8,9,9,8,9,9,8,9,8,7,7,7,6,4,4,3,8,8,6,7,6,5,7,7,5,8,8,6,8,8,6,8,7,5,9,8,6,34,32,31,25,25,25,23,23,22,19,19,17,17,17,16,18,17,16,13,13,12,14,14,12,15,15,14,13,13,11,11,11,10,12,11,10,10,10,9,6,6,6,10,9,8,10,9,8,9,9,8,8,8,7,8,7,7,7,6,5,8,8,7,36,35,33,29,28,28,26,26,25,23,22,21,19,19,18,18,18,16,16,16,14,16,15,14,13,13,11,14,13,12,17,16,14,13,13,11,13,12,11,8,8,7,9,8,8,7,7,6,41,41,37,43,43,39,31,31,30,29,30,28,25,24,22,23,23,21,18,17,16,15,15,13,16,16,15,19,18,16,18,17,16,17,16,14,12,11,11,10,10,8,10,9,8,8,9,8,8,8,7,8,7,6,41,40,38,30,31,30,36,35,32,19,20,18,14,14,12,10,10,10,13,12,11,13,12,11,11,11,9,10,10,9,9,9,8,9,9,9,8,8,7
2,2,2,30,29,25,24,24,21,22,22,20,19,19,17,14,13,12,13,13,11,12,12,10,11,11,9,10,9,8,8,8,7,8,8,7,7,6,6,8,7,6,8,7,6,9,8,7,7,7,6,1,1,1,2,2,1,2,2,2,3,2,2,23,22,19,26,25,23,22,22,19,18,18,16,17,17,15,14,13,12,11,11,9,11,11,10,9,9,8,9,9,8,9,9,8,9,8,7,7,7,6,4,4,3,8,7,6,6,6,5,7,6,5,8,8,6,8,8,6,7,7,5,8,8,7,34,32,31,25,25,25,23,23,21,18,18,17,16,16,16,18,17,16,13,13,12,14,14,12,15,15,13,13,12,11,11,11,10,12,11,10,10,10,9,6,6,6,9,9,8,10,9,8,9,9,7,8,8,7,7,7,7,6,6,5,8,8,7,36,35,33,28,28,27,25,25,24,22,22,20,19,18,17,18,17,16,16,16,14,15,15,14,13,12,11,14,13,12,17,16,15,13,13,11,13,12,11,7,8,6,9,8,8,7,7,6,41,40,37,43,43,39,30,30,29,29,29,27,24,24,22,23,23,20,17,17,16,15,15,13,16,16,15,19,18,16,18,17,16,17,16,14,12,11,11,10,9,8,9,9,8,8,8,8,8,8,7,8,7,6,41,40,37,29,31,30,35,34,32,19,20,18,14,14,12,10,10,10,12,12,11,12,12,11,11,11,9,10,10,9,9,9,8,9,9,8,8,8,7
2,2,2,30,29,26,24,24,22,22,22,21,18,19,17,14,13,12,13,13,11,12,12,11,11,11,9,10,9,8,9,8,7,8,8,7,7,6,6,8,7,7,8,7,6,8,8,7,7,7,6,1,1,1,2,2,1,2,2,2,2,2,2,24,22,20,26,26,23,22,22,19,18,18,16,17,17,15,14,13,12,11,11,10,11,11,10,9,9,8,9,9,8,9,9,8,9,9,7,7,7,6,4,4,3,8,7,6,6,6,5,7,6,5,8,8,6,8,8,6,7,7,5,8,7,6,34,33,31,25,25,25,23,23,21,18,19,17,16,17,16,17,17,16,13,13,12,14,14,12,15,15,14,13,13,11,11,11,10,12,11,10,11,10,9,6,6,6,10,9,8,9,9,8,8,8,7,8,8,7,7,7,7,6,6,5,8,8,7,36,35,33,28,28,27,25,25,24,22,22,20,19,18,17,18,17,16,16,16,14,16,15,14,13,13,11,14,13,12,17,16,15,13,13,12,13,12,11,7,8,6,9,8,8,7,7,6,41,40,37,43,43,39,30,30,29,29,29,27,24,24,22,23,22,20,17,17,16,15,15,14,16,16,15,19,18,16,18,17,16,17,16,14,12,12,11,10,10,8,10,9,8,9,8,8,8,8,7,8,7,6,41,40,38,30,31,30,35,34,32,19,20,18,14,14,12,10,10,10,13,13,11,13,12,11,11,11,10,10,10,9,9,9,8,9,9,9,8,8,7
2,2,2,30,29,25,24,23,21,22,22,20,19,19,17,14,13,12,13,13,11,12,12,11,11,10,9,10,9,8,9,8,7,8,8,7,7,6,6,7,7,7,8,7,6,8,8,7,7,7,5,1,1,1,2,2,1,2,2,2,3,2,2,24,22,19,26,26,23,22,22,19,18,18,16,17,17,15,13,13,12,11,11,9,11,11,10,9,9,8,9,9,8,9,9,8,9,9,8,7,7,6,4,4,3,8,7,6,6,6,5,6,6,5,8,8,6,8,8,6,7,7,5,8,7,6,34,32,31,25,25,24,23,23,21,18,19,17,16,16,16,17,17,16,13,13,12,14,14,12,15,15,13,13,13,11,11,11,10,12,11,10,11,10,9,6,6,6,9,9,8,10,9,8,8,8,8,7,7,7,7,7,6,6,6,5,8,8,7,35,35,32,28,28,27,25,25,24,22,22,20,18,18,17,17,17,16,16,16,14,15,15,14,13,12,11,14,13,12,17,16,15,13,13,12,13,12,11,7,8,6,8,8,7,7,7,6,41,40,37,43,43,38,30,30,29,29,29,27,24,24,22,22,22,20,17,17,16,15,15,13,16,16,15,19,18,16,18,17,16,17,16,14,12,12,11,10,10,8,9,9,8,8,8,7,8,8,7,7,8,6,41,40,37,29,31,30,35,34,32,19,20,18,14,14,12,10,10,10,13,13,11,13,12,11,11,11,9,10,10,9,9,9,8,9,9,8,8,8,7
2,2,2,30,29,25,24,24,22,22,22,20,19,19,17,14,13,12,13,13,11,13,12,11,11,11,9,10,9,8,9,8,7,8,8,7,7,6,6,8,7,7,8,7,6,8,8,7,7,7,6,1,1,1,2,2,1,2,2,1,3,2,2,23,22,19,26,26,23,22,21,19,18,18,16,17,17,15,14,13,12,11,11,10,11,11,10,9,9,8,9,9,8,10,9,8,9,9,8,7,7,6,4,4,3,8,7,6,6,6,5,7,6,5,8,8,6,8,8,6,7,7,5,8,7,5,33,32,31,25,25,25,23,23,21,18,18,18,16,16,16,17,17,16,13,13,12,14,14,12,15,15,13,13,13,11,11,11,10,12,11,10,11,10,9,6,6,6,10,9,8,9,9,8,8,8,8,7,7,7,7,7,6,6,6,5,7,7,7,35,35,33,28,28,27,26,25,24,22,22,20,18,18,17,17,17,16,16,16,14,15,15,13,13,13,11,14,13,12,17,16,15,14,13,12,13,13,11,8,7,6,8,8,7,7,7,6,41,40,37,43,42,39,30,30,29,29,29,28,24,24,22,22,22,20,17,17,16,15,15,13,16,16,15,19,18,16,18,17,16,17,16,14,12,12,11,10,10,8,9,9,8,9,8,8,8,8,7,8,7,6,41,40,38,30,31,30,35,34,32,19,19,18,14,14,12,11,11,10,13,13,12,13,12,11,11,11,10,10,10,9,9,9,8,9,9,8,8,8,7
2,2,2,30,29,25,24,23,21,22,22,20,18,19,17,14,13,12,13,13,11,12,12,11,11,11,9,10,9,8,8,8,7,8,8,7,6,6,5,7,7,6,8,7,6,8,8,7,7,7,5,1,1,1,2,2,1,2,2,2,2,2,2,23,22,19,26,25,23,22,21,19,18,18,16,17,17,15,13,13,12,11,11,9,11,11,10,9,9,8,9,9,8,9,9,8,9,9,7,7,6,6,4,4,3,8,7,6,6,6,5,7,6,5,8,8,6,8,7,6,7,7,5,7,7,6,34,32,31,25,25,24,23,22,21,18,18,18,16,16,15,17,16,15,13,13,12,14,13,12,15,15,13,13,13,11,11,11,10,12,11,10,11,10,9,6,6,6,10,9,8,9,9,8,8,8,8,7,7,6,7,7,6,6,6,5,7,7,6,35,35,33,28,28,27,25,25,24,21,22,20,18,18,17,17,17,15,15,15,14,15,15,13,13,12,11,14,13,12,17,16,15,14,13,12,13,12,11,8,7,6,8,8,7,7,7,6,41,40,37,43,42,39,30,30,29,29,29,27,23,23,22,21,21,20,17,16,15,15,15,13,16,16,14,19,18,16,18,17,15,17,16,14,12,12,11,10,9,8,9,9,8,8,8,7,8,8,7,8,7,6,40,40,38,30,30,30,35,34,32,18,19,18,14,14,12,10,10,10,13,13,12,13,12,11,11,11,10,10,10,9,9,9,8,9,9,8,8,8,7
2,2,2,30,29,26,24,24,22,22,22,21,18,19,17,14,13,12,13,13,11,12,12,11,11,11,9,10,9,8,9,8,7,8,8,7,7,6,6,7,7,7,8,7,6,8,8,7,7,7,5,1,1,1,2,2,1,2,2,2,2,2,2,23,22,19,26,25,23,22,21,19,18,18,16,17,17,15,14,13,12,11,11,9,11,11,10,9,9,8,9,9,8,9,9,9,9,9,8,7,7,6,4,4,3,8,7,6,6,6,5,7,6,6,8,8,7,8,7,6,7,6,5,8,7,6,34,33,31,25,25,24,23,23,21,18,18,18,16,16,16,17,17,16,13,13,12,14,13,12,15,15,13,13,13,12,11,11,10,12,11,10,11,10,9,6,6,6,10,9,8,9,9,8,9,8,8,7,7,6,7,7,6,6,6,5,7,7,7,35,35,33,28,28,27,25,25,24,21,22,20,18,18,17,17,17,16,16,15,14,15,15,13,13,13,11,14,13,12,17,16,15,14,13,12,13,13,11,8,7,6,8,8,7,7,7,6,41,40,37,43,42,39,30,30,29,29,29,27,23,23,22,21,22,20,17,17,15,15,15,13,16,16,14,19,18,16,18,17,16,17,16,14,12,12,11,10,10,8,10,9,8,8,8,7,8,8,7,8,7,7,40,40,39,30,30,30,35,34,32,19,19,18,14,14,12,10,10,10,13,13,12,13,12,11,11,11,10,10,10,9,9,9,8,9,9,8,8,8,7
2,2,2,30,29,26,24,23,21,22,22,20,18,19,17,14,13,12,13,13,11,12,12,11,11,11,9,10,9,8,9,8,7,8,8,7,7,6,5,7,7,7,7,7,6,8,8,7,7,6,5,1,1,1,2,2,1,2,2,1,2,2,2,23,22,20,26,25,23,22,21,19,18,18,16,17,17,15,13,13,11,11,11,9,11,11,10,9,9,8,9,9,8,9,9,8,9,9,8,7,7,6,4,4,3,8,7,6,6,6,5,6,6,6,8,8,6,8,7,6,7,6,5,8,7,6,34,33,31,25,25,24,22,22,21,18,18,18,16,16,15,17,17,15,13,13,12,14,13,12,15,15,13,13,13,12,11,11,10,12,11,10,11,10,9,6,6,6,10,9,8,9,9,8,8,8,7,7,7,6,7,7,6,6,6,5,7,7,6,35,35,32,28,28,27,25,25,24,21,22,20,18,18,16,17,17,15,16,15,14,15,15,13,13,12,11,14,13,12,17,16,14,14,13,12,13,13,11,7,7,6,8,8,7,7,7,6,41,40,37,43,42,38,30,30,29,28,28,27,23,23,21,21,21,19,17,16,15,15,15,13,16,16,14,19,18,16,18,18,16,17,16,14,12,12,11,10,9,8,10,9,8,8,8,7,8,8,7,8,7,6,40,40,37,29,30,30,34,34,31,18,19,18,14,14,12,10,10,10,13,13,11,13,12,11,11,11,10,10,10,9,9,9,8,9,9,8,8,8,7
2,2,2,30,29,26,24,24,22,22,22,20,18,18,17,14,13,12,13,13,11,13,12,11,11,11,9,10,9,8,9,8,7,8,8,7,7,6,5,7,7,7,8,7,6,8,8,7,7,6,5,1,1,1,2,2,1,2,2,2,2,2,2,23,22,19,26,25,23,22,21,19,18,18,16,17,17,16,13,13,12,11,11,10,11,11,10,9,9,8,9,9,8,10,9,8,9,9,8,7,7,6,4,4,3,8,7,6,6,6,5,6,6,5,8,8,6,8,8,6,7,6,5,8,7,6,34,33,31,25,25,25,22,23,21,18,18,18,16,16,16,17,17,15,13,13,12,14,13,12,15,15,13,13,13,12,12,11,10,12,11,10,11,10,9,6,6,6,10,9,8,10,9,8,9,8,8,7,7,6,7,7,7,6,6,5,7,7,6,35,35,33,29,28,28,25,25,24,22,22,20,18,18,17,17,17,16,15,15,14,15,15,14,13,12,11,14,13,12,17,16,15,14,13,12,13,13,12,7,7,6,8,8,7,7,7,6,41,40,37,43,42,38,30,30,29,28,29,27,23,23,22,21,21,19,17,16,15,15,15,13,16,16,14,19,18,16,18,17,16,17,16,14,13,12,11,10,10,8,10,9,8,8,8,7,8,8,7,8,7,6,40,40,38,29,30,30,35,34,32,18,19,18,14,14,13,10,10,10,13,13,12,13,12,11,11,11,10,10,10,9,9,9,8,9,9,8,8,8,7
2,2,2,30,29,26,24,24,21,22,22,20,18,18,17,14,13,12,13,13,11,12,12,11,11,11,9,10,10,8,9,8,7,8,8,7,6,6,5,7,7,7,8,7,6,8,8,7,7,6,5,1,1,1,2,2,1,2,2,1,2,2,2,24,22,20,26,25,23,22,21,19,18,18,16,17,17,16,13,13,12,11,11,10,11,11,10,9,9,8,9,9,8,10,9,8,9,9,8,7,7,6,4,4,3,8,7,6,6,6,5,6,6,5,8,7,6,8,7,6,7,7,5,7,7,6,34,33,31,25,25,24,22,22,21,18,18,18,16,16,15,17,16,15,13,13,12,14,13,12,14,14,13,13,13,12,12,11,10,12,11,10,11,10,9,6,6,6,10,9,8,9,9,8,8,8,7,7,7,6,7,7,7,6,6,5,7,7,6,35,34,32,28,28,27,25,25,24,22,22,20,18,18,17,17,17,15,16,15,14,15,15,14,13,12,11,14,13,12,17,16,15,14,13,12,13,13,12,7,7,6,8,8,7,7,7,6,41,40,37,43,42,38,30,30,29,28,28,27,23,23,21,21,21,19,17,16,15,15,15,13,16,15,14,19,18,16,18,17,16,17,16,14,12,12,11,10,10,8,10,9,8,8,9,7,8,8,7,8,8,6,41,40,38,30,30,30,34,34,32,18,19,17,14,14,13,10,10,10,13,13,12,13,12,11,11,11,9,10,10,9,9,9,8,8,9,8,8,8,7
3,3,2,30,29,26,24,24,21,22,22,21,18,18,17,14,13,12,13,13,11,13,12,11,11,11,9,10,9,8,9,8,7,8,8,7,7,6,6,7,7,7,8,7,6,8,8,7,7,6,5,1,1,1,2,2,1,2,2,1,2,2,2,24,22,20,26,26,23,22,21,20,18,18,16,17,17,16,13,13,12,11,11,10,11,11,10,9,9,8,9,9,8,10,9,8,9,9,8,7,7,6,4,4,3,8,7,6,6,6,5,6,6,5,8,7,6,8,7,6,7,6,5,7,7,6,34,33,31,25,25,25,22,23,21,18,18,17,16,16,16,17,17,15,13,13,12,14,13,12,15,15,13,13,13,12,12,11,11,12,11,10,11,10,9,6,6,6,10,9,8,9,9,8,8,8,8,7,7,6,7,7,6,6,6,5,7,7,6,35,35,33,29,28,27,25,25,25,21,22,20,18,18,17,17,17,16,16,15,14,15,15,13,13,12,11,14,13,12,17,16,15,14,13,12,13,13,12,7,7,6,9,8,7,7,7,6,41,40,37,43,42,38,30,30,29,28,29,27,23,23,21,21,21,19,17,16,15,15,15,13,15,16,14,19,18,16,18,17,16,17,16,14,13,12,11,10,9,8,10,9,8,8,9,8,8,8,7,8,7,7,41,40,38,30,30,30,35,34,32,18,19,17,14,14,13,10,11,10,13,13,12,13,12,11,11,11,9,10,10,9,9,9,8,9,9,8,8,8,7
2,3,2,30,29,26,24,24,21,22,22,21,18,18,17,13,13,11,13,13,11,13,12,11,11,11,9,10,9,8,9,8,7,8,8,7,7,6,5,7,7,6,8,7,6,8,8,7,7,6,5,1,1,1,2,2,1,2,2,2,2,2,2,24,22,20,26,25,23,22,21,20,18,18,16,17,16,16,13,13,12,11,11,10,11,11,10,9,9,8,9,9,8,10,9,8,9,9,8,7,7,6,4,4,3,8,7,6,6,6,5,6,6,5,8,7,7,8,7,5,7,7,5,7,7,5,34,32,31,25,25,24,22,23,21,18,18,18,16,16,15,17,16,15,13,13,12,14,13,12,14,14,13,13,13,12,11,11,10,12,11,10,11,10,9,6,6,6,10,9,8,9,9,8,8,8,7,7,7,6,7,7,6,6,6,5,7,7,5,35,35,33,28,28,27,25,25,25,22,22,20,18,18,16,17,17,15,16,15,14,15,15,14,13,12,11,14,13,11,17,16,15,14,13,12,13,13,12,7,7,6,8,8,7,7,7,6,41,40,37,43,42,38,30,30,29,28,29,27,23,23,21,21,21,19,17,16,15,15,15,13,15,15,14,19,18,16,18,18,16,17,16,14,13,12,11,10,9,8,9,9,8,8,9,8,8,8,7,8,7,7,40,40,38,30,30,30,34,34,32,18,19,17,14,14,13,10,10,10,13,12,12,13,13,11,11,11,9,10,10,9,9,9,8,9,9,8,8,8,7
3,3,2,30,29,26,24,23,21,23,22,20,18,18,17,13,13,11,13,13,11,13,12,10,11,11,9,10,9,8,9,8,7,8,8,7,7,6,6,8,7,6,8,7,6,8,8,7,7,6,5,1,1,0,2,2,1,2,2,1,2,2,2,24,22,19,26,25,23,22,22,19,18,18,16,17,17,15,13,13,12,11,11,10,11,10,10,9,9,8,9,9,8,10,9,8,9,9,8,7,7,6,4,4,3,8,7,6,6,6,5,6,6,5,8,7,6,8,8,6,7,7,6,7,7,6,33,33,31,25,25,23,22,22,22,18,18,17,16,16,15,17,16,15,13,13,12,14,13,12,15,15,13,13,13,11,12,11,10,12,11,10,11,11,9,6,6,5,10,9,8,9,9,8,8,8,7,7,7,6,7,7,6,6,6,5,8,7,6,35,35,32,28,28,26,25,25,25,22,22,20,18,18,16,17,17,15,16,15,14,15,15,13,13,12,11,14,13,11,17,16,15,14,13,12,13,12,11,7,7,6,9,8,7,7,7,6,41,40,37,43,41,38,30,30,29,28,28,27,23,23,22,22,21,20,16,16,15,15,14,13,16,15,14,19,18,16,18,17,16,17,16,14,12,12,11,10,10,8,9,9,7,9,8,7,8,8,7,8,7,6,40,39,37,29,30,30,34,33,32,19,18,18,14,14,13,10,10,9,13,12,11,13,12,11,11,10,9,10,10,9,9,9,8,9,9,8,8,8,7
2,2,2,30,29,26,24,23,21,23,21,20,18,18,17,13,13,11,13,13,11,13,12,11,11,11,10,10,9,8,9,8,7,8,8,7,7,6,6,8,7,6,8,7,6,8,8,7,7,6,5,1,1,1,2,2,1,2,2,1,2,2,2,24,22,19,26,26,23,22,22,19,18,18,16,17,17,15,13,13,12,11,11,10,11,10,10,9,9,8,9,9,8,10,9,8,9,9,7,7,7,6,4,4,3,8,7,6,6,6,5,6,6,5,8,7,6,8,8,6,7,6,5,8,7,6,33,33,31,25,25,23,22,22,21,18,18,17,16,16,15,17,16,15,13,13,12,14,13,12,15,15,13,13,13,11,12,11,10,12,11,10,11,11,9,6,6,5,9,9,8,9,9,8,8,8,7,7,7,6,7,7,6,6,6,5,8,7,6,35,35,32,28,28,27,25,25,24,22,22,20,18,18,16,17,17,15,16,15,14,15,15,13,13,12,11,14,13,12,17,16,15,14,13,12,13,12,11,7,7,7,8,8,7,7,7,6,41,40,37,43,41,38,30,30,29,28,28,27,23,23,21,22,21,20,16,16,15,15,14,13,16,15,14,19,18,16,18,17,16,17,16,14,13,12,11,10,10,8,9,9,7,9,8,7,8,8,7,8,7,6,40,39,37,29,30,30,34,33,32,19,18,18,14,14,13,10,10,9,13,12,11,13,12,11,11,11,9,10,10,9,9,9,8,9,9,8,8,8,7
2,2,2,30,29,27,24,23,22,22,21,20,19,18,16,14,14,11,13,13,11,13,12,11,11,11,10,10,10,8,9,8,7,9,8,7,7,6,6,8,7,6,8,7,6,8,8,7,7,6,5,1,1,0,2,2,1,2,2,1,2,2,2,24,23,20,26,26,22,22,22,20,18,18,17,17,17,15,13,13,12,11,11,10,11,11,10,9,9,8,9,9,8,10,9,8,10,9,8,7,7,6,4,4,3,8,7,6,6,6,5,6,6,5,8,7,6,8,8,6,7,7,5,8,7,6,34,33,31,25,25,23,23,22,22,18,18,17,16,16,15,17,16,15,13,13,12,14,13,12,15,15,13,13,13,11,12,11,10,12,11,11,11,10,9,6,6,5,10,9,8,10,9,8,8,8,7,7,7,6,7,7,6,6,6,5,8,7,6,35,35,32,29,28,27,25,25,24,22,22,20,18,18,17,17,17,16,16,15,14,15,15,13,13,12,11,14,13,12,17,16,15,14,14,12,13,13,12,7,7,7,9,8,8,7,7,6,41,40,37,43,42,38,30,30,29,28,28,27,23,23,21,22,21,20,17,16,15,15,15,13,16,16,14,19,18,16,18,17,16,17,16,14,13,12,11,10,10,8,9,9,7,8,8,8,8,8,7,8,7,7,40,40,37,30,30,30,34,33,32,19,18,18,14,14,13,10,10,9,13,12,11,13,12,11,11,11,9,10,10,9,9,9,8,9,9,8,8,8,7
2,2,2,30,29,26,24,23,22,22,21,20,18,18,16,14,13,12,13,13,11,12,12,10,11,11,10,10,9,8,9,8,7,8,8,7,7,6,5,8,7,6,8,7,6,8,8,7,7,6,5,1,1,0,2,2,1,2,2,1,3,2,2,24,22,19,26,25,22,22,22,20,18,18,17,17,17,15,13,13,12,11,11,10,11,10,10,9,9,8,9,9,8,10,9,8,10,9,8,7,7,6,4,4,3,8,7,6,6,6,5,6,6,5,8,7,6,8,7,6,7,6,5,7,7,5,34,33,31,25,25,23,22,22,22,18,18,17,16,16,15,17,16,15,13,13,11,14,13,12,15,14,13,13,13,11,12,11,10,12,11,10,11,10,9,6,6,5,10,9,8,9,9,8,8,8,7,7,7,6,7,7,6,6,6,5,8,7,6,35,35,32,28,28,27,25,25,24,22,22,20,18,18,17,17,17,16,16,15,14,15,15,13,13,12,11,14,13,11,17,17,15,14,13,12,13,12,11,7,7,7,8,8,7,7,7,6,41,40,37,43,42,38,29,30,29,28,28,27,23,23,21,22,21,19,16,16,15,15,15,13,15,15,14,19,18,16,18,17,16,17,16,14,13,12,11,10,10,8,9,9,7,8,8,8,8,8,7,8,7,6,40,39,37,30,30,30,34,33,32,19,19,18,14,14,12,10,10,9,13,12,11,13,12,11,11,11,9,10,10,9,9,9,8,9,9,8,8,7,7
3,3,2,30,29,27,24,24,22,22,21,20,19,18,17,14,13,12,13,13,11,13,12,11,11,11,10,10,9,8,9,8,7,8,8,7,7,6,5,8,7,6,8,7,6,8,8,7,7,6,5,1,1,0,2,2,1,2,2,1,2,2,2,24,22,20,26,25,23,22,22,20,18,18,17,17,17,15,13,13,12,11,11,10,11,11,10,9,9,8,9,9,8,10,9,8,10,9,8,7,7,6,4,4,3,8,8,6,6,6,5,6,6,5,8,7,6,8,7,6,7,7,5,7,7,6,34,33,31,25,25,24,23,22,22,18,18,17,16,16,15,17,16,15,13,13,12,14,13,12,15,15,13,13,13,11,12,11,10,12,11,11,11,10,9,6,6,6,10,9,8,9,9,8,8,8,7,7,7,6,7,7,6,6,6,5,8,7,6,35,35,32,29,28,27,26,25,25,22,22,20,18,18,17,17,17,16,16,15,14,15,15,13,13,12,11,14,13,11,17,17,15,14,13,12,13,12,12,7,7,7,9,8,8,7,7,6,41,40,37,43,42,38,29,30,29,28,28,27,23,23,21,21,21,20,16,16,15,15,15,13,16,15,14,19,18,16,18,17,16,17,16,14,13,12,11,10,9,8,9,9,8,8,8,8,8,8,7,8,7,6,40,39,37,30,30,30,35,33,32,19,19,18,14,14,12,10,10,9,13,12,11,13,12,12,11,11,9,10,10,9,9,9,8,9,9,8,8,8,7
3,3,2,30,29,26,24,24,22,22,21,20,19,18,16,13,13,11,13,13,11,13,12,11,11,11,10,10,9,8,9,8,7,8,8,7,7,6,5,8,7,6,8,7,6,8,8,7,7,6,5,1,1,0,2,2,1,2,2,1,2,2,2,24,22,19,26,25,23,22,22,20,18,18,16,17,17,15,13,13,12,11,11,9,11,11,10,9,9,8,9,9,8,10,9,8,10,9,7,7,7,6,4,4,3,8,7,6,6,6,5,6,6,5,8,7,6,8,7,6,7,7,5,7,7,5,34,33,31,25,25,23,22,22,21,18,18,17,16,16,15,17,16,15,13,13,12,14,13,12,15,15,13,13,12,11,12,11,10,12,11,10,11,10,9,6,6,5,10,9,8,9,9,8,8,8,7,7,7,6,7,7,6,6,6,5,7,7,6,35,35,32,28,28,27,25,25,25,22,21,20,18,18,17,17,17,15,16,15,14,15,15,13,13,12,11,13,13,11,17,17,15,14,13,12,13,13,12,7,7,6,9,8,7,7,7,6,41,40,36,43,41,38,29,30,29,28,28,27,23,23,21,21,21,20,16,16,15,15,14,13,15,15,14,19,18,16,18,17,16,17,16,14,13,12,11,10,10,8,9,9,8,8,8,8,8,8,7,8,7,7,40,39,37,29,30,30,34,33,32,19,19,18,14,14,12,10,10,9,13,12,11,13,12,11,11,11,9,10,10,9,9,9,8,9,9,8,8,8,7
3,3,2,30,29,27,25,24,22,22,21,20,19,18,17,13,13,12,13,13,11,13,12,11,11,11,10,10,9,8,9,8,7,9,8,7,7,6,5,8,7,6,8,7,6,9,8,7,7,6,5,1,1,0,2,2,1,2,2,1,2,2,2,24,22,19,26,25,24,22,22,20,18,18,17,17,17,15,13,13,12,11,11,10,11,11,10,9,9,8,9,9,8,10,9,8,10,9,8,7,7,6,4,4,3,8,8,7,6,6,5,6,6,5,8,7,6,8,7,6,7,7,5,7,7,5,34,33,31,25,25,24,22,22,22,18,18,18,16,16,16,17,16,15,13,13,12,14,13,12,15,15,13,13,13,11,12,11,10,12,11,10,11,11,9,6,6,5,10,9,8,9,9,8,9,8,7,7,7,6,7,7,6,6,6,5,7,7,6,35,35,33,28,28,27,25,25,25,22,21,21,18,18,17,17,17,16,16,15,14,15,15,13,13,12,11,14,13,11,17,17,15,14,13,12,13,13,12,7,7,6,9,8,8,7,7,6,41,40,36,43,42,39,29,30,29,28,28,27,23,23,21,21,21,20,16,16,15,15,14,13,15,15,14,19,18,16,18,17,16,17,16,15,13,12,11,10,10,8,9,9,8,8,8,8,8,8,7,8,7,7,40,40,38,29,30,30,35,33,32,19,19,18,14,13,12,10,10,9,13,12,11,13,12,12,11,10,10,10,10,9,9,9,8,9,9,8,8,8,7
2,2,2,30,29,27,24,23,22,22,21,20,18,18,16,13,13,12,13,13,12,13,12,10,11,11,9,10,10,8,9,8,7,9,8,7,7,6,5,8,7,6,8,7,6,9,8,7,7,6,5,1,1,1,2,2,1,2,2,1,2,2,2,24,22,19,26,25,23,22,22,19,18,18,17,17,17,15,13,13,12,11,11,10,11,11,10,9,9,8,9,9,8,10,9,8,10,9,8,7,7,6,4,4,3,8,8,7,6,6,5,6,6,5,8,7,6,8,7,6,7,7,5,7,7,5,34,33,31,25,25,24,22,22,21,18,18,18,16,16,16,17,16,15,13,13,12,13,13,12,15,15,13,13,13,11,12,12,10,12,11,10,11,10,9,6,6,5,10,9,8,9,9,8,8,8,7,7,7,6,7,7,6,6,6,5,7,7,6,35,35,32,28,28,27,25,25,25,22,21,20,18,18,17,17,17,15,15,15,14,15,15,13,13,12,11,13,13,11,17,17,15,14,13,12,13,13,12,7,7,6,9,8,7,7,7,6,41,40,36,43,42,38,29,30,29,28,28,27,23,23,21,21,21,19,16,16,15,15,14,13,15,15,14,19,18,16,18,17,16,17,16,15,13,12,11,10,10,7,9,9,8,8,8,7,8,8,7,7,7,6,40,40,37,29,30,30,34,33,32,19,18,18,14,13,12,10,10,9,13,12,11,13,12,11,11,10,9,10,10,9,9,9,8,9,9,8,8,8,7
3,3,2,30,29,27,25,24,22,22,21,20,19,18,17,14,13,12,13,13,12,13,12,11,11,11,9,10,10,8,9,8,7,9,8,7,7,6,6,8,7,6,8,7,6,9,8,7,7,6,5,1,1,0,2,2,1,2,2,1,2,2,2,23,22,20,26,25,23,22,22,20,18,18,17,17,17,15,13,13,12,11,11,10,11,11,10,9,9,8,9,9,8,10,9,8,10,9,8,7,7,6,4,4,3,8,8,6,6,6,5,6,6,5,8,7,6,8,7,6,7,7,5,7,7,6,34,33,31,25,25,24,22,22,22,18,18,18,16,16,16,17,16,15,13,13,12,14,13,12,15,15,13,13,13,11,12,12,10,12,11,10,11,11,9,7,6,5,10,9,8,9,9,8,9,8,7,7,7,6,7,7,6,6,6,5,7,7,6,36,35,33,29,28,27,25,25,25,22,22,21,18,18,17,17,17,16,16,15,14,15,15,14,13,12,11,14,13,12,17,17,15,14,14,13,13,13,12,7,7,7,9,8,7,7,7,6,41,40,37,43,42,38,29,29,29,28,28,27,23,23,21,21,21,19,16,16,15,15,14,13,15,15,14,19,18,16,18,17,16,17,16,15,13,12,11,10,9,8,9,9,8,9,9,8,8,8,7,8,7,6,40,40,37,29,30,30,34,33,32,19,18,18,14,14,12,11,10,10,13,12,11,13,12,12,11,10,10,10,10,9,9,9,8,9,9,9,8,8,7
3,3,2,30,29,26,25,23,22,22,21,20,18,18,17,13,13,12,13,12,11,13,12,10,11,11,9,10,10,8,9,8,7,9,8,7,7,6,6,8,7,6,8,7,6,8,8,7,7,6,5,1,1,0,2,2,1,2,2,1,2,2,2,23,22,20,26,25,23,22,21,20,18,18,17,17,17,15,13,13,12,11,11,9,11,11,10,9,9,8,9,9,8,10,9,8,10,9,8,7,7,6,4,4,3,8,8,6,6,6,5,6,6,5,8,7,6,8,7,6,7,7,5,7,7,6,34,33,31,25,25,23,22,22,22,18,18,18,16,16,16,17,16,15,13,13,12,14,13,12,15,15,13,13,13,11,12,11,10,12,11,10,11,10,9,6,6,5,9,9,8,9,9,8,8,8,7,7,7,6,7,7,6,6,6,5,7,7,6,36,35,33,28,28,27,25,25,24,21,21,20,18,18,17,17,17,16,16,15,14,15,15,14,13,12,11,14,13,12,17,17,15,14,13,12,13,13,12,7,7,7,9,8,8,7,7,6,41,40,36,43,42,38,29,30,29,28,28,27,23,23,21,21,21,19,16,16,15,15,14,13,15,15,14,19,18,16,18,17,16,17,16,15,13,12,11,10,9,8,9,9,8,8,8,8,8,8,7,8,7,7,40,39,37,29,30,30,35,33,32,19,18,18,14,14,12,10,10,9,13,12,11,13,12,11,11,10,10,10,10,9,9,9,8,9,9,8,8,8,7
3,3,2,30,29,26,25,24,22,22,22,20,19,18,17,14,13,12,13,13,12,13,12,11,11,11,9,10,10,8,9,8,7,9,8,7,7,6,6,8,7,7,8,7,6,9,8,7,7,7,5,1,1,0,2,2,1,2,2,1,2,2,2,23,22,20,26,25,23,22,22,20,18,18,17,17,17,15,14,13,12,11,11,10,11,11,10,9,9,8,9,9,8,10,9,8,10,9,8,7,7,6,4,4,3,8,8,7,6,6,5,6,6,5,8,7,6,8,7,5,7,7,5,7,7,5,34,33,31,25,25,23,22,22,21,18,18,18,16,16,16,17,16,15,13,13,12,14,13,12,15,15,13,13,13,11,12,12,11,12,11,11,11,11,10,7,6,6,10,9,8,9,9,8,9,8,7,7,7,6,7,7,6,6,6,5,8,7,6,36,35,33,29,28,27,26,25,25,22,22,20,18,18,17,17,17,16,15,15,14,15,15,13,13,12,11,14,13,12,18,17,15,14,13,12,14,13,12,7,7,7,9,8,8,7,7,6,41,40,37,43,42,38,29,30,30,28,28,27,23,23,21,21,21,20,16,16,15,15,14,13,15,15,14,19,18,17,18,17,16,17,16,15,13,12,11,10,9,8,9,9,8,8,9,8,8,8,7,8,7,7,40,40,37,29,30,30,35,33,32,19,19,18,14,14,12,10,10,10,13,13,11,13,12,12,11,11,10,10,10,9,9,9,8,9,9,9,8,8,7
3,3,2,30,29,26,25,24,22,22,22,20,19,18,17,13,13,12,13,13,11,13,12,11,11,11,9,10,10,8,9,8,7,9,8,7,7,6,6,8,7,7,8,7,6,8,8,7,7,7,5,1,1,0,2,2,1,2,2,1,2,2,2,23,23,19,26,25,23,22,22,20,18,18,17,17,17,15,13,13,12,11,11,10,11,11,10,9,9,8,9,9,8,10,9,9,9,9,8,7,7,6,4,4,3,8,7,6,6,6,5,6,6,5,8,7,6,8,7,6,7,7,5,7,7,6,34,33,31,25,25,23,22,22,22,18,18,18,16,16,16,17,16,15,13,13,12,14,13,12,15,15,13,13,13,11,12,11,11,12,11,10,11,11,9,7,6,5,10,9,8,9,9,8,8,8,7,7,7,6,7,7,6,6,6,5,8,7,6,35,35,33,28,28,27,25,25,25,22,22,20,18,18,17,17,17,16,15,15,14,15,14,13,13,12,11,14,13,12,17,17,15,14,13,12,13,13,11,7,7,6,9,8,7,7,7,6,41,40,36,43,41,38,29,30,29,28,28,27,23,23,21,21,21,19,16,16,15,15,14,13,15,15,14,19,18,16,18,17,16,17,16,15,13,12,12,10,9,8,9,9,7,8,9,8,8,8,7,7,7,7,40,39,37,29,30,30,34,33,32,19,18,18,14,14,12,10,10,10,13,13,11,13,12,11,11,11,9,10,10,9,9,9,8,9,9,8,8,7,6
3,3,2,30,29,26,25,24,22,23,22,20,19,18,17,14,13,12,13,13,12,13,12,11,11,11,10,10,10,8,9,9,7,9,8,7,7,7,5,8,7,7,8,7,6,8,8,7,7,7,5,1,1,0,2,2,1,2,2,1,2,2,2,23,22,19,26,25,23,22,22,20,18,18,17,17,17,15,14,13,12,11,11,10,11,11,10,9,9,8,9,9,8,10,9,9,10,9,8,7,7,6,4,4,3,8,8,6,6,6,5,6,6,5,8,7,6,8,7,5,7,7,6,8,7,6,34,33,31,25,25,24,23,23,22,18,18,18,16,16,16,17,17,15,13,13,12,14,13,12,15,15,13,13,13,12,12,11,11,12,11,10,11,10,10,7,6,6,10,9,8,9,9,8,8,8,7,7,7,6,7,7,6,6,6,5,8,7,6,36,35,33,28,28,27,26,25,25,22,22,20,18,18,17,17,17,16,15,15,14,15,15,14,13,12,11,14,13,12,17,16,15,14,13,12,14,13,12,7,7,7,9,9,7,7,7,6,41,40,37,43,42,38,30,30,29,28,28,27,23,23,21,21,21,19,16,16,15,15,14,13,16,15,14,19,18,17,18,17,16,17,16,15,13,12,12,10,9,8,9,9,8,8,8,8,8,8,7,8,7,7,40,40,37,29,30,30,34,33,32,19,18,18,14,14,12,11,11,10,13,12,11,13,12,12,11,11,10,10,10,9,9,9,8,9,9,9,8,7,7
3,3,2,30,29,26,24,24,22,23,22,20,19,18,17,13,13,12,13,13,11,12,12,11,11,11,9,10,10,8,9,8,7,9,8,7,7,6,5,8,7,6,8,7,6,8,8,7,7,6,5,1,1,0,2,2,1,2,2,1,2,2,2,23,23,19,26,25,23,22,21,19,18,18,17,17,17,15,13,13,12,11,11,10,11,11,10,9,9,8,9,9,8,10,9,9,9,9,8,7,7,6,4,4,3,8,7,6,6,6,5,6,6,5,8,7,6,8,7,5,7,6,6,8,7,5,34,33,31,25,25,23,23,23,22,18,18,17,16,16,16,17,16,15,13,13,12,14,13,12,15,15,13,13,12,11,12,11,10,12,11,10,11,10,10,7,6,5,9,9,8,9,9,8,8,8,7,7,7,6,7,7,6,6,6,5,7,7,6,36,35,33,28,28,27,25,25,25,22,22,20,18,18,17,17,17,16,15,15,14,15,14,13,13,12,11,13,13,11,17,17,15,14,13,12,13,13,12,7,7,7,9,8,7,7,7,6,40,40,36,43,41,38,29,29,29,28,28,27,23,23,21,21,21,20,16,16,15,15,14,13,15,15,14,19,18,16,18,17,16,17,16,15,13,12,11,10,10,8,9,9,8,8,9,8,8,8,7,8,7,7,40,39,37,29,30,30,34,33,32,19,18,18,14,14,12,11,11,10,13,12,11,13,12,12,11,11,10,10,10,9,9,9,8,9,9,9,8,8,7
3,3,2,30,30,26,25,24,22,23,22,21,19,18,17,13,13,12,13,13,12,13,12,11,11,11,9,10,10,8,9,8,7,9,8,7,7,6,5,8,7,6,8,7,6,8,8,7,7,6,5,1,1,0,2,2,1,2,2,2,2,2,2,24,22,20,26,26,23,22,22,19,18,18,17,17,17,15,14,13,12,11,11,10,11,11,10,9,9,8,9,9,8,10,10,9,9,9,8,7,7,6,4,4,3,8,8,6,6,6,5,6,6,5,8,7,6,8,7,6,7,6,5,7,7,6,34,33,32,25,25,24,23,23,22,18,18,18,16,16,16,17,16,15,13,13,12,14,13,12,15,15,13,13,13,12,12,12,10,12,11,10,11,10,10,7,6,6,10,9,8,9,9,8,9,8,7,7,7,7,7,7,6,6,6,5,8,7,6,36,35,33,28,28,27,26,25,25,22,22,20,18,18,17,17,17,16,16,15,14,15,14,13,13,12,11,14,13,11,17,17,15,14,14,12,13,13,12,8,7,7,9,8,7,7,7,6,41,40,37,43,41,39,30,30,29,28,28,27,23,23,21,21,21,20,16,16,15,15,14,13,15,15,14,19,18,17,18,17,16,17,16,15,13,12,12,10,10,8,10,9,8,8,9,8,8,8,7,8,7,7,41,40,37,30,30,30,34,33,32,19,19,18,14,14,12,11,11,10,13,12,11,13,13,12,11,11,10,10,10,9,9,9,8,9,9,9,8,8,7
3,3,2,30,29,26,25,23,22,22,22,20,19,18,17,13,13,12,13,13,11,13,12,11,11,11,10,10,10,8,9,8,7,9,8,7,7,6,5,8,7,6,8,8,6,8,8,7,7,6,5,1,1,0,2,2,1,2,2,2,2,2,2,23,22,19,26,26,23,22,22,19,18,18,17,17,17,15,14,13,12,11,11,10,11,11,10,9,9,8,9,9,8,10,9,9,9,9,8,7,7,6,4,4,3,8,7,6,6,6,5,6,6,5,7,7,6,8,7,6,7,7,5,7,7,6,34,33,31,25,25,24,22,22,22,18,18,18,16,16,16,17,16,15,13,13,12,14,13,12,15,15,13,13,13,11,12,12,10,12,11,10,11,10,9,7,6,6,10,9,8,9,9,8,8,8,7,7,7,6,7,7,6,6,6,5,8,7,6,36,35,33,28,28,27,25,25,25,22,22,20,18,18,17,17,17,16,16,15,14,15,14,13,13,12,11,14,13,11,17,16,14,14,13,12,13,13,11,7,7,7,9,8,7,7,7,6,41,40,37,43,41,39,29,30,29,28,28,27,23,23,21,21,21,20,16,16,15,15,14,13,15,15,14,19,18,16,18,17,16,17,16,15,13,12,11,10,9,8,9,9,8,8,8,8,8,8,7,8,7,6,40,39,37,29,30,30,34,33,32,19,18,18,14,14,12,11,11,10,13,12,11,13,12,11,11,11,9,10,10,9,9,9,8,9,9,8,8,8,7
3,3,2,30,29,27,25,24,22,22,22,20,19,18,17,14,13,12,13,13,12,13,12,11,11,11,10,10,10,8,9,8,7,9,8,7,7,6,6,8,7,6,8,7,6,8,8,7,7,6,5,1,1,0,2,2,1,2,2,2,2,2,2,23,22,20,26,26,23,22,22,20,18,18,17,17,17,15,14,13,12,11,11,10,11,11,10,9,9,8,9,9,8,10,10,9,9,9,8,7,7,6,4,4,3,8,8,6,6,6,5,6,6,5,8,7,6,8,7,6,7,6,5,7,7,5,34,33,32,25,25,24,23,23,22,18,18,18,16,16,16,17,16,15,13,13,12,14,13,12,15,15,13,13,13,12,12,12,10,12,11,10,11,10,10,7,6,6,10,9,8,10,9,8,9,8,7,7,7,6,7,7,6,6,6,5,7,7,6,36,35,33,28,28,27,26,25,25,22,22,21,18,18,17,17,17,16,16,15,14,15,14,13,13,12,11,14,13,12,17,16,15,14,13,12,13,13,11,7,7,7,9,8,8,7,7,6,41,40,37,43,41,39,30,30,29,28,28,27,23,23,21,21,21,20,16,16,15,15,14,13,15,15,14,19,18,16,18,17,16,17,17,15,13,12,11,10,9,8,10,9,8,8,8,8,8,8,7,8,7,6,40,40,37,29,30,30,34,33,32,19,18,18,14,14,12,11,10,10,13,12,11,13,13,11,11,11,9,10,10,9,9,9,8,9,9,8,8,8,7
3,3,2,30,29,26,25,24,22,22,22,20,19,18,16,13,13,12,13,13,12,13,12,11,11,11,9,10,10,8,9,8,7,9,8,7,7,7,6,8,7,6,8,8,6,8,8,7,7,6,5,1,1,0,2,2,1,2,2,1,2,2,2,23,22,19,26,26,23,22,22,20,18,18,17,17,17,15,14,13,12,11,11,10,11,11,10,9,9,8,9,9,8,10,10,9,9,9,8,7,7,6,4,4,3,8,7,6,6,6,5,6,6,5,8,7,6,8,7,6,7,7,5,7,7,5,33,33,31,25,25,24,22,22,22,18,18,18,16,16,16,17,16,15,13,13,12,14,13,12,15,14,13,13,13,12,12,11,10,12,11,10,11,10,9,7,6,5,10,9,8,9,9,8,8,8,7,7,7,6,7,7,6,6,6,5,8,7,6,36,35,33,28,28,27,26,25,25,22,22,20,18,18,17,17,17,15,16,15,14,15,15,13,12,12,11,13,13,12,17,16,15,14,13,12,13,13,11,7,7,7,9,8,7,6,7,6,41,40,37,43,41,39,29,29,29,28,28,27,23,23,21,21,21,20,16,16,15,15,14,13,15,15,14,19,18,16,18,17,16,17,16,15,13,12,11,10,9,8,9,9,8,8,8,7,8,8,7,8,7,7,40,39,37,29,30,30,34,33,32,19,18,18,14,14,12,10,10,10,13,12,11,13,12,11,11,11,9,10,10,9,9,9,8,9,9,8,8,8,7
3,3,2,30,29,26,25,23,22,22,22,20,19,18,17,13,13,12,13,13,11,13,12,11,11,11,9,10,10,8,9,8,7,9,8,7,7,6,5,8,7,6,8,7,6,8,8,7,7,6,5,1,1,0,2,2,1,2,2,1,2,2,2,23,22,20,26,26,24,22,22,20,18,18,17,17,17,16,14,13,12,11,11,10,11,11,10,9,9,8,9,9,8,10,10,9,10,9,8,7,7,6,4,4,3,8,7,6,6,6,5,6,6,5,8,7,6,8,7,6,7,7,5,7,7,5,34,33,31,25,25,24,22,22,22,18,18,18,16,16,16,17,17,15,13,13,12,14,13,12,15,15,13,13,13,12,12,11,10,12,11,11,11,11,9,7,6,6,10,9,8,10,9,8,9,8,7,7,7,6,7,7,6,6,6,5,7,7,6,36,35,33,28,28,27,26,25,25,22,22,21,18,18,17,17,17,16,16,15,15,15,15,13,13,12,11,14,13,12,17,17,15,14,14,12,13,13,12,8,7,7,9,8,7,7,7,6,41,40,37,43,41,39,30,30,29,28,28,27,23,23,21,21,21,20,16,16,15,15,14,13,16,15,14,19,18,16,18,17,16,17,17,15,13,12,11,10,9,8,10,9,8,8,8,8,8,8,7,8,7,7,40,40,37,29,30,30,34,33,32,19,18,18,14,14,12,11,11,10,13,12,11,13,13,11,11,11,9,10,10,9,9,9,8,9,9,8,8,8,7
3,3,2,30,29,26,25,23,22,22,22,20,19,18,16,13,13,12,13,13,11,13,12,11,11,11,9,10,10,8,9,8,7,9,8,7,7,6,5,7,7,6,8,7,6,8,8,7,7,6,5,1,1,0,2,2,1,2,2,1,2,2,2,23,22,20,26,26,23,22,22,20,18,18,17,17,17,15,13,13,12,11,11,10,11,11,10,9,9,8,9,9,8,10,9,8,10,9,8,7,7,6,4,4,3,8,7,6,6,6,5,6,6,5,7,7,6,8,7,6,7,6,5,7,7,5,33,33,31,25,25,24,22,22,22,18,18,18,16,16,16,17,17,15,13,13,12,14,13,12,15,15,14,13,13,11,12,11,10,12,11,11,11,11,9,7,6,6,10,9,8,9,9,8,8,8,7,7,7,6,7,7,6,6,6,5,7,7,6,36,35,33,28,28,27,25,25,25,22,22,20,18,18,17,17,17,15,16,15,14,15,14,13,12,12,11,13,13,12,17,16,15,14,13,12,13,13,12,7,7,7,9,8,7,6,7,6,41,40,37,43,41,39,29,29,29,28,28,27,23,23,21,21,21,20,16,16,15,15,14,13,15,15,14,19,18,16,18,17,15,17,16,15,13,12,11,10,9,8,9,9,8,8,9,7,8,8,7,7,7,7,40,39,37,29,30,30,34,33,32,19,18,18,14,14,12,11,10,10,13,12,11,13,13,11,11,11,9,10,10,9,9,9,8,9,9,8,8,8,7
3,3,2,30,29,26,25,23,22,22,22,20,19,18,17,14,13,12,13,13,11,13,12,11,11,11,9,10,10,8,9,9,7,9,8,7,7,6,5,8,7,6,8,7,6,9,8,7,7,6,5,1,1,0,2,2,1,2,2,1,2,2,2,23,22,20,26,25,23,22,22,20,18,18,17,17,17,16,14,13,12,11,11,10,11,11,10,9,9,8,9,9,8,10,10,9,10,9,8,7,7,6,4,4,3,8,7,6,6,6,5,6,6,5,8,7,6,8,8,6,7,7,5,7,7,6,34,33,32,25,25,24,23,23,22,18,18,18,16,16,16,17,17,16,13,13,12,14,13,12,15,15,14,13,13,12,12,11,10,12,11,11,11,11,9,7,6,6,10,9,8,10,9,8,8,8,7,7,7,7,7,7,6,6,6,5,7,7,6,36,35,33,28,28,27,25,25,25,22,21,21,18,18,17,17,17,16,16,15,14,15,14,13,13,12,11,14,13,12,17,16,15,14,13,12,13,13,12,7,7,7,9,8,8,7,7,6,41,40,37,43,42,40,29,29,30,28,28,27,23,23,21,21,21,20,16,16,15,15,14,13,16,16,14,19,18,16,18,17,15,17,16,15,13,12,11,10,9,9,9,9,8,8,9,8,8,8,7,8,7,7,40,40,37,30,30,30,34,33,32,19,18,18,14,14,13,11,11,10,13,12,11,13,13,11,11,11,9,10,10,9,9,9,8,9,9,8,8,8,7
3,3,2,30,29,26,25,23,22,22,22,20,19,18,17,13,13,12,13,13,11,12,12,11,11,11,9,10,10,8,9,9,7,8,8,7,7,6,5,7,7,6,8,7,6,8,8,7,7,6,5,1,1,0,2,2,1,2,2,1,2,2,2,23,23,20,26,25,23,22,22,19,18,18,17,17,17,15,13,13,12,11,11,10,11,11,10,9,9,8,9,9,8,10,9,9,9,9,8,7,7,6,4,4,3,8,7,6,6,6,5,6,6,5,8,7,6,8,8,6,7,7,5,7,7,6,34,33,31,25,25,24,22,22,22,18,19,18,16,16,16,17,17,16,13,13,12,14,13,12,15,15,13,13,13,11,12,12,10,12,11,11,11,10,9,7,6,6,9,9,8,9,9,8,8,8,7,7,7,6,7,7,6,6,6,5,8,7,6,36,35,33,28,28,27,25,24,25,22,21,21,18,18,17,17,17,15,15,15,14,15,14,13,13,12,11,14,13,11,17,16,15,14,13,12,13,13,12,8,7,7,9,8,8,7,7,6,41,40,37,43,41,40,29,29,29,28,28,27,23,23,21,21,21,20,16,16,15,15,14,13,15,15,14,19,18,16,18,17,15,17,17,15,13,12,11,10,9,8,9,9,8,8,8,8,8,8,7,8,7,7,40,40,37,29,30,30,34,33,32,19,18,18,14,14,13,11,10,10,13,12,11,13,13,11,11,11,9,10,10,9,9,9,8,9,9,8,8,8,7
3,3,2,30,29,26,25,23,22,22,22,20,19,18,16,14,13,12,13,13,12,13,12,11,11,11,10,10,10,8,9,8,7,9,8,8,7,6,5,8,7,6,8,7,6,9,8,7,7,7,5,1,1,0,2,2,1,2,2,1,2,2,2,23,22,20,26,26,23,22,22,20,18,18,17,17,17,16,14,13,12,11,11,10,11,11,10,9,9,8,9,9,8,10,10,9,9,9,8,7,7,6,4,4,3,8,7,6,6,6,5,6,6,5,8,7,6,8,8,6,7,6,5,8,7,6,34,33,31,25,25,24,22,23,22,18,19,18,16,17,16,17,17,16,13,13,12,14,14,12,15,15,13,13,13,11,11,11,10,12,12,11,11,11,9,7,6,6,10,9,8,9,9,8,8,8,7,7,7,6,7,7,6,6,6,5,8,7,6,36,35,33,28,28,28,25,25,26,22,22,21,18,18,17,17,17,15,16,15,14,15,15,14,13,12,11,14,13,12,17,17,15,14,14,12,14,13,12,7,7,7,9,8,8,7,7,6,41,40,37,43,42,40,29,29,29,28,28,27,23,23,21,21,21,20,16,16,15,15,14,13,16,15,14,19,18,17,18,17,15,17,17,15,13,12,11,10,10,8,9,9,8,8,9,8,8,8,8,8,8,7,40,40,37,29,30,30,34,33,32,19,18,18,14,14,13,11,11,10,13,12,11,13,13,11,11,11,9,10,10,9,9,9,8,9,9,9,8,8,7
3,3,2,30,29,26,25,24,22,22,22,20,19,18,16,14,13,12,13,13,12,12,12,10,11,11,9,10,10,8,9,8,7,9,8,7,7,6,5,7,7,6,8,7,6,8,8,7,7,6,5,1,1,0,2,2,1,2,2,1,2,2,2,23,22,20,26,26,23,22,22,20,18,18,17,17,17,15,13,13,12,11,11,10,11,11,10,9,9,8,9,9,8,10,9,9,9,9,8,7,7,6,4,4,3,8,7,6,6,6,5,6,6,5,8,7,6,8,8,6,7,6,5,8,7,6,34,33,31,25,25,24,22,22,22,18,18,18,16,16,16,17,17,16,13,13,12,14,13,12,15,15,13,13,13,11,11,11,10,12,11,11,11,10,9,7,6,6,10,9,8,9,9,8,8,8,7,7,7,6,7,7,6,6,6,5,8,7,6,36,35,33,28,28,27,25,25,25,21,22,21,18,18,17,17,17,15,15,15,14,15,14,13,13,12,11,14,13,11,17,16,15,14,13,12,14,13,12,7,7,6,9,8,7,7,7,6,41,40,37,43,41,40,29,29,29,28,28,27,23,23,21,21,21,20,16,16,15,15,14,13,15,15,14,19,18,17,18,17,15,17,16,15,13,12,11,10,9,8,9,9,8,8,9,8,8,8,8,8,8,7,40,39,37,29,30,30,34,33,32,19,18,18,14,13,12,11,10,9,13,12,11,13,13,11,11,11,9,10,10,9,9,9,8,9,9,9,8,8,7
3,3,2,30,29,27,25,24,22,22,22,20,19,18,16,13,13,12,13,13,12,13,12,11,11,11,10,10,10,8,9,9,7,9,8,7,7,6,6,8,7,6,8,7,6,9,8,7,7,6,5,1,1,1,2,2,1,2,2,1,2,2,2,24,22,20,26,26,23,22,22,20,18,18,17,17,17,16,13,13,12,11,11,10,11,11,10,9,9,8,9,9,8,10,10,9,9,9,8,7,7,6,4,4,3,8,7,6,6,6,5,6,6,5,8,7,6,8,8,6,7,7,5,8,7,6,34,33,31,25,25,24,22,22,22,18,18,18,16,16,16,17,17,16,13,13,12,14,14,12,15,15,13,13,13,11,12,12,10,12,11,11,11,11,9,7,6,6,10,9,9,9,9,8,9,8,8,7,7,6,7,7,7,6,6,5,7,7,6,36,35,33,28,28,27,25,25,25,22,22,21,18,18,17,17,17,16,16,15,14,15,14,13,13,12,11,14,13,12,17,17,15,14,13,12,14,13,12,7,7,7,9,8,8,7,7,6,41,40,37,43,42,40,30,30,29,28,28,27,23,23,22,21,21,20,16,16,15,15,14,13,16,15,14,19,18,17,18,17,16,17,16,15,13,12,11,10,10,9,10,9,8,8,9,8,8,8,8,8,7,7,40,40,37,29,30,30,34,33,32,19,18,18,14,14,13,10,10,9,13,12,11,13,13,11,11,11,9,10,10,9,9,9,8,9,9,9,8,8,7
3,3,2,30,29,26,25,24,21,22,22,20,19,18,16,13,13,11,13,13,11,13,12,11,11,11,10,10,10,8,9,8,7,8,8,7,7,6,5,7,7,6,8,7,6,8,8,7,7,6,5,1,1,1,2,2,1,2,2,1,2,2,2,23,22,20,26,25,23,22,22,20,18,18,17,17,16,15,13,13,12,11,11,10,11,11,10,9,9,8,9,9,8,10,9,9,9,9,8,7,7,6,4,4,3,8,7,6,6,6,5,6,6,5,8,7,6,8,7,6,7,6,5,7,7,6,34,33,31,25,25,24,22,22,22,18,18,18,16,16,16,17,17,15,12,13,12,14,13,12,15,15,13,13,13,11,12,12,10,12,11,10,11,10,9,7,6,6,9,9,9,9,9,8,8,8,8,7,7,6,7,7,6,6,6,5,8,7,6,36,35,33,28,28,27,25,25,25,22,22,20,18,18,17,17,17,15,16,15,15,15,14,13,13,12,11,13,13,11,17,17,15,14,13,12,13,13,11,7,7,6,9,8,7,7,7,6,41,40,37,43,41,39,29,29,29,28,28,27,23,23,21,21,21,20,16,16,15,15,14,13,15,15,14,19,18,17,18,17,15,17,16,15,13,12,11,10,9,8,9,9,8,8,8,8,8,8,8,8,8,7,40,39,37,29,30,30,34,33,32,19,18,18,14,13,12,10,10,9,13,12,11,13,13,11,11,10,9,10,10,9,10,9,8,9,9,8,8,8,7
3,3,2,30,29,26,25,24,22,22,22,20,19,18,16,13,13,12,13,13,11,13,12,11,12,11,10,10,10,8,9,8,7,9,8,7,7,7,6,8,7,6,8,7,6,8,8,7,7,6,5,1,1,1,2,2,1,2,2,1,2,2,2,24,22,20,26,26,23,22,22,20,18,18,17,17,17,15,14,13,12,11,11,10,11,11,10,9,9,8,9,9,8,10,10,9,9,9,8,7,7,6,4,4,3,8,7,6,6,6,5,6,6,5,8,7,6,7,7,5,7,7,5,8,7,6,34,33,31,25,25,24,22,22,22,18,18,18,16,16,16,17,17,16,12,13,12,14,13,12,15,15,13,13,13,12,12,11,10,12,11,10,11,11,10,7,6,6,10,9,9,9,9,8,8,8,7,7,7,6,7,7,6,6,6,5,8,7,6,36,35,33,29,28,27,25,25,25,22,22,20,18,18,17,17,17,16,16,15,15,15,14,13,13,12,11,14,13,12,17,17,15,14,13,12,13,13,12,7,7,6,9,8,7,7,7,6,41,40,37,43,42,40,30,30,29,28,28,27,23,23,21,21,21,20,16,16,15,15,14,13,16,15,14,19,18,17,18,17,16,17,16,15,13,12,11,10,10,8,9,9,8,8,9,8,8,8,8,8,7,7,40,40,37,30,30,30,34,33,32,19,18,18,14,14,12,10,10,10,13,12,11,13,13,11,11,11,10,10,10,9,10,9,8,9,9,8,8,8,7
3,3,2,30,29,26,25,24,22,22,22,20,19,18,16,13,13,12,13,13,11,13,12,11,11,11,10,10,10,8,9,8,7,8,8,7,7,6,5,7,7,6,8,7,6,8,8,7,7,6,5,1,1,1,2,2,1,2,2,1,2,2,2,23,22,19,26,25,23,22,22,19,18,18,17,17,16,15,13,13,12,11,11,10,11,11,10,9,9,8,9,9,8,10,9,9,9,9,8,7,7,6,4,4,3,8,7,6,6,6,5,6,6,5,8,7,6,8,7,6,7,7,5,7,7,6,33,33,31,25,25,24,22,22,22,18,18,18,16,16,16,17,17,15,12,13,11,14,13,12,15,15,13,13,13,12,12,11,10,12,11,10,11,10,9,7,6,6,10,9,8,9,9,8,8,8,7,7,7,6,7,7,6,6,6,5,8,7,6,36,35,33,28,28,27,25,25,25,21,22,20,18,18,17,17,17,16,16,15,14,15,14,13,13,12,11,14,13,12,17,16,15,14,13,12,13,13,12,7,7,6,9,8,7,7,7,6,41,40,37,43,41,39,30,29,29,28,28,27,23,23,21,21,21,19,16,16,15,14,14,13,15,15,14,19,18,17,18,17,15,17,16,15,13,12,11,10,10,8,9,9,8,8,9,7,8,8,7,8,7,7,40,39,37,29,30,30,34,33,32,19,18,17,14,13,12,10,10,9,13,12,11,13,13,11,11,11,10,10,10,9,9,9,8,9,9,8,8,8,7
3,3,2,30,29,26,25,24,22,22,22,20,19,18,17,14,13,12,13,13,11,13,12,11,11,11,10,10,9,8,9,8,7,8,8,7,7,6,5,7,7,6,8,7,6,8,8,7,7,7,5,1,1,1,2,2,1,2,2,2,3,2,2,24,22,20,26,26,23,22,22,20,18,18,17,17,17,16,14,13,12,11,11,10,11,11,10,9,9,8,9,9,8,10,10,9,10,9,8,7,7,6,4,4,3,8,7,6,6,6,5,6,6,5,8,7,6,8,7,6,7,7,5,8,7,6,34,33,31,25,25,24,23,23,22,18,18,18,16,16,16,17,17,16,12,13,12,14,13,12,15,15,13,13,13,12,12,12,10,12,11,11,11,11,9,7,6,6,9,9,9,10,9,8,9,8,8,7,7,6,7,7,7,6,6,5,7,7,6,36,35,34,28,28,27,25,25,25,22,22,20,18,18,17,17,17,16,15,15,14,15,14,13,13,12,11,14,13,12,17,17,15,14,13,12,13,13,12,7,7,7,9,8,7,7,7,6,41,40,37,43,42,39,30,30,29,28,28,27,23,23,21,21,21,20,16,16,15,15,14,13,16,15,14,19,18,17,18,17,16,17,16,15,13,12,11,10,9,8,10,9,8,8,9,8,8,8,7,8,7,7,40,40,37,30,30,30,34,33,32,19,18,18,14,14,12,10,10,9,13,12,11,13,13,11,11,11,10,10,10,9,9,9,8,9,9,9,8,8,7
3,3,2,30,30,26,24,24,22,22,22,20,19,18,17,13,13,12,13,13,11,13,12,11,11,11,9,10,9,8,9,8,7,9,8,7,7,6,5,7,7,6,8,7,6,8,8,7,7,6,5,1,1,0,2,2,1,2,2,1,2,2,2,24,22,19,26,26,23,22,22,20,18,18,17,17,17,15,14,13,12,11,11,10,11,11,10,9,9,8,9,9,8,10,10,9,9,9,8,7,7,6,4,4,3,8,7,6,6,6,5,6,6,5,7,7,6,8,8,6,7,7,5,7,7,6,34,33,31,25,25,24,22,22,22,18,18,18,16,16,16,17,17,15,12,13,11,14,13,12,15,14,13,13,13,12,12,12,10,12,11,10,11,10,9,7,6,6,9,9,8,10,9,8,9,8,7,7,7,6,7,7,6,6,6,5,7,7,6,36,35,33,28,28,27,25,25,25,21,21,20,18,18,17,17,17,16,15,15,14,15,14,13,13,12,11,13,13,12,17,17,15,14,13,12,13,13,12,7,7,7,9,8,7,6,7,6,41,40,37,43,41,39,29,29,29,28,28,27,23,23,21,21,21,20,16,16,15,14,14,13,15,15,14,19,18,17,18,17,16,17,16,15,13,12,11,10,9,8,9,9,8,8,9,8,8,8,7,8,7,7,40,40,37,30,30,30,34,33,32,19,18,17,14,13,12,10,10,9,13,12,11,13,13,11,11,11,9,10,10,9,9,9,8,9,9,8,8,8,7
3,3,2,30,29,26,24,24,22,22,22,20,19,18,17,13,13,12,13,13,12,13,12,11,11,11,10,10,9,8,9,8,7,9,8,7,7,6,6,7,7,6,8,7,6,8,8,7,7,6,5,1,1,1,2,2,1,2,2,1,2,2,2,24,23,20,26,26,23,22,22,20,18,18,17,17,17,16,14,13,12,11,11,10,11,11,10,9,9,8,9,9,8,10,10,9,10,9,8,7,7,6,4,4,3,8,7,6,6,6,5,6,6,5,8,7,6,8,8,6,7,7,5,7,6,5,34,33,32,25,25,24,22,22,22,18,18,18,16,16,16,17,17,15,13,13,12,14,13,12,15,15,13,13,13,11,12,12,10,12,11,11,11,11,9,7,6,6,9,9,9,10,9,8,9,8,7,7,7,6,7,7,6,6,6,5,7,7,6,36,35,34,29,28,27,25,25,25,22,21,20,18,18,17,17,17,16,16,15,14,15,14,13,13,12,11,14,13,12,17,17,15,14,13,12,14,13,12,7,7,7,9,8,8,7,7,6,41,40,37,43,42,39,29,29,29,28,28,27,23,23,21,21,21,20,16,16,15,14,14,13,16,15,14,19,18,17,18,17,16,17,16,15,13,12,11,10,10,8,10,9,8,8,9,8,8,8,7,8,7,7,40,40,37,30,30,30,34,33,32,19,18,18,14,14,12,10,10,10,13,12,11,13,13,11,11,11,10,10,10,9,9,9,8,9,9,8,8,8,7
3,3,2,30,29,26,24,24,21,22,22,20,19,18,17,13,13,12,13,13,12,13,12,11,11,11,9,10,10,8,9,8,7,9,8,7,7,6,6,7,7,6,8,7,6,8,8,7,7,6,5,1,1,1,2,2,1,2,2,1,2,2,2,23,23,20,26,26,23,22,22,20,18,18,17,17,17,15,13,13,12,11,11,10,11,11,10,9,9,8,9,9,8,10,9,8,10,9,8,7,7,6,4,4,3,8,7,6,6,6,5,6,6,5,8,7,6,8,7,6,7,6,5,7,7,6,34,33,31,25,25,24,22,22,22,18,18,18,16,16,16,17,17,15,13,13,12,14,13,12,15,14,13,13,13,12,12,12,10,12,11,10,11,10,9,7,6,6,9,9,8,9,9,8,9,8,7,7,7,6,7,7,6,6,6,5,7,7,6,36,35,33,28,28,27,25,25,25,22,21,21,18,18,17,17,17,16,16,15,14,15,14,13,12,12,11,13,13,11,17,16,15,14,13,12,13,13,12,7,7,7,9,8,7,7,7,6,41,40,37,43,42,39,29,29,29,28,28,27,23,23,21,21,21,20,16,16,15,14,14,13,16,15,14,19,18,17,18,17,15,17,16,15,13,12,11,10,10,8,9,9,8,8,9,7,8,8,7,8,7,7,40,40,37,29,30,30,34,34,32,19,18,17,14,14,12,10,10,10,13,12,11,13,13,11,11,11,10,10,10,9,9,9,8,9,9,8,8,8,7
3,3,2,30,29,26,25,24,21,23,22,20,19,18,17,13,13,12,13,13,12,13,12,11,11,11,10,10,10,8,9,8,7,9,8,7,7,6,6,8,7,6,8,7,6,8,8,7,7,7,5,1,1,1,2,2,1,2,2,1,3,2,2,23,22,19,26,26,23,22,22,20,18,18,17,17,17,15,14,13,12,11,11,10,11,11,10,9,9,8,9,9,8,10,10,9,10,9,8,7,7,6,4,4,3,8,8,6,6,6,5,6,6,5,8,7,6,8,7,6,7,7,5,8,7,6,34,33,32,25,25,24,23,23,22,18,18,18,16,16,16,17,17,15,13,13,12,14,13,12,15,15,13,13,13,12,12,12,10,12,11,11,11,11,9,7,6,6,9,9,8,10,9,8,9,8,7,7,7,7,7,7,6,6,6,5,8,7,6,36,35,34,29,28,27,25,25,25,22,22,21,18,18,17,17,17,16,16,15,14,15,14,13,13,12,12,14,13,11,17,17,15,14,13,12,13,13,12,7,7,7,9,8,8,7,7,6,41,40,37,43,42,39,29,29,29,28,28,27,23,23,21,21,21,20,16,16,15,14,14,13,16,15,14,19,18,17,18,17,16,17,16,15,13,12,11,10,10,8,10,9,8,8,8,7,8,8,7,8,7,7,40,40,37,29,30,30,34,34,32,19,18,17,14,14,13,10,11,10,13,12,12,13,13,11,11,10,10,10,10,9,9,9,8,9,9,8,8,8,7
3,3,2,30,29,26,25,24,21,22,22,20,19,18,17,13,13,12,13,13,11,13,12,11,11,11,9,10,10,8,9,8,7,9,8,7,7,6,5,7,7,6,8,7,6,8,8,7,7,6,5,1,1,1,2,2,1,2,2,1,3,2,2,23,22,19,26,26,23,22,22,20,18,18,17,17,17,15,13,13,12,11,11,10,11,11,10,9,9,8,9,9,8,10,10,9,9,9,8,7,7,6,4,4,3,8,7,6,6,6,5,6,6,5,8,7,6,8,7,6,7,7,5,8,7,6,34,33,31,25,25,24,22,23,22,18,18,18,16,16,16,17,16,15,13,13,12,14,13,12,15,14,13,13,13,12,12,11,10,12,11,10,11,11,9,7,6,6,9,9,8,10,9,8,9,8,7,7,7,6,7,7,6,6,6,5,8,7,6,36,35,34,29,28,27,25,25,25,22,21,21,18,18,17,17,17,16,16,15,14,15,14,13,13,12,11,13,13,11,17,17,15,14,13,12,13,13,12,7,7,7,9,8,8,7,7,6,41,40,37,43,42,39,29,29,29,28,28,27,23,23,21,21,21,20,16,16,15,14,14,13,16,15,14,19,18,17,18,17,16,17,16,15,13,12,11,10,10,8,10,9,8,8,8,7,8,8,7,8,7,6,40,40,37,29,30,30,34,33,32,19,18,17,14,14,12,10,10,10,13,12,12,13,13,11,11,11,10,10,10,9,9,9,8,9,9,8,8,8,7
3,3,2,30,29,26,25,24,21,22,22,20,19,18,17,13,13,12,13,13,11,13,12,11,11,11,10,10,10,8,9,8,7,9,8,7,7,6,5,8,7,6,8,7,6,9,8,7,7,7,5,1,1,1,2,2,1,2,2,1,2,2,2,23,22,20,26,26,23,22,22,20,18,18,17,17,17,15,14,13,12,11,11,10,11,11,10,9,9,8,9,9,8,10,10,9,9,9,8,7,7,6,4,4,3,8,7,6,6,6,5,6,6,5,8,7,6,8,7,6,7,7,5,8,7,6,34,33,31,25,25,24,23,23,22,18,19,18,16,16,16,17,17,16,13,13,12,14,13,12,15,14,13,13,13,12,12,11,11,12,11,10,11,11,9,7,6,6,9,9,8,10,9,8,9,8,8,7,7,7,7,7,7,6,6,5,8,7,6,36,35,34,28,28,27,25,25,25,22,21,21,18,18,17,17,17,16,16,15,14,15,15,14,13,12,11,14,13,12,17,17,15,14,13,12,13,13,12,8,8,7,9,8,8,7,7,6,41,40,37,43,41,39,29,30,29,28,28,27,23,23,21,21,21,20,16,16,15,14,14,13,16,15,14,19,18,17,18,17,16,17,16,15,13,12,11,10,10,9,10,9,8,8,9,8,8,8,8,8,7,6,41,40,38,30,30,30,34,33,32,19,18,18,14,14,13,11,10,10,13,12,12,13,13,11,11,11,10,10,10,9,9,9,8,9,9,8,8,8,7
3,3,2,30,29,26,25,24,21,22,22,20,19,18,17,13,13,12,13,13,11,13,12,11,11,11,10,10,9,8,9,8,7,9,8,7,7,6,5,7,7,6,8,7,6,8,8,7,7,7,5,1,1,0,2,2,1,2,2,1,2,2,2,23,22,20,26,26,23,22,22,19,18,18,16,17,17,15,14,13,12,11,11,10,11,11,10,9,9,8,9,9,8,10,10,9,10,9,8,7,7,6,4,4,3,8,7,7,6,6,5,6,6,5,8,8,6,7,8,5,7,7,5,7,7,6,34,33,31,25,25,25,22,22,22,18,18,18,16,16,16,17,17,16,13,13,12,14,13,12,15,14,13,13,13,12,11,11,10,12,11,10,11,11,9,7,6,6,9,9,8,10,9,8,8,8,7,7,7,6,7,7,6,6,6,5,7,7,6,36,35,33,29,28,27,25,25,25,22,21,20,18,18,17,17,17,16,16,15,14,15,14,14,13,12,11,14,13,11,17,17,15,14,13,12,13,13,12,7,8,6,9,8,8,7,7,6,41,40,37,43,42,39,29,30,29,28,28,27,23,23,21,21,21,20,16,16,15,14,14,13,15,15,14,19,18,16,18,17,16,17,16,15,13,12,11,10,10,8,10,9,8,8,8,8,8,8,8,8,7,7,40,40,37,29,30,30,34,33,32,19,18,17,14,14,12,11,10,9,13,12,11,13,13,11,11,11,10,10,10,9,9,9,8,9,9,8,8,8,7
3,3,2,30,30,26,25,24,21,22,22,21,19,18,17,14,13,12,13,13,12,13,12,11,11,11,10,10,10,8,9,8,7,9,8,7,7,6,6,8,7,6,8,7,6,9,8,7,7,6,5,1,1,0,2,2,1,2,2,1,2,2,2,24,22,20,26,26,23,22,22,20,18,18,17,17,17,15,14,13,12,11,11,10,11,11,10,9,9,8,9,9,8,10,10,9,10,9,8,7,7,6,4,4,3,8,7,6,6,6,5,6,6,5,8,7,6,8,7,6,7,6,5,7,7,5,34,33,31,25,25,25,23,23,22,19,19,18,16,16,16,17,17,16,13,13,12,14,13,12,15,15,13,13,13,12,12,11,11,12,11,10,11,11,9,7,6,6,10,9,8,10,9,8,9,8,7,7,7,7,7,7,6,6,6,5,7,7,6,36,35,34,29,28,27,25,25,25,22,21,20,18,18,17,17,17,16,16,15,15,15,14,14,13,12,12,14,13,12,17,17,15,14,14,12,13,13,12,8,7,7,9,8,8,7,7,6,41,40,37,43,41,39,29,30,30,28,28,27,23,23,21,21,21,20,16,16,15,14,14,13,16,16,14,19,18,16,18,17,16,17,16,15,13,12,11,10,10,9,9,9,8,8,8,8,8,8,8,8,7,7,40,40,38,29,30,30,34,33,32,19,18,18,14,14,13,11,10,10,13,12,11,13,13,11,11,11,10,10,10,9,9,9,8,9,9,8,8,8,7
3,3,2,30,29,26,24,24,21,22,22,20,19,18,16,13,13,12,13,13,11,13,12,11,11,11,9,10,10,8,9,8,7,9,8,7,7,6,6,7,7,6,8,7,6,8,8,7,7,7,5,1,1,0,2,2,1,2,2,1,2,2,2,24,22,20,26,26,23,22,21,19,18,18,16,17,17,15,13,13,12,11,11,10,11,11,10,9,9,8,9,9,8,10,10,9,10,9,8,7,7,6,4,4,3,8,7,6,6,6,5,6,6,5,8,7,6,7,7,5,7,7,6,7,7,6,34,33,31,25,25,24,22,23,22,18,18,18,16,16,16,17,17,15,13,13,11,14,13,12,15,15,13,13,13,12,11,11,11,12,11,10,11,11,9,7,6,6,10,9,8,10,9,8,8,8,7,7,7,6,7,7,6,6,6,5,8,7,6,36,35,34,29,28,27,25,25,25,22,21,20,18,18,17,17,17,16,16,15,15,15,14,14,13,12,11,14,13,11,17,17,15,14,13,12,13,13,12,8,7,6,9,8,7,7,7,6,41,40,37,43,41,39,29,30,29,28,28,27,23,23,21,21,21,20,16,16,15,14,14,13,16,15,14,19,18,16,18,17,16,17,16,15,13,12,11,10,10,8,10,9,8,8,8,8,8,8,8,8,7,7,40,40,37,29,30,30,34,33,32,19,18,17,14,14,12,11,10,10,13,12,11,13,13,11,11,11,10,10,10,9,9,9,8,9,9,8,8,8,7
3,3,2,30,29,26,25,24,22,22,22,20,19,18,16,13,13,12,13,13,11,13,12,11,11,11,10,10,9,8,9,8,7,9,8,7,7,6,6,8,7,6,8,7,6,8,8,7,7,7,5,1,1,1,2,2,1,2,2,1,2,2,2,23,22,20,26,25,23,22,21,20,18,18,16,17,17,15,14,13,12,11,11,10,11,11,10,9,9,8,9,9,8,10,9,9,10,9,8,7,7,6,4,4,3,8,8,6,6,6,5,6,6,5,8,7,6,8,7,5,7,6,6,7,7,6,34,33,31,25,25,25,22,22,22,18,18,17,16,16,16,17,17,16,13,13,12,14,13,12,15,15,13,13,13,12,11,11,10,12,11,10,11,11,9,7,6,6,10,9,8,10,9,8,9,8,7,7,7,6,7,7,7,6,6,5,8,7,6,36,35,34,28,27,26,25,25,25,22,21,21,18,18,17,17,17,16,15,15,14,15,15,14,13,12,12,14,13,12,17,17,15,14,14,12,14,13,12,8,7,7,9,8,7,7,7,6,41,40,37,43,41,39,29,30,30,28,28,27,23,23,21,21,21,20,16,16,15,14,14,13,16,15,14,19,18,16,18,17,16,17,16,15,13,12,11,10,10,8,10,9,8,8,8,8,8,8,8,8,7,7,40,39,37,29,30,30,34,33,32,19,18,18,14,14,12,11,10,10,13,13,11,13,13,11,11,11,10,10,10,9,9,9,8,9,9,8,8,8,7
3,3,2,29,29,25,25,24,21,22,22,20,19,18,16,13,13,11,13,13,11,13,12,11,11,11,9,10,10,9,9,8,7,9,8,7,7,6,5,7,7,6,8,7,6,8,8,7,7,7,5,1,1,0,2,2,1,2,2,1,2,2,2,22,21,19,25,25,22,21,21,19,18,18,16,17,16,15,13,13,12,11,11,10,11,11,10,9,9,8,9,9,8,9,9,9,9,9,8,7,7,6,4,4,3,8,7,6,6,6,5,6,6,5,8,7,6,7,7,5,7,6,5,7,7,5,33,32,31,25,24,24,22,22,21,18,18,17,16,16,16,17,17,15,13,13,12,14,13,12,15,15,13,13,13,12,11,11,10,12,11,10,11,10,9,7,6,6,9,9,8,9,9,8,9,8,7,7,7,6,7,7,6,6,6,5,7,7,6,36,34,33,28,27,26,25,25,24,21,21,20,18,17,17,16,16,15,15,15,14,15,14,13,13,12,11,13,13,11,17,17,15,14,13,12,13,13,12,8,7,7,9,8,7,7,7,6,41,39,36,42,41,39,29,29,29,28,28,26,23,23,21,21,21,19,16,16,14,14,14,13,15,15,14,19,18,16,18,17,16,17,16,15,13,12,11,10,10,8,9,9,8,8,9,8,8,8,7,8,7,6,40,39,37,28,29,29,34,33,31,19,18,17,14,14,12,11,10,9,13,12,11,13,13,11,11,11,10,10,10,9,9,9,8,9,9,9,8,8,7
3,3,2,29,28,25,25,24,22,22,22,20,19,18,17,13,13,12,13,12,11,13,12,11,11,11,10,10,10,9,9,8,7,9,8,7,7,6,6,8,7,6,8,7,6,8,8,7,7,7,5,1,1,0,2,2,1,2,2,1,2,2,2,22,20,18,25,24,22,21,21,19,17,17,16,17,16,15,13,13,12,11,11,10,11,11,10,9,9,8,9,9,8,9,9,9,10,9,8,7,7,6,4,4,3,8,7,6,6,6,5,6,6,5,8,7,6,7,7,5,7,7,5,7,7,5,33,32,31,25,25,24,22,22,21,18,18,17,16,16,16,17,17,16,13,13,12,13,13,12,15,15,13,13,13,12,11,11,10,12,11,10,11,10,9,7,6,6,9,9,8,10,9,8,9,8,7,7,7,7,7,7,7,6,6,5,8,7,6,36,35,33,28,27,27,25,25,25,21,21,20,18,18,17,17,16,16,15,15,14,15,14,13,13,12,11,13,13,11,17,17,15,14,13,12,14,13,12,8,8,7,9,8,7,7,7,6,41,39,37,43,41,39,29,29,29,28,28,26,23,23,22,21,21,20,16,16,15,14,14,13,15,15,14,19,18,16,18,17,16,17,17,15,13,12,11,10,9,8,10,9,8,8,9,8,8,8,7,8,7,7,40,39,37,29,29,30,34,33,31,19,18,18,14,14,13,11,10,10,13,12,11,13,13,12,11,11,10,10,10,9,9,9,8,9,9,9,8,8,7
3,3,2,29,28,25,24,24,22,22,22,20,19,18,16,13,13,12,13,12,11,13,12,11,11,11,9,10,10,8,9,8,7,9,8,7,7,6,5,8,7,6,8,7,6,9,8,7,7,7,5,1,1,1,2,2,1,2,2,1,2,2,1,22,21,18,25,24,22,21,21,19,18,17,16,16,16,15,13,13,12,11,11,10,11,10,10,9,9,8,9,9,8,9,9,8,9,9,8,7,7,6,4,4,3,8,7,6,6,6,5,6,6,5,7,7,6,7,7,5,7,7,5,7,7,5,33,32,31,25,25,24,22,22,21,18,18,17,16,16,16,17,17,16,13,13,12,13,13,12,15,15,13,13,12,12,11,11,10,12,11,10,11,10,9,7,6,6,9,9,8,9,9,8,9,8,7,7,7,6,7,7,6,6,6,5,7,7,5,36,35,33,28,27,27,25,25,25,21,21,20,18,17,16,16,16,15,15,15,14,15,14,13,12,12,11,13,13,11,17,17,15,14,13,12,13,13,12,7,7,7,8,8,7,7,7,6,40,39,36,42,41,38,29,29,29,28,28,26,23,23,22,20,21,19,16,16,15,14,14,13,15,15,14,19,18,16,18,17,15,17,16,15,13,12,11,10,9,8,10,9,8,8,9,7,8,8,7,7,8,7,40,39,37,29,30,30,34,33,31,19,18,18,14,14,13,11,11,10,13,12,11,13,13,12,11,11,10,10,10,9,10,9,8,9,9,8,9,8,7
3,3,2,29,28,25,24,24,22,22,22,20,19,18,17,13,13,12,13,12,11,13,12,11,11,11,9,10,10,8,9,8,7,9,8,7,7,6,6,8,7,6,8,7,6,8,8,7,7,6,5,1,1,0,2,2,1,2,2,1,2,2,2,22,21,18,25,24,23,21,21,19,18,18,16,17,16,15,13,13,12,11,11,10,11,10,10,9,9,8,9,9,8,9,9,9,10,9,8,7,7,6,4,4,3,8,7,7,6,6,5,6,6,5,7,7,6,8,7,6,7,6,5,7,7,5,33,32,31,25,25,25,22,22,22,18,18,18,16,16,16,17,17,16,13,13,12,13,13,12,15,15,13,13,12,12,11,11,10,12,11,10,11,10,9,7,6,6,9,9,8,10,9,8,8,8,7,7,7,7,7,7,6,6,6,5,7,7,6,36,35,33,28,27,27,25,25,25,21,21,20,18,17,17,17,16,16,15,15,14,15,14,13,12,12,11,13,13,11,17,17,15,14,13,13,13,13,12,8,8,7,9,8,7,7,7,6,41,40,37,42,41,39,29,29,29,28,28,27,23,23,22,20,21,19,16,16,15,14,14,13,15,15,14,19,18,16,18,17,15,17,16,15,13,12,11,10,10,8,10,9,8,8,9,8,8,8,7,8,7,7,40,39,37,29,29,30,34,33,31,19,18,18,14,14,13,11,11,10,13,12,11,13,13,12,11,11,10,10,10,9,9,9,8,9,9,9,9,8,7
3,3,2,29,28,25,25,24,22,22,21,20,19,18,17,13,13,12,13,12,11,13,12,11,11,11,9,10,10,8,9,8,7,9,8,7,7,6,6,8,7,6,7,7,6,8,8,7,7,6,5,1,1,0,2,2,1,2,2,1,2,2,2,22,21,18,25,25,23,21,21,19,18,17,16,17,17,15,13,13,12,11,11,10,11,10,10,9,9,8,9,9,8,9,9,8,10,9,8,7,7,6,4,4,3,8,7,6,6,6,5,6,6,5,8,7,6,8,7,6,7,6,5,8,7,6,33,32,31,25,24,24,22,22,21,18,18,18,16,16,16,17,17,15,13,13,12,13,13,12,15,15,13,13,12,11,11,11,10,12,11,10,11,10,9,7,6,6,9,9,8,9,9,8,8,8,7,7,7,7,7,7,6,6,6,5,7,7,6,36,34,33,28,27,27,25,25,25,21,21,20,18,17,16,16,16,15,15,15,14,14,14,13,12,12,11,13,12,11,17,17,15,14,13,12,13,13,12,8,8,7,8,8,7,7,7,6,41,40,36,43,41,39,29,29,29,28,28,27,23,23,22,20,21,19,15,16,15,14,14,13,15,15,14,18,18,16,18,17,15,17,16,15,13,12,11,10,10,8,9,9,8,8,9,7,8,8,7,7,7,6,40,39,37,29,29,29,34,33,31,19,18,18,14,14,13,11,11,10,13,12,11,13,13,12,11,11,10,10,10,9,9,9,8,9,9,8,9,8,7
3,3,2,29,29,25,25,24,22,22,22,20,19,18,17,13,13,11,13,12,11,13,12,10,11,11,9,10,10,8,9,8,7,9,8,7,7,6,5,8,7,6,8,7,6,8,8,7,7,6,5,1,1,0,2,2,1,2,2,1,2,2,2,22,21,18,25,24,23,21,21,19,18,17,16,16,16,15,13,13,12,11,11,10,11,10,9,9,9,8,9,9,8,9,9,8,9,9,8,7,7,6,4,4,3,7,7,6,6,6,5,6,6,5,7,7,6,7,8,5,7,7,5,7,6,6,33,32,31,25,24,24,22,22,21,18,18,18,16,16,16,17,17,15,13,13,12,13,13,12,15,15,13,13,13,11,11,11,10,12,11,10,11,10,9,7,7,6,9,9,8,9,9,8,8,8,7,7,7,6,7,7,6,6,6,5,7,7,6,35,35,33,28,27,27,25,25,25,21,21,20,18,17,16,16,16,15,15,15,14,15,14,13,12,12,11,13,12,11,17,17,15,14,13,12,13,13,12,7,7,7,9,8,7,7,7,6,40,39,36,43,41,39,29,29,29,28,28,26,23,23,22,20,21,19,16,16,15,14,14,13,15,15,14,18,18,16,17,17,15,17,16,15,13,12,11,10,9,8,10,9,8,8,8,7,8,8,7,8,7,6,40,39,37,29,29,30,34,33,31,19,18,18,14,14,13,11,11,10,13,12,11,13,13,12,11,11,9,10,10,9,9,9,8,9,9,8,8,8,7
