194,0,0,159,0,0,180,0,0,207,0,0,211,0,0,255,0,0,255,0,0,255,0,0,255,0,0,255,0,0,255,0,0,255,0,0,255,0,0,255,0,0,255,0,0,255,0,0,238,0,0,180,0,0,203,0,0,176,0,0,187,0,0,183,0,0,176,0,4,191,0,0,181,0,0,236,0,0,255,0,0,237,0,0,255,0,0,255,0,0,255,0,0,237,0,0,255,0,0,255,0,0,230,0,0,255,0,0,255,0,0,231,0,0,194,0,0,191,0,0,176,0,0,113,0,0,170,0,0,189,0,2,191,0,0,236,0,0,238,0,0,255,0,0,255,0,0,255,0,0,255,0,0,255,0,0,255,0,0,255,0,0,255,0,0,182,0,0,234,0,0,235,0,0,212,0,0,217,0,0,228,0,0,212,0,0,185,0,0,163,0,0,194,0,0,214,0,0,221,0,0,238,0,0,255,0,0,255,0,0,255,0,0,255,0,0,255,0,0,255,0,0,255,0,0,255,0,0,243,0,0,231,0,0,222,0,0,170,0,0,179,0,0,201,0,0,198,0,0,217,0,0,233,0,0,255,0,0,255,0,0,255,0,0,255,0,0,255,0,0,255,0,0,255,0,0,219,0,0,223,0,0,226,0,0,194,0,0,217,0,0,158,0,0,190,0,0,197,0,0,240,0,0,235,0,0,255,0,0,255,0,0,224,0,0,255,0,0,232,0,0,218,0,0,229,0,0,212,0,0
211,0,0,164,0,0,193,0,0,207,0,0,211,0,0,255,0,0,255,0,0,255,0,0,255,0,0,255,0,0,255,0,0,255,0,0,255,0,0,255,0,0,255,0,0,255,0,0,238,0,0,177,0,0,210,0,0,192,0,0,204,0,0,183,0,0,188,0,0,191,0,0,189,0,0,236,0,0,255,0,0,255,0,0,255,0,0,255,0,0,255,0,0,255,0,0,255,0,0,255,0,0,230,0,0,255,0,0,255,0,0,231,0,0,224,0,0,191,0,0,185,0,0,113,0,0,174,0,0,189,0,2,199,0,0,241,0,0,233,0,0,255,0,0,255,0,0,255,0,0,255,0,0,255,0,0,255,0,0,255,0,0,255,0,0,219,0,0,241,0,0,242,0,0,212,0,0,217,0,0,228,0,0,212,0,0,197,0,0,163,0,0,198,0,0,217,0,0,226,0,0,233,0,0,255,0,0,255,0,0,255,0,0,255,0,0,255,0,0,255,0,0,255,0,0,255,0,0,243,0,0,231,0,0,233,0,0,173,0,0,190,0,0,211,0,0,219,0,0,222,0,0,244,0,0,255,0,0,255,0,0,255,0,0,255,0,0,255,0,0,255,0,0,255,0,0,219,0,0,223,0,0,226,0,0,204,0,0,227,0,0,170,0,0,196,0,0,197,0,0,240,0,0,242,0,0,255,0,0,255,0,0,235,0,0,255,0,0,244,0,0,227,0,0,229,0,0,212,0,0
211,0,0,164,0,0,180,0,0,207,0,0,211,0,0,255,0,0,255,0,0,255,0,0,255,0,0,255,0,0,255,0,0,255,0,0,255,0,0,255,0,0,255,0,0,255,0,0,238,0,0,173,0,0,200,0,0,188,0,0,200,0,0,191,0,0,194,0,0,191,0,0,189,0,0,236,0,0,255,0,0,255,0,0,255,0,0,255,0,0,255,0,0,255,0,0,255,0,0,255,0,0,230,0,0,255,0,0,255,0,0,231,0,0,204,0,0,191,0,0,185,0,0,113,0,0,178,0,0,189,0,2,199,0,0,236,0,0,233,0,0,255,0,0,255,0,0,255,0,0,255,0,0,255,0,0,255,0,0,255,0,0,255,0,0,219,0,0,241,0,0,248,0,0,220,0,0,217,0,0,237,0,0,223,0,0,209,0,0,163,0,0,198,0,0,217,0,0,221,0,0,233,0,0,255,0,0,255,0,0,255,0,0,255,0,0,255,0,0,255,0,0,255,0,0,255,0,0,243,0,0,236,0,0,227,0,0,180,0,0,190,0,0,208,0,0,215,0,0,217,0,0,238,0,0,255,0,0,255,0,0,255,0,0,255,0,0,255,0,0,255,0,0,255,0,0,223,0,0,223,0,0,226,0,0,214,0,0,227,0,0,166,0,0,196,0,0,197,0,0,248,0,0,242,0,0,255,0,0,255,0,0,235,0,0,255,0,0,240,0,0,227,0,0,229,0,0,212,0,0
205,0,0,170,0,0,180,0,0,207,0,0,211,0,0,244,0,0,255,0,0,255,0,0,255,0,0,255,0,0,255,0,0,255,0,0,255,0,0,255,0,0,255,0,0,255,0,0,221,0,0,177,0,0,210,0,0,196,0,0,196,0,0,175,0,0,188,0,0,175,0,0,189,0,0,236,0,0,255,0,0,237,0,0,255,0,0,255,0,0,255,0,0,255,0,0,255,0,0,255,0,0,230,0,0,255,0,0,255,0,0,231,0,0,204,0,0,181,0,0,185,0,0,128,0,0,166,0,0,185,0,2,195,0,0,232,0,0,233,0,0,255,0,0,255,0,0,255,0,0,255,0,0,255,0,0,255,0,0,255,0,0,255,0,0,219,0,0,248,0,0,235,0,0,212,0,0,217,0,0,228,0,0,212,0,0,197,0,0,163,0,0,201,0,0,217,0,0,226,0,0,238,0,0,255,0,0,255,0,0,255,0,0,255,0,0,255,0,0,255,0,0,255,0,0,255,0,0,243,0,0,231,0,0,227,0,0,173,0,0,184,0,0,208,0,0,215,0,0,213,0,0,233,0,0,255,0,0,255,0,0,255,0,0,255,0,0,255,0,0,255,0,0,255,0,0,235,0,0,207,0,0,219,0,0,204,0,0,217,0,0,166,0,0,193,0,0,197,0,0,240,0,0,242,0,0,255,0,0,255,0,0,235,0,0,250,0,0,232,0,0,227,0,0,216,0,0,212,0,0
211,0,0,227,0,0,243,0,0,221,0,0,237,0,0,244,0,0,243,0,0,243,0,0,242,0,0,241,0,0,255,0,0,242,0,0,242,0,0,242,0,0,255,0,0,241,0,0,238,0,0,248,0,0,252,0,0,238,0,0,251,0,0,239,0,0,231,0,4,239,0,0,239,0,0,236,0,0,232,0,0,246,0,0,245,0,0,245,0,0,255,0,0,237,0,0,255,0,0,255,0,0,255,0,0,245,0,0,255,0,0,255,0,0,235,0,0,244,0,0,220,0,0,227,0,0,234,0,23,238,0,2,239,0,0,250,0,0,249,0,0,240,0,0,244,0,0,248,0,0,238,0,0,240,0,0,240,0,0,242,0,0,241,0,0,219,0,0,227,0,0,242,0,0,241,0,0,242,0,0,255,0,0,255,0,0,232,0,0,230,0,0,233,0,0,245,0,0,235,0,0,246,0,0,250,0,0,242,0,36,255,0,0,242,0,0,247,0,0,219,0,13,249,0,0,246,0,0,255,0,0,245,0,0,244,0,0,219,0,0,212,0,0,236,0,15,231,0,0,230,0,0,233,0,0,245,0,0,249,0,0,239,0,0,241,0,0,231,0,0,228,0,0,245,0,0,227,0,0,255,0,0,248,0,0,255,0,0,255,0,0,223,0,0,240,0,64,224,0,0,240,0,0,216,0,0,255,0,0,246,0,0,204,0,0,245,0,0,247,0,0,236,0,0,242,0,0,255,0,0
211,0,0,232,0,0,243,0,0,227,0,0,246,0,0,244,0,0,255,0,0,255,0,0,255,0,0,255,0,0,255,0,0,255,0,0,255,0,0,255,0,0,239,0,0,227,0,0,238,0,0,239,0,0,255,0,0,247,0,0,255,0,0,239,0,0,237,0,4,247,0,0,239,0,0,246,0,0,243,0,0,255,0,0,255,0,0,245,0,0,255,0,0,237,0,0,255,0,0,255,0,0,255,0,0,245,0,0,255,0,0,243,0,0,235,0,0,223,0,0,229,0,0,241,0,0,234,0,23,248,0,2,243,0,0,250,0,0,249,0,0,240,0,0,250,0,0,248,0,0,238,0,0,248,0,0,240,0,0,242,0,0,241,0,0,219,0,0,227,0,0,248,0,0,248,0,0,242,0,0,255,0,0,255,0,0,232,0,0,237,0,0,239,0,0,248,0,0,245,0,0,246,0,0,255,0,0,242,0,36,255,0,0,248,0,0,255,0,0,219,0,13,249,0,0,255,0,0,255,0,0,250,0,0,244,0,0,229,0,0,222,0,0,239,0,15,239,0,0,238,0,0,238,0,0,250,0,0,255,0,0,250,0,36,241,0,0,243,0,0,242,0,0,245,0,0,235,0,0,255,0,0,255,0,0,255,0,0,255,0,0,223,0,0,243,0,64,233,0,0,240,0,0,229,0,0,255,0,0,246,0,0,204,0,0,250,0,0,247,0,0,246,0,0,242,0,0,212,0,0
211,0,0,232,0,0,243,0,0,227,0,0,246,0,0,244,0,0,255,0,0,243,0,0,242,0,0,255,0,0,255,0,0,242,0,0,255,0,0,255,0,0,255,0,0,241,0,0,238,0,0,245,0,0,245,0,0,242,0,0,255,0,0,239,0,0,231,0,4,231,0,0,239,0,0,246,0,0,243,0,0,255,0,0,255,0,0,245,0,0,255,0,0,246,0,0,255,0,0,255,0,0,255,0,0,255,0,0,255,0,0,255,0,0,235,0,0,244,0,0,229,0,0,241,0,0,230,0,23,248,0,2,235,0,0,246,0,0,249,0,0,248,0,0,244,0,0,248,0,0,238,0,0,248,0,0,248,0,0,242,0,0,241,0,0,255,0,0,241,0,0,235,0,0,241,0,0,255,0,0,255,0,0,244,0,0,243,0,0,234,0,0,239,0,0,248,0,0,245,0,0,246,0,0,255,0,0,242,0,0,255,0,0,248,0,0,255,0,0,219,0,13,249,0,0,246,0,0,255,0,0,250,0,0,244,0,0,226,0,0,217,0,0,239,0,15,235,0,0,238,0,0,238,0,0,250,0,0,249,0,0,244,0,0,241,0,0,243,0,0,255,0,0,255,0,0,239,0,0,255,0,0,255,0,0,255,0,0,246,0,0,219,0,0,243,0,64,233,0,0,240,0,0,222,0,0,251,0,0,246,0,0,204,0,0,245,0,0,247,0,0,241,0,0,248,0,0,212,0,0
216,0,0,232,0,0,249,0,0,227,0,0,246,0,0,255,0,0,255,0,0,255,0,0,255,0,0,255,0,0,255,0,0,255,0,0,255,0,0,255,0,0,255,0,0,241,0,0,238,0,0,245,0,0,241,0,0,247,0,0,255,0,0,239,0,0,243,0,4,239,0,0,239,0,0,255,0,0,243,0,0,255,0,0,255,0,0,245,0,0,255,0,0,255,0,0,255,0,0,255,0,0,255,0,0,255,0,0,255,0,0,255,0,0,235,0,0,244,0,0,229,0,0,241,0,0,234,0,23,241,0,2,239,0,0,250,0,0,249,0,0,248,0,0,250,0,0,248,0,0,246,0,0,255,0,0,248,0,0,242,0,0,255,0,0,255,0,0,234,0,0,242,0,0,248,0,0,242,0,0,255,0,0,255,0,0,243,0,0,237,0,0,242,0,0,245,0,0,245,0,0,246,0,0,255,0,0,248,0,0,255,0,0,255,0,0,255,0,0,219,0,13,249,0,0,246,0,0,249,0,0,255,0,0,249,0,0,229,0,0,222,0,0,239,0,15,239,0,0,242,0,0,238,0,0,250,0,0,255,0,0,255,0,36,241,0,0,255,0,0,255,0,0,255,0,0,239,0,0,255,0,0,255,0,0,245,0,0,255,0,0,223,0,0,243,0,64,233,0,0,248,0,0,229,0,0,251,0,0,246,0,0,214,0,0,250,0,0,251,0,0,246,0,0,255,0,0,212,0,0
216,0,0,232,0,0,243,0,0,227,0,0,237,0,0,255,0,0,243,0,0,243,0,0,255,0,0,255,0,0,255,0,0,255,0,0,255,0,0,255,0,0,255,0,0,241,0,0,238,0,0,245,0,0,252,0,0,242,0,0,255,0,0,239,0,0,231,0,4,239,0,0,239,0,0,246,0,0,243,0,0,246,0,0,255,0,0,245,0,0,255,0,0,246,0,0,255,0,0,255,0,0,242,0,0,255,0,0,255,0,0,255,0,0,224,0,0,234,0,0,229,0,0,227,0,0,230,0,23,238,0,2,235,0,0,246,0,0,244,0,0,248,0,0,250,0,0,248,0,0,246,0,0,255,0,0,248,0,0,242,0,0,255,0,0,219,0,0,234,0,0,242,0,0,248,0,0,242,0,0,255,0,0,255,0,0,243,0,0,234,0,0,236,0,0,245,0,0,245,0,0,246,0,0,255,0,0,242,0,0,255,0,0,255,0,0,247,0,0,219,0,13,249,0,0,246,0,0,255,0,0,250,0,0,249,0,0,229,0,0,217,0,0,239,0,0,231,0,0,242,0,0,238,0,0,250,0,0,255,0,0,250,0,0,241,0,0,243,0,0,255,0,0,255,0,0,231,0,0,255,0,0,255,0,0,255,0,0,255,0,0,227,0,0,240,0,64,233,0,0,248,0,0,222,0,0,251,0,0,246,0,0,214,0,0,245,0,0,247,0,0,241,0,0,248,0,0,212,0,0
216,0,0,232,0,0,243,0,0,227,0,0,246,0,0,255,0,0,255,0,0,255,0,0,255,0,0,255,0,0,255,0,0,255,0,0,255,0,0,255,0,0,255,0,0,241,0,0,238,0,0,242,0,0,252,0,0,247,0,0,255,0,0,239,0,0,231,0,4,231,0,0,239,0,0,255,0,0,243,0,0,255,0,0,255,0,0,245,0,0,255,0,0,255,0,0,255,0,0,255,0,0,255,0,0,255,0,0,255,0,0,255,0,0,235,0,0,234,0,0,237,0,0,227,0,0,230,0,23,241,0,2,239,0,0,246,0,0,249,0,0,248,0,0,244,0,0,248,0,0,246,0,0,255,0,0,255,0,0,255,0,0,255,0,0,219,0,0,241,0,0,248,0,0,248,0,0,242,0,0,255,0,0,244,0,0,243,0,0,237,0,0,242,0,0,248,0,0,250,0,0,255,0,0,255,0,0,248,0,0,255,0,0,255,0,0,255,0,0,255,0,13,249,0,0,255,0,0,243,0,0,255,0,0,249,0,0,229,0,0,228,0,0,242,0,0,235,0,0,247,0,0,244,0,0,255,0,0,255,0,0,250,0,0,255,0,0,255,0,0,255,0,0,255,0,0,231,0,0,255,0,0,255,0,0,255,0,0,255,0,0,231,0,0,243,0,64,237,0,0,248,0,0,222,0,0,251,0,0,255,0,0,214,0,0,245,0,0,251,0,0,246,0,0,248,0,0,212,0,0
216,0,0,232,0,0,249,0,0,227,0,0,237,0,0,255,0,0,255,0,0,243,0,0,255,0,0,255,0,0,255,0,0,255,0,0,255,0,0,255,0,0,255,0,0,241,0,0,238,0,0,242,0,0,245,0,0,247,0,0,255,0,0,231,0,0,231,0,4,231,0,0,239,0,0,255,0,0,232,0,0,255,0,0,255,0,0,245,0,0,255,0,0,255,0,0,255,0,0,255,0,0,255,0,0,255,0,0,255,0,0,243,0,0,235,0,0,234,0,0,237,0,0,227,0,0,230,0,23,241,0,2,239,0,0,250,0,0,249,0,0,248,0,0,250,0,0,255,0,0,246,0,0,255,0,0,255,0,0,255,0,0,255,0,0,219,0,0,234,0,0,242,0,0,248,0,0,242,0,0,255,0,0,244,0,0,243,0,0,237,0,0,242,0,0,245,0,0,245,0,0,251,0,0,255,0,0,255,0,0,255,0,0,255,0,0,255,0,0,219,0,0,249,0,0,255,0,0,255,0,0,255,0,0,249,0,0,229,0,0,217,0,0,242,0,0,235,0,0,247,0,0,238,0,0,250,0,0,255,0,0,244,0,0,255,0,0,243,0,0,255,0,0,255,0,0,231,0,0,255,0,0,255,0,0,245,0,0,246,0,0,231,0,0,243,0,64,237,0,0,248,0,0,216,0,0,251,0,0,246,0,0,204,0,0,245,0,0,251,0,0,246,0,0,248,0,0,212,0,0
216,0,0,232,0,0,249,0,0,227,0,0,237,0,0,255,0,0,255,0,0,243,0,0,255,0,0,255,0,0,255,0,0,255,0,0,255,0,0,255,0,0,255,0,0,241,0,0,238,0,0,245,0,0,234,0,0,255,0,0,255,0,0,239,0,0,237,0,4,231,0,0,239,0,0,255,0,0,243,0,0,255,0,0,255,0,0,255,0,0,255,0,0,255,0,0,255,0,0,255,0,0,255,0,0,255,0,0,255,0,0,255,0,0,235,0,0,234,0,0,229,0,0,255,0,0,234,0,23,241,0,2,239,0,0,241,0,0,255,0,0,255,0,0,250,0,0,255,0,0,246,0,0,255,0,0,255,0,0,255,0,0,241,0,0,219,0,0,234,0,0,248,0,0,248,0,0,242,0,0,255,0,0,244,0,0,232,0,0,234,0,0,239,0,0,248,0,0,245,0,0,251,0,0,255,0,0,255,0,0,255,0,0,255,0,0,255,0,0,219,0,13,249,0,0,255,0,0,255,0,0,255,0,0,249,0,0,229,0,0,222,0,0,242,0,15,239,0,0,242,0,0,238,0,0,255,0,0,255,0,0,250,0,36,255,0,0,255,0,0,255,0,0,255,0,0,239,0,0,255,0,0,255,0,0,255,0,0,255,0,0,231,0,0,243,0,64,237,0,0,248,0,0,222,0,0,255,0,0,246,0,0,214,0,0,245,0,0,251,0,0,246,0,0,248,0,0,212,0,0
216,0,0,232,0,0,243,0,0,227,0,0,237,0,0,244,0,0,255,0,0,243,0,0,242,0,0,255,0,0,255,0,0,255,0,0,255,0,0,255,0,0,255,0,0,241,0,0,238,0,0,245,0,0,245,0,0,251,0,0,255,0,0,231,0,0,237,0,4,231,0,0,239,0,0,246,0,0,232,0,0,255,0,0,255,0,0,245,0,0,255,0,0,255,0,0,255,0,0,255,0,0,255,0,0,245,0,0,255,0,0,243,0,0,235,0,0,255,0,0,237,0,0,241,0,0,230,0,23,241,0,2,239,0,0,246,0,0,249,0,0,248,0,0,250,0,0,248,0,0,246,0,0,255,0,0,255,0,0,242,0,0,255,0,0,255,0,0,234,0,0,248,0,0,248,0,0,242,0,0,255,0,0,244,0,0,232,0,0,230,0,0,239,0,0,248,0,0,240,0,0,246,0,0,250,0,0,248,0,0,255,0,0,255,0,0,255,0,0,219,0,13,249,0,0,246,0,0,243,0,0,250,0,0,249,0,0,232,0,0,217,0,0,242,0,0,231,0,0,242,0,0,238,0,0,250,0,0,255,0,0,244,0,0,255,0,0,255,0,0,255,0,0,255,0,0,235,0,0,255,0,0,248,0,0,255,0,0,255,0,0,231,0,0,240,0,64,237,0,0,248,0,0,222,0,0,255,0,0,246,0,0,214,0,0,245,0,0,255,0,0,236,0,0,248,0,0,212,0,0
216,0,0,232,0,0,236,0,0,227,0,0,237,0,0,244,0,0,255,0,0,255,0,0,255,0,0,255,0,0,255,0,0,255,0,0,255,0,0,255,0,0,255,0,0,241,0,0,238,0,0,232,0,0,245,0,0,251,0,0,255,0,0,231,0,0,237,0,4,231,0,0,239,0,0,246,0,0,243,0,0,255,0,0,255,0,0,245,0,0,255,0,0,255,0,0,255,0,0,255,0,0,255,0,0,255,0,0,255,0,0,255,0,0,235,0,0,255,0,0,229,0,0,241,0,0,230,0,23,238,0,2,243,0,0,250,0,0,249,0,0,248,0,0,250,0,0,248,0,0,246,0,0,255,0,0,255,0,0,242,0,0,255,0,0,219,0,0,241,0,0,248,0,0,248,0,0,242,0,0,255,0,0,255,0,0,232,0,0,234,0,0,239,0,0,248,0,0,240,0,0,246,0,0,255,0,0,255,0,0,255,0,0,255,0,0,255,0,0,219,0,0,249,0,0,255,0,0,255,0,0,250,0,0,249,0,0,232,0,0,212,0,0,242,0,15,235,0,0,242,0,0,238,0,0,255,0,0,255,0,0,255,0,0,255,0,0,255,0,0,255,0,0,255,0,0,239,0,0,255,0,0,248,0,0,255,0,0,246,0,0,223,0,0,240,0,64,237,0,0,248,0,0,222,0,0,255,0,0,246,0,0,214,0,0,250,0,0,251,0,0,246,0,0,242,0,0,212,0,0
216,0,0,232,0,0,236,0,0,227,0,0,237,0,0,244,0,0,255,0,0,243,0,0,255,0,0,255,0,0,255,0,0,255,0,0,255,0,0,255,0,0,255,0,0,241,0,0,238,0,0,245,0,0,252,0,0,251,0,0,255,0,0,231,0,0,237,0,4,231,0,0,239,0,0,236,0,0,232,0,0,246,0,0,255,0,0,245,0,0,255,0,0,246,0,0,255,0,0,255,0,0,255,0,0,245,0,0,255,0,0,243,0,0,235,0,0,244,0,0,229,0,0,255,0,0,234,0,23,238,0,2,243,0,0,246,0,0,244,0,0,240,0,0,250,0,0,248,0,0,246,0,0,255,0,0,255,0,0,242,0,0,255,0,0,219,0,0,234,0,0,242,0,0,248,0,0,242,0,0,255,0,0,244,0,0,232,0,0,230,0,0,233,0,0,245,0,0,235,0,0,251,0,0,255,0,0,248,0,0,255,0,0,255,0,0,247,0,0,219,0,0,249,0,0,255,0,0,249,0,0,250,0,0,249,0,0,229,0,0,217,0,0,239,0,0,235,0,0,247,0,0,238,0,0,250,0,0,255,0,0,250,0,0,255,0,0,243,0,0,242,0,0,255,0,0,235,0,0,239,0,0,248,0,0,245,0,0,246,0,0,231,0,0,240,0,64,233,0,0,248,0,0,216,0,0,255,0,0,246,0,0,214,0,0,250,0,0,251,0,0,241,0,0,248,0,0,212,0,0
216,0,0,232,0,0,236,0,0,227,0,0,246,0,0,244,0,0,255,0,0,243,0,0,255,0,0,255,0,0,255,0,0,255,0,0,255,0,0,255,0,0,255,0,0,241,0,0,238,0,0,242,0,0,255,0,0,255,0,0,255,0,0,231,0,0,231,0,4,231,0,0,239,0,0,246,0,0,243,0,0,255,0,0,255,0,0,255,0,0,255,0,0,255,0,0,255,0,0,255,0,0,255,0,0,255,0,0,255,0,0,255,0,0,235,0,0,255,0,0,246,0,0,255,0,0,234,0,23,238,0,2,247,0,0,250,0,0,249,0,0,248,0,0,250,0,0,248,0,0,246,0,0,255,0,0,255,0,0,242,0,0,255,0,0,219,0,0,234,0,0,248,0,0,248,0,0,255,0,0,255,0,0,255,0,0,232,0,0,234,0,0,236,0,0,248,0,0,240,0,0,242,0,0,255,0,0,255,0,0,255,0,0,255,0,0,255,0,0,219,0,0,249,0,0,246,0,0,249,0,0,255,0,0,255,0,0,232,0,0,217,0,0,242,0,15,235,0,0,242,0,0,244,0,0,255,0,0,255,0,0,250,0,0,255,0,0,255,0,0,255,0,0,255,0,0,239,0,0,255,0,0,248,0,0,255,0,0,255,0,0,231,0,0,237,0,64,233,0,0,248,0,0,222,0,0,255,0,0,255,0,0,214,0,0,250,0,0,251,0,0,241,0,0,255,0,0,212,0,0
216,0,0,232,0,0,236,0,0,221,0,0,237,0,0,244,0,0,255,0,0,243,0,0,242,0,0,255,0,0,242,0,0,255,0,0,255,0,0,255,0,0,255,0,0,241,0,0,238,0,0,242,0,0,255,0,0,251,0,0,255,0,0,231,0,0,225,0,4,231,0,0,239,0,0,246,0,0,232,0,0,237,0,0,255,0,0,245,0,0,255,0,0,246,0,0,255,0,0,255,0,0,255,0,0,255,0,0,255,0,0,243,0,0,235,0,0,244,0,0,246,0,0,241,0,0,225,0,23,238,0,2,243,0,0,246,0,0,238,0,0,240,0,0,250,0,0,248,0,0,246,0,0,255,0,0,255,0,0,242,0,0,255,0,0,255,0,0,234,0,0,242,0,0,248,0,0,242,0,0,255,0,0,244,0,0,232,0,0,234,0,0,236,0,0,245,0,0,235,0,0,251,0,0,255,0,0,248,0,0,255,0,0,248,0,0,247,0,0,219,0,0,249,0,0,246,0,0,255,0,0,250,0,0,249,0,0,232,0,0,212,0,0,239,0,0,231,0,0,242,0,0,244,0,0,250,0,0,249,0,0,250,0,0,241,0,0,243,0,0,242,0,0,255,0,0,235,0,0,239,0,0,248,0,0,245,0,0,246,0,0,227,0,0,240,0,64,228,0,0,240,0,0,222,0,0,255,0,0,246,0,0,214,0,0,245,0,0,247,0,0,236,0,0,255,0,0,212,0,0
216,0,0,232,0,0,236,0,0,227,0,0,246,0,0,255,0,0,255,0,0,243,0,0,242,0,0,255,0,0,255,0,0,255,0,0,255,0,0,255,0,0,255,0,0,241,0,0,238,0,0,248,0,0,255,0,0,255,0,0,255,0,0,231,0,0,231,0,4,239,0,0,239,0,0,246,0,0,243,0,0,246,0,0,255,0,0,255,0,0,255,0,0,255,0,0,255,0,0,255,0,0,255,0,0,255,0,0,255,0,0,255,0,0,245,0,0,244,0,0,255,0,0,241,0,0,230,0,23,241,0,2,243,0,0,246,0,0,244,0,0,248,0,0,250,0,0,255,0,0,246,0,0,255,0,0,255,0,0,242,0,0,255,0,0,219,0,0,234,0,0,248,0,0,248,0,0,242,0,0,255,0,0,255,0,0,243,0,0,234,0,0,236,0,0,245,0,0,240,0,0,251,0,0,255,0,0,255,0,0,255,0,0,255,0,0,255,0,0,219,0,0,255,0,0,255,0,0,255,0,0,255,0,0,249,0,0,229,0,0,217,0,0,242,0,15,235,0,0,242,0,0,244,0,0,250,0,0,255,0,0,250,0,0,255,0,0,243,0,0,255,0,0,255,0,0,235,0,0,255,0,0,255,0,0,245,0,0,246,0,0,227,0,0,240,0,64,233,0,0,248,0,0,222,0,0,255,0,0,246,0,0,214,0,0,245,0,0,255,0,0,236,0,0,248,0,0,255,0,0
216,0,0,227,0,0,236,0,0,221,0,0,246,0,0,244,0,0,255,0,0,243,0,0,242,0,0,255,0,0,255,0,0,255,0,0,255,0,0,255,0,0,255,0,0,241,0,0,238,0,0,242,0,0,252,0,0,251,0,0,255,0,0,231,0,0,237,0,4,231,0,0,239,0,0,236,0,0,232,0,0,246,0,0,255,0,0,245,0,0,255,0,0,246,0,0,255,0,0,255,0,0,255,0,0,245,0,0,255,0,0,255,0,0,235,0,0,244,0,0,255,0,0,241,0,0,225,0,23,238,0,2,239,0,0,250,0,0,238,0,0,248,0,0,255,0,0,248,0,0,246,0,0,255,0,0,248,0,0,242,0,0,255,0,0,255,0,0,234,0,0,242,0,0,248,0,0,242,0,0,255,0,0,255,0,0,243,0,0,227,0,0,233,0,0,234,0,0,235,0,0,251,0,0,255,0,0,248,0,0,255,0,0,248,0,0,247,0,0,219,0,0,249,0,0,246,0,0,249,0,0,250,0,0,255,0,0,229,0,0,217,0,0,239,0,15,235,0,0,238,0,0,244,0,0,250,0,0,249,0,0,250,0,0,255,0,0,243,0,0,242,0,0,245,0,0,227,0,0,255,0,0,248,0,0,245,0,0,246,0,0,231,0,0,237,0,64,233,0,0,248,0,0,222,0,0,246,0,0,246,0,0,214,0,0,245,0,0,251,0,0,236,0,0,248,0,0,212,0,0
216,0,0,232,0,0,236,0,0,227,0,0,246,0,0,244,0,0,255,0,0,243,0,0,242,0,0,255,0,0,255,0,0,255,0,0,255,0,0,255,0,0,255,0,0,241,0,0,238,0,0,242,0,0,252,0,0,255,0,0,251,0,0,231,0,0,237,0,4,239,0,0,239,0,0,236,0,0,232,0,0,255,0,0,255,0,0,255,0,0,255,0,0,246,0,0,255,0,0,255,0,0,255,0,0,255,0,0,255,0,0,255,0,0,235,0,0,244,0,0,255,0,0,255,0,0,234,0,23,241,0,2,243,0,0,246,0,0,244,0,0,248,0,0,255,0,0,248,0,0,246,0,0,255,0,0,255,0,0,242,0,0,255,0,0,255,0,0,234,0,0,242,0,0,248,0,0,255,0,0,255,0,0,255,0,0,243,0,0,230,0,0,239,0,0,238,0,0,240,0,0,246,0,0,255,0,0,255,0,0,255,0,0,255,0,0,247,0,0,219,0,0,249,0,0,255,0,0,255,0,0,250,0,0,255,0,0,229,0,0,217,0,0,239,0,15,235,0,0,238,0,0,244,0,0,250,0,0,255,0,0,250,0,0,255,0,0,243,0,0,255,0,0,255,0,0,235,0,0,255,0,0,255,0,0,245,0,0,246,0,0,227,0,0,240,0,64,233,0,0,248,0,0,222,0,0,255,0,0,255,0,0,214,0,0,245,0,0,255,0,0,246,0,0,255,0,0,212,0,0
216,0,0,227,0,0,236,0,0,227,0,0,246,0,0,244,0,0,255,0,0,243,0,0,242,0,0,255,0,0,255,0,0,255,0,0,255,0,0,255,0,0,255,0,0,241,0,0,238,0,0,242,0,0,245,0,0,251,0,0,255,0,0,231,0,0,225,0,4,231,0,0,239,0,0,236,0,0,232,0,0,246,0,0,255,0,0,245,0,0,255,0,0,237,0,0,255,0,0,255,0,0,255,0,0,255,0,0,255,0,0,243,0,0,235,0,0,244,0,0,246,0,0,255,0,0,225,0,23,238,0,2,239,0,0,250,0,0,238,0,0,240,0,0,250,0,0,248,0,0,238,0,0,255,0,0,248,0,0,242,0,0,255,0,0,219,0,0,234,0,0,242,0,0,248,0,0,255,0,0,255,0,0,244,0,0,243,0,0,234,0,0,242,0,0,234,0,0,235,0,0,242,0,0,255,0,0,248,0,0,255,0,0,248,0,0,247,0,0,219,0,0,249,0,0,255,0,0,249,0,0,250,0,0,255,0,0,229,0,0,212,0,0,236,0,15,231,0,0,238,0,0,238,0,0,250,0,0,255,0,0,250,0,0,255,0,0,243,0,0,242,0,0,255,0,0,235,0,0,239,0,0,255,0,0,245,0,0,246,0,0,223,0,0,237,0,64,237,0,0,248,0,0,222,0,0,255,0,0,246,0,0,214,0,0,245,0,0,255,0,0,246,0,0,255,0,0,212,0,0
222,0,0,232,0,0,236,0,0,227,0,0,246,128,0,244,0,0,255,0,0,243,0,0,242,0,0,255,0,0,255,0,0,255,0,0,255,0,0,255,0,0,255,0,0,241,0,0,238,0,0,248,0,0,252,0,0,255,0,0,246,0,0,231,0,0,225,0,4,231,0,0,239,0,0,236,0,0,243,0,0,246,0,0,255,0,0,255,0,0,255,0,0,246,0,0,255,0,0,255,0,0,255,0,0,255,0,0,255,0,0,255,0,0,235,0,0,244,0,0,246,0,0,255,0,0,230,0,23,241,0,2,235,0,0,250,0,0,244,0,0,240,0,0,255,0,0,255,0,0,246,0,0,255,0,0,255,0,0,242,0,0,255,0,0,219,0,0,241,0,0,242,0,0,248,0,0,242,0,0,255,0,0,255,0,0,232,0,0,230,0,0,236,0,0,238,0,0,240,0,0,246,0,0,255,0,0,248,0,0,255,0,0,255,0,0,247,0,0,219,0,0,249,0,0,255,0,0,249,0,0,255,0,0,249,0,0,229,0,0,217,0,0,239,0,15,235,0,0,242,0,0,238,0,0,250,0,0,255,0,0,250,0,0,255,0,0,243,0,0,242,0,0,255,0,0,235,0,0,255,0,0,255,0,0,245,0,0,246,0,0,227,0,0,243,0,64,237,0,0,248,0,0,222,0,0,251,0,0,255,0,0,214,0,0,245,0,0,247,0,0,246,0,0,248,0,0,212,0,0
216,0,0,232,0,0,236,0,0,234,0,0,237,0,0,244,0,0,255,0,0,243,0,0,242,0,0,255,0,0,255,0,0,255,0,0,255,0,0,255,0,0,255,0,0,241,0,0,238,0,0,252,0,0,245,0,0,255,0,0,255,0,0,231,0,0,231,0,4,231,0,0,230,0,0,236,0,0,243,0,0,255,0,0,255,0,0,245,0,0,255,0,0,246,0,0,255,0,0,255,0,0,255,0,0,245,0,0,255,0,0,243,0,0,235,0,0,234,0,0,246,0,0,255,0,0,230,0,23,238,0,2,239,0,0,246,0,0,238,0,0,240,0,0,250,0,0,248,0,0,246,0,0,255,0,0,248,0,0,242,0,0,255,0,0,255,0,0,234,0,0,242,0,0,248,0,0,242,0,0,255,0,0,255,0,0,232,0,0,227,0,0,236,0,0,234,0,0,240,0,0,242,0,0,250,0,0,248,0,0,255,0,0,248,0,0,247,0,0,219,0,0,249,0,0,255,0,0,243,0,0,250,0,0,244,0,0,229,0,0,217,0,0,236,0,0,231,0,0,242,0,0,238,0,0,250,0,0,255,0,0,244,0,0,255,0,0,243,0,0,242,0,0,255,0,0,231,0,0,239,0,0,248,0,0,245,0,0,246,0,0,219,0,0,240,0,64,233,0,0,248,0,0,222,0,0,251,0,0,255,0,0,204,0,0,245,0,0,244,0,0,236,0,0,255,0,0,212,0,0
216,0,0,232,0,0,236,0,0,234,0,0,237,0,0,244,0,0,255,0,0,243,0,0,242,0,0,255,0,0,255,0,0,255,0,0,255,0,0,255,0,0,255,0,0,255,0,0,238,0,0,248,0,0,245,0,0,255,0,0,255,0,0,239,0,0,231,0,4,231,0,0,239,0,0,236,0,0,243,0,0,255,0,0,255,0,0,255,0,0,255,0,0,246,0,0,255,0,0,255,0,0,255,0,0,255,0,0,255,0,0,255,0,0,245,0,0,244,0,0,246,0,0,241,0,0,234,0,23,238,0,2,239,0,0,241,0,0,244,0,0,240,0,0,255,0,0,255,0,0,246,0,0,255,0,0,248,0,0,242,0,0,255,0,0,219,0,0,241,0,0,235,0,0,248,0,0,242,0,0,255,0,0,244,0,0,232,0,0,230,0,0,236,0,0,238,0,0,240,0,0,246,0,0,255,0,0,248,0,0,255,0,0,255,0,0,247,0,0,219,0,0,249,0,0,255,0,0,249,0,0,250,0,0,249,0,0,229,0,0,222,0,0,239,0,15,235,0,0,242,0,0,244,0,0,250,0,0,255,0,0,250,0,0,255,0,0,243,0,0,242,0,0,255,0,0,231,0,0,255,0,0,248,0,0,245,0,0,246,0,0,223,0,0,243,0,64,233,0,0,248,0,0,222,0,0,255,0,0,255,0,0,204,0,0,245,0,0,247,0,0,241,0,0,255,0,0,212,0,0
216,0,0,227,0,0,236,0,0,234,0,0,237,0,0,244,0,0,243,0,0,243,0,0,242,0,0,255,0,0,242,0,0,255,0,0,255,0,0,255,0,0,255,0,0,241,0,0,238,0,0,248,0,0,245,0,0,255,0,0,255,0,0,231,0,0,231,0,4,231,0,0,239,0,0,236,0,0,243,0,0,255,0,0,255,0,0,245,0,0,255,0,0,246,0,0,255,0,0,255,0,0,255,0,0,255,0,0,255,0,0,243,0,0,235,0,0,234,0,0,246,0,0,241,0,0,234,0,23,238,0,2,239,0,0,246,0,0,238,0,0,240,0,0,250,0,0,248,0,0,246,0,0,255,0,0,248,0,0,242,0,0,255,0,0,219,0,0,234,0,0,235,0,0,248,0,0,242,0,0,255,0,0,244,0,0,232,0,0,227,0,0,233,0,0,231,0,0,240,0,0,251,0,0,255,0,0,242,0,0,255,0,0,248,0,0,247,0,0,219,0,0,249,0,0,246,0,0,249,0,0,250,0,0,255,0,0,229,0,0,217,0,0,239,0,0,235,0,0,234,0,0,238,0,0,250,0,0,255,0,0,250,0,0,255,0,0,243,0,0,242,0,0,255,0,0,231,0,0,239,0,0,240,0,0,245,0,0,236,0,0,227,0,0,240,0,64,228,0,0,248,0,0,216,0,0,251,0,0,246,0,0,204,0,0,245,0,0,247,0,0,236,0,0,255,0,0,212,0,0
216,0,0,232,0,0,236,0,0,227,0,0,237,128,0,244,0,0,255,0,0,243,0,0,242,0,0,255,0,0,242,0,0,255,0,0,255,0,0,255,0,0,255,0,0,241,0,0,238,0,0,248,0,0,245,0,0,247,0,0,255,0,0,231,0,0,231,0,4,231,0,0,230,0,0,236,0,0,255,0,0,255,0,0,255,0,0,245,0,0,255,0,0,246,0,0,255,0,0,255,0,0,255,0,0,245,0,0,255,0,0,255,0,0,245,0,0,255,0,0,246,0,0,241,0,0,234,0,23,234,0,2,239,0,0,246,0,0,244,0,0,248,0,0,255,0,0,248,0,0,246,0,0,255,0,0,255,0,0,255,0,0,255,0,0,219,0,0,241,0,0,242,0,0,248,0,0,242,0,0,255,0,0,244,0,0,243,0,0,234,0,0,236,0,0,238,0,0,245,0,0,246,0,0,255,0,0,242,0,0,255,0,0,255,0,0,255,0,0,219,0,0,249,0,0,246,0,0,249,0,0,250,0,0,255,0,0,226,0,0,222,0,0,242,0,0,239,0,0,242,0,0,238,0,0,250,0,0,249,0,0,250,0,0,255,0,0,243,0,0,255,0,0,255,0,0,231,0,0,255,0,0,248,0,0,245,0,0,246,0,0,231,0,0,240,0,64,233,0,0,248,0,0,216,0,0,255,0,0,255,0,0,214,0,0,245,0,0,251,0,0,232,0,0,255,0,0,212,0,0
216,0,0,232,0,0,236,0,0,221,0,0,237,128,0,244,0,0,243,0,0,243,0,0,242,0,0,255,0,0,242,0,0,255,0,0,255,0,0,255,0,0,255,0,0,241,0,0,238,0,0,245,0,0,245,0,0,251,0,0,251,0,0,239,0,0,225,0,4,231,0,0,230,0,0,236,0,0,243,0,0,246,0,0,255,0,0,245,0,0,255,0,0,246,0,0,255,0,0,255,0,0,255,0,0,245,0,0,255,0,0,243,0,0,235,0,0,234,0,0,237,0,0,227,0,0,230,0,23,238,0,2,235,0,0,241,0,0,238,0,0,240,0,0,250,0,0,248,0,0,238,0,0,255,0,0,248,0,0,242,0,0,241,0,0,219,0,0,241,0,0,242,0,0,248,0,0,242,0,0,255,0,0,244,0,0,232,0,0,230,0,0,236,0,0,238,0,0,240,0,0,242,0,0,250,0,0,248,0,0,246,0,0,255,0,0,247,0,0,219,0,0,249,0,0,246,0,0,249,0,0,245,0,0,249,0,0,226,0,0,228,0,0,242,0,0,235,0,0,242,0,0,238,0,0,250,0,0,249,0,0,244,0,0,255,0,0,243,0,0,242,0,0,255,0,0,231,0,0,255,0,0,248,0,0,245,0,0,246,0,0,219,0,0,237,0,64,237,0,0,240,0,0,216,0,0,251,0,0,246,0,0,204,0,0,245,0,0,247,0,0,236,0,0,248,0,0,212,0,0
216,0,0,227,0,0,230,0,0,227,0,0,237,128,0,244,0,0,255,0,0,243,0,0,242,0,0,255,0,0,255,0,0,255,0,0,255,0,0,255,0,0,255,0,0,241,0,0,238,0,0,245,0,0,252,0,0,251,0,0,251,0,0,239,0,0,225,0,4,239,0,0,230,0,0,236,0,0,243,0,0,255,0,0,255,0,0,245,0,0,255,0,0,237,0,0,255,0,0,255,0,0,242,0,0,245,0,0,255,0,0,255,0,0,235,0,0,234,0,0,237,0,0,227,0,0,230,0,23,241,0,2,235,0,0,246,0,0,244,0,0,240,0,0,255,0,0,248,0,0,238,0,0,255,0,0,255,0,0,242,0,0,255,0,0,219,0,0,241,0,0,248,0,0,248,0,0,255,0,0,246,0,0,255,0,0,243,0,0,230,0,0,239,0,0,245,0,0,235,0,0,246,0,0,255,0,0,248,0,0,255,0,0,255,0,0,255,0,0,219,0,0,249,0,0,246,0,0,249,0,0,250,0,0,249,0,0,229,0,0,228,0,0,242,0,15,231,0,0,242,0,0,244,0,0,250,0,0,249,0,0,250,0,0,255,0,0,255,0,0,242,0,0,255,0,0,231,0,0,255,0,0,255,0,0,245,0,0,246,0,0,223,0,0,240,0,64,233,0,0,240,0,0,216,0,0,255,0,0,246,0,0,214,0,0,245,0,0,247,0,0,236,0,0,248,0,0,212,0,0
216,0,0,221,0,0,236,0,0,227,0,0,237,0,0,244,0,0,255,0,0,243,0,0,242,0,0,255,0,0,255,0,0,255,0,0,255,0,0,255,0,0,255,0,0,241,0,0,238,0,0,245,0,0,252,0,0,247,0,0,251,0,0,231,0,0,231,0,4,231,0,0,230,0,0,236,0,0,243,0,0,255,0,0,255,0,0,245,0,0,255,0,0,246,0,0,255,0,0,255,0,0,242,0,0,245,0,0,255,0,0,243,0,0,235,0,0,234,0,0,229,0,0,227,0,0,230,0,23,238,0,2,235,0,0,241,0,0,238,0,0,240,0,0,250,0,0,248,0,0,246,0,0,255,0,0,248,0,0,242,0,0,241,0,0,219,0,0,234,0,0,235,0,0,248,0,0,242,0,0,255,0,0,244,0,0,243,0,0,230,0,0,239,0,0,238,0,0,235,0,0,246,0,0,250,0,0,248,0,0,246,0,0,248,0,0,255,0,0,219,0,0,249,0,0,246,0,0,249,0,0,245,0,0,244,0,0,229,0,0,222,0,0,239,0,0,231,0,0,242,0,0,238,0,0,250,0,0,255,0,0,250,0,0,255,0,0,243,0,0,242,0,0,245,0,0,227,0,0,239,0,0,255,0,0,235,0,0,246,0,0,227,0,0,240,0,64,233,0,0,240,0,0,216,0,0,251,0,0,246,0,0,214,0,0,245,0,0,244,0,0,236,0,0,255,0,0,212,0,0
216,0,0,227,0,0,236,0,0,227,0,0,237,0,0,244,0,0,243,0,0,243,0,0,255,0,0,255,0,0,255,0,0,255,0,0,255,0,0,255,0,0,255,0,0,241,0,0,238,0,0,248,0,0,255,0,0,251,0,0,255,0,0,239,0,0,231,0,4,231,0,0,230,0,0,236,0,0,243,0,0,255,0,0,255,0,0,245,0,0,255,0,0,246,0,0,255,0,0,255,0,0,255,0,0,245,0,0,255,0,0,243,0,0,235,0,0,244,0,0,237,0,0,241,0,0,230,0,23,241,0,2,239,0,0,246,0,0,238,0,0,240,0,0,255,0,0,255,0,0,246,0,0,255,0,0,248,0,0,242,0,0,255,0,0,219,0,0,241,0,0,242,0,0,248,0,0,242,0,0,255,0,0,244,0,0,243,0,0,230,0,0,239,0,0,245,0,0,235,0,0,246,0,0,255,0,0,248,0,0,255,0,0,255,0,0,255,0,0,219,0,13,255,0,0,255,0,0,255,0,0,245,0,0,249,0,0,229,0,0,222,0,0,242,0,0,235,0,0,238,0,0,244,0,0,250,0,0,255,0,0,255,0,0,255,0,0,243,0,0,242,0,0,255,0,0,235,0,0,255,0,0,248,0,0,245,0,0,255,0,0,223,0,0,240,0,64,233,0,0,248,0,0,216,0,0,251,0,0,246,0,0,204,0,0,245,0,0,244,0,0,241,0,0,248,0,0,212,0,0
216,0,0,232,0,0,236,0,0,227,0,0,237,128,0,244,0,0,243,0,0,243,0,0,242,0,0,241,0,0,242,0,0,255,0,0,255,0,0,255,0,0,239,0,0,241,0,0,238,0,0,245,0,0,252,0,0,251,0,0,251,0,0,231,0,0,231,0,4,231,0,0,230,0,0,236,0,0,243,0,0,255,0,0,255,0,0,245,0,0,255,0,0,246,0,0,255,0,0,255,0,0,255,0,0,245,0,0,255,0,0,243,0,0,235,0,0,255,0,0,237,0,0,227,0,0,230,0,23,238,0,2,235,0,0,246,0,0,238,0,0,240,0,0,250,0,0,255,0,0,246,0,0,255,0,0,248,0,0,242,0,0,255,0,0,219,0,0,234,0,0,235,0,0,248,0,0,242,0,0,255,0,0,244,0,0,243,0,0,234,0,0,236,0,0,245,0,0,235,0,0,242,0,0,250,0,0,248,0,0,246,0,0,248,0,0,255,0,0,219,255,0,249,0,0,246,0,0,255,0,0,245,0,0,249,0,0,226,0,0,217,0,0,236,0,0,235,0,0,242,0,0,244,0,0,250,0,0,255,0,0,250,0,0,255,0,0,243,0,0,242,0,0,255,0,0,231,0,0,255,0,0,240,0,0,235,0,0,246,0,0,223,0,0,240,0,64,233,0,0,240,0,0,216,0,0,251,0,0,246,0,0,204,0,0,245,0,0,247,0,0,241,0,0,255,0,0,212,0,0
216,0,0,232,0,0,236,0,0,227,0,0,237,0,0,244,0,0,243,0,0,243,0,0,242,0,0,255,0,0,255,0,0,255,0,0,255,0,0,255,0,0,255,0,0,241,0,0,238,0,0,245,0,0,252,0,0,247,0,0,251,0,0,231,0,0,225,0,4,231,0,0,239,0,0,236,0,0,243,0,0,255,0,0,255,0,0,255,0,0,255,0,0,246,0,0,255,0,0,255,0,0,255,0,0,245,0,0,255,0,0,255,0,0,235,0,0,244,0,0,237,0,0,241,0,0,230,0,23,234,0,2,239,0,0,246,0,0,244,0,0,240,0,0,250,0,0,255,0,0,238,0,0,255,0,0,255,0,0,242,0,0,255,0,0,255,0,0,234,0,0,242,0,0,248,0,0,255,0,0,255,0,0,255,0,0,243,0,0,234,0,0,239,0,0,238,0,0,240,0,0,242,0,0,255,0,0,248,0,0,255,0,0,248,0,0,255,0,0,219,255,0,249,0,0,246,0,0,249,0,0,255,0,0,249,0,0,229,0,0,217,0,51,239,0,0,239,0,0,242,0,0,244,0,0,250,0,0,255,0,0,250,0,0,255,0,0,243,0,0,242,0,0,255,0,0,227,0,0,255,0,0,255,0,0,245,0,0,246,0,0,231,0,0,243,0,64,228,0,0,248,0,0,216,0,0,255,0,0,246,0,0,204,0,0,250,0,0,247,0,0,241,0,0,255,0,0,212,0,0
216,0,0,227,0,0,236,0,0,227,0,0,237,128,0,244,0,0,243,0,0,243,0,0,242,0,0,241,0,0,242,0,0,242,0,0,255,0,0,255,0,0,255,0,0,241,0,0,238,0,0,245,0,0,255,0,0,247,0,0,255,0,0,231,0,0,225,0,4,231,0,0,230,0,0,236,0,0,243,0,0,255,0,0,255,0,0,245,0,0,255,0,0,246,0,0,255,0,0,243,0,0,255,0,0,245,0,0,255,0,0,255,0,0,235,0,0,244,0,0,237,0,0,241,0,0,225,0,23,238,0,2,239,0,0,241,0,0,238,0,0,240,0,0,250,0,0,248,0,0,246,0,0,255,0,0,255,0,0,242,0,0,255,0,0,255,0,0,227,0,0,235,0,0,248,0,0,242,0,0,255,0,0,244,0,0,232,0,0,230,0,0,236,0,0,234,0,0,235,0,0,242,0,0,255,0,0,248,0,0,246,0,0,248,0,0,247,0,0,219,0,0,249,0,0,246,0,0,249,0,0,245,0,0,244,0,0,226,0,0,212,0,0,239,0,0,235,0,0,238,0,0,238,0,0,250,0,0,255,0,0,250,0,0,241,0,0,243,0,0,255,0,0,255,0,0,231,0,0,255,0,0,248,0,0,245,0,0,246,0,0,227,0,0,237,0,64,228,0,0,248,0,0,216,0,0,251,0,0,246,0,0,214,0,0,245,0,0,244,0,0,236,0,0,248,0,0,212,0,0
216,0,0,232,0,0,230,0,0,227,0,0,237,128,0,244,0,0,243,0,0,243,0,0,242,0,0,255,0,0,255,0,0,255,0,0,255,0,0,255,0,0,255,0,0,241,0,0,255,0,0,245,0,0,255,0,0,251,0,0,255,0,0,231,0,0,231,0,4,231,0,0,239,0,0,236,0,0,243,0,0,255,0,0,255,0,0,245,0,0,255,0,0,246,0,0,255,0,0,243,0,0,255,0,0,255,0,0,255,0,0,243,0,0,235,0,0,255,0,0,237,0,0,241,0,0,230,0,23,238,0,2,243,0,0,241,0,0,244,0,0,240,0,0,250,0,0,255,0,0,246,0,0,255,0,0,255,0,0,255,0,0,255,0,0,255,0,0,241,0,0,242,0,0,248,0,0,255,0,0,255,0,0,255,0,0,243,0,0,234,0,0,239,0,0,238,0,0,235,0,0,238,0,0,255,0,0,248,0,0,255,0,0,255,0,0,255,0,0,219,0,0,249,0,0,255,0,0,249,0,0,250,0,0,244,0,0,229,0,0,217,0,0,236,0,0,239,0,0,238,0,0,244,0,0,250,0,0,255,0,0,244,0,0,255,0,0,243,0,0,255,0,0,255,0,0,239,0,0,255,0,0,248,0,0,245,0,0,246,0,0,231,0,0,240,0,64,233,0,0,248,0,0,216,0,0,251,0,0,255,0,0,214,0,0,245,0,0,251,0,0,236,0,0,255,0,0,212,0,0
216,0,0,227,0,0,230,0,0,227,0,0,237,0,0,244,0,0,243,0,0,243,0,0,242,0,0,255,0,0,242,0,0,242,0,0,255,0,0,255,0,0,255,0,0,241,0,0,238,0,0,248,0,0,252,0,0,247,0,0,251,0,0,231,0,0,225,0,4,231,0,0,239,0,0,236,0,0,232,0,0,246,0,0,255,0,0,245,0,0,255,0,0,246,0,0,255,0,0,243,0,0,242,0,0,255,0,0,255,0,0,243,0,0,235,0,0,244,0,0,246,0,0,227,0,0,230,0,23,234,0,2,239,0,0,241,0,0,238,0,0,240,0,0,250,0,0,255,0,0,238,0,0,255,0,0,255,0,0,242,0,0,241,0,0,219,0,0,234,0,0,242,0,0,248,0,0,242,0,0,246,0,0,244,0,0,243,0,0,230,0,0,236,0,0,234,0,0,235,0,0,242,0,0,255,0,0,248,0,0,246,0,0,248,0,0,255,0,0,219,0,0,249,0,0,246,0,0,243,0,0,250,0,0,249,0,0,226,0,0,217,0,0,233,0,0,235,0,0,238,0,0,238,0,0,250,0,0,255,0,0,250,0,0,241,0,0,243,0,0,242,0,0,245,0,0,231,0,0,255,0,0,248,0,0,245,0,0,246,0,0,231,0,0,237,0,64,228,0,0,248,0,0,216,0,0,251,0,0,246,0,0,204,0,0,245,0,0,244,0,0,232,0,0,255,0,0,212,0,0
216,0,0,232,0,0,230,0,0,227,0,0,237,0,0,244,0,0,243,0,0,243,0,0,242,0,0,255,0,0,242,0,0,255,0,0,255,0,0,255,0,0,255,0,0,241,0,0,238,0,0,252,0,0,255,0,0,247,0,0,251,0,0,223,0,0,237,0,4,231,0,0,239,0,0,236,0,0,232,0,0,255,0,0,255,0,0,245,0,0,255,0,0,246,0,0,255,0,0,243,0,0,242,0,0,245,0,0,255,0,0,255,0,0,235,0,0,244,0,0,237,0,0,241,0,0,230,0,23,238,0,2,235,0,0,241,0,0,244,0,0,240,0,0,250,0,0,255,0,0,246,0,0,255,0,0,255,0,0,255,0,0,255,0,0,219,0,0,241,0,0,242,0,0,248,0,0,255,0,0,255,0,0,244,0,0,255,0,0,230,0,0,242,0,0,238,0,0,240,0,0,238,0,0,255,0,0,242,0,0,255,0,0,248,0,0,255,0,0,219,0,0,249,0,0,255,0,0,243,0,0,255,0,0,249,0,0,229,0,0,217,0,0,236,0,15,235,0,0,242,0,0,244,0,0,250,0,0,255,0,0,250,0,0,255,0,0,243,0,0,255,0,0,245,0,0,235,0,0,255,0,0,248,0,0,245,0,0,246,0,0,235,0,0,237,0,64,237,0,0,248,0,0,222,0,0,251,0,0,255,0,0,214,0,0,245,0,0,247,0,0,236,0,0,255,0,0,212,0,0
216,0,0,232,0,0,230,0,0,221,0,0,237,128,0,244,0,0,243,0,0,243,0,0,242,0,0,255,0,0,242,0,0,255,0,0,255,0,0,255,0,0,255,0,0,241,0,0,238,0,0,245,0,0,245,0,0,242,0,0,251,0,0,223,0,0,231,0,4,231,0,0,239,0,0,236,0,0,232,0,0,255,0,0,245,0,0,245,0,0,255,0,0,246,0,0,255,0,0,243,0,0,255,0,0,245,0,0,255,0,0,255,0,0,235,0,0,244,0,0,246,0,0,241,0,0,230,0,23,234,0,2,239,0,0,241,0,0,238,0,0,240,0,0,250,0,0,248,0,0,238,0,0,255,0,0,255,0,0,242,0,0,255,0,0,219,0,0,241,0,0,242,0,0,248,0,0,242,0,0,255,0,0,244,0,0,232,0,0,230,0,0,236,0,0,238,0,0,240,0,0,238,0,0,255,0,0,242,0,0,255,0,0,242,0,0,247,0,0,219,0,0,249,0,0,246,0,0,243,0,0,250,0,0,249,0,0,226,0,0,212,0,0,233,0,0,231,0,0,238,0,0,244,0,0,250,0,0,249,0,0,244,0,0,255,0,0,243,0,0,255,0,0,245,0,0,235,0,0,255,0,0,248,0,0,245,0,0,246,0,0,227,0,0,240,0,64,237,0,0,248,0,0,216,0,0,251,0,0,246,0,0,204,0,0,245,0,0,247,0,0,241,0,0,248,0,0,212,0,0
216,0,0,227,0,0,224,0,0,227,0,0,237,128,0,244,0,0,243,0,0,243,0,0,242,0,0,255,0,0,255,0,0,242,0,0,255,0,0,255,0,0,255,0,0,241,0,0,238,0,0,248,0,0,252,0,0,247,0,0,255,0,0,231,0,0,237,0,4,231,0,0,239,0,0,236,0,0,243,0,0,255,0,0,245,0,0,245,0,0,255,0,0,255,0,0,255,0,0,243,0,0,255,0,0,255,0,0,255,0,0,255,0,0,235,0,0,244,0,0,246,0,0,241,0,0,230,0,23,238,0,2,239,0,0,246,0,0,244,0,0,240,0,0,250,0,0,255,0,0,230,0,0,255,0,0,255,0,0,242,0,0,255,0,0,219,0,0,234,0,0,248,0,0,248,0,0,255,0,0,246,0,0,244,0,0,243,0,0,234,0,0,236,0,0,245,0,0,245,0,0,246,0,0,255,0,0,248,0,0,255,0,0,255,0,0,255,0,0,219,0,0,249,0,0,246,0,0,249,0,0,255,0,0,249,0,0,229,0,0,217,0,0,236,0,15,239,0,0,242,0,0,249,0,0,250,0,0,255,0,0,250,0,0,255,0,0,255,0,0,242,0,0,255,0,0,239,0,0,239,0,0,255,0,0,245,0,0,246,0,0,231,0,0,246,0,64,242,0,0,255,0,0,216,0,0,255,0,0,246,0,0,214,0,0,245,0,0,247,0,0,236,0,0,255,0,0,212,0,0
216,0,0,227,0,0,236,0,0,221,0,0,237,128,0,244,0,0,255,0,0,243,0,0,242,0,0,255,0,0,242,0,0,255,0,0,255,0,0,255,0,0,255,0,0,241,0,0,238,0,0,248,0,0,245,0,0,247,0,0,255,0,0,231,0,0,225,0,4,231,0,0,239,0,0,236,0,0,232,0,0,255,0,0,255,0,0,245,0,0,255,0,0,246,0,0,255,0,0,243,0,0,242,0,0,245,0,0,255,0,0,255,0,0,224,0,0,244,0,0,229,0,0,241,0,0,230,0,23,238,0,2,235,0,0,246,0,0,238,0,0,248,0,0,250,0,0,248,0,0,246,0,0,255,0,0,255,0,0,242,0,0,241,0,0,219,0,0,227,0,0,248,0,0,248,0,0,242,0,0,255,0,0,244,0,0,243,0,0,230,0,0,233,0,0,245,0,0,240,0,0,246,0,0,255,0,0,242,0,0,246,0,0,248,0,0,247,0,0,219,0,0,249,0,0,246,0,0,243,0,0,245,0,0,249,0,0,229,0,0,217,0,0,239,0,0,235,0,0,242,0,0,244,0,0,250,0,0,255,0,0,244,0,0,255,0,0,231,0,0,255,0,0,245,0,0,231,0,0,239,0,0,248,0,0,245,0,0,246,0,0,231,0,0,246,0,64,242,0,0,248,0,0,216,0,0,251,0,0,246,0,0,204,0,0,245,0,0,247,0,0,236,0,0,255,0,0,212,0,0
216,0,0,232,0,0,236,0,0,221,0,0,237,128,0,244,0,0,255,0,0,243,0,0,242,0,0,255,0,0,255,0,0,255,0,0,255,0,0,255,0,0,255,0,0,241,0,0,238,0,0,255,0,0,252,0,0,251,0,0,251,0,0,231,0,0,231,0,4,231,0,0,239,0,0,236,0,0,243,0,0,255,0,0,255,0,0,245,0,0,255,0,0,255,0,0,255,0,0,255,0,0,255,0,0,255,0,0,255,0,0,255,0,0,235,0,0,244,0,0,237,0,0,241,0,0,234,0,23,238,0,2,235,0,0,246,0,0,238,0,0,248,0,0,255,0,0,248,0,0,246,0,0,255,0,0,255,0,0,242,0,0,255,0,0,219,0,0,234,0,0,242,0,0,248,0,0,255,0,0,255,0,0,244,0,0,232,0,0,234,0,0,239,0,0,245,0,0,235,0,0,251,0,0,255,0,0,248,0,0,255,0,0,255,0,0,247,0,0,219,0,0,249,0,0,246,0,0,249,0,0,245,0,0,244,0,0,232,0,0,222,0,0,242,0,15,239,0,0,247,0,64,249,0,0,250,0,0,255,0,0,250,0,0,255,0,0,243,0,0,255,0,0,255,0,0,231,0,0,255,0,0,248,0,0,245,0,0,246,0,0,231,0,0,246,0,64,242,0,0,255,0,0,216,0,0,255,0,0,246,0,0,214,0,0,245,0,0,247,0,0,227,0,0,248,0,0,212,0,0
216,0,0,227,0,0,236,0,0,221,0,0,237,128,0,244,0,0,255,0,0,243,0,0,242,0,0,255,0,0,255,0,0,242,0,0,255,0,0,255,0,0,255,0,0,241,0,0,238,0,0,248,0,0,245,0,0,251,0,0,246,0,0,231,0,0,225,0,4,231,0,0,239,0,0,236,0,0,232,0,0,255,0,0,245,0,0,245,0,0,255,0,0,255,0,0,255,0,0,243,0,0,255,0,0,255,0,0,255,0,0,255,0,0,235,0,0,234,0,0,237,0,0,241,0,0,230,0,23,238,0,2,243,0,0,246,0,0,233,0,0,240,0,0,255,0,0,248,0,0,246,0,0,255,0,0,255,0,0,242,0,0,241,0,0,219,0,0,234,0,0,242,0,0,248,0,0,242,0,0,246,0,0,244,0,0,243,0,0,230,0,0,242,0,0,234,0,0,235,0,0,246,0,0,255,0,0,248,0,0,246,0,0,248,0,0,247,0,0,219,0,0,249,0,0,246,0,0,255,0,0,245,0,0,249,0,0,232,0,0,222,0,0,242,0,15,239,85,0,247,0,64,249,0,0,250,0,0,255,0,0,244,0,0,255,0,0,243,0,0,242,0,0,255,0,0,231,0,0,239,0,0,248,0,0,235,0,0,236,0,0,231,0,0,243,0,64,242,0,0,248,0,0,216,0,0,251,0,0,246,0,0,204,0,0,245,0,0,247,0,0,236,0,0,242,0,0,212,0,0
216,0,0,221,0,0,236,0,0,227,0,0,237,128,0,244,0,0,255,0,0,243,0,0,242,0,0,255,0,0,255,0,0,255,0,0,255,0,0,255,0,0,255,0,0,241,0,0,238,0,0,248,0,0,255,0,0,255,0,0,246,0,0,231,0,0,225,0,4,231,0,0,239,0,0,236,0,0,243,0,0,255,0,0,245,0,0,245,0,0,255,0,0,255,0,0,255,0,0,255,0,0,255,0,0,255,0,0,255,0,0,255,0,0,235,0,0,244,0,0,237,0,0,241,0,0,234,0,23,231,0,2,239,0,0,246,0,0,238,0,0,248,0,0,255,0,0,248,0,0,246,0,0,255,0,0,255,0,0,255,0,0,241,0,0,219,0,0,234,0,0,248,0,0,248,0,0,255,0,0,255,0,0,244,0,0,243,0,0,230,0,0,236,0,0,245,0,0,240,0,0,246,0,0,255,0,0,255,0,0,255,0,0,248,0,0,247,0,0,219,0,0,249,0,0,246,0,0,249,0,0,245,0,0,249,0,0,235,0,0,222,0,51,242,0,15,243,85,0,251,0,64,249,0,0,250,0,0,255,0,0,244,0,0,255,0,0,243,0,0,242,0,0,255,0,0,231,0,0,239,0,0,248,0,0,245,0,0,246,0,0,231,0,0,246,0,64,246,0,0,248,0,0,216,0,0,255,0,0,246,0,0,214,0,0,245,0,0,251,0,0,241,0,0,248,0,0,212,0,0
216,0,0,227,0,0,236,0,0,221,0,0,237,128,0,244,0,0,255,0,0,243,0,0,242,0,0,241,0,0,255,0,0,242,0,0,255,0,0,255,0,0,255,0,0,241,0,0,238,0,0,248,0,0,255,0,0,247,0,0,246,0,0,231,0,0,225,0,4,231,0,0,230,0,0,236,0,0,243,0,0,255,0,0,245,0,0,245,0,0,255,0,0,246,0,0,240,0,0,243,0,0,242,0,0,255,0,0,255,0,0,255,0,0,235,0,0,244,0,0,229,0,0,241,0,0,225,0,23,238,0,2,235,0,0,250,0,0,244,0,0,248,0,0,255,0,0,248,0,0,246,0,0,255,0,0,255,0,0,242,0,0,241,0,0,219,0,0,227,0,0,248,0,0,248,0,0,255,0,0,255,0,0,244,0,0,232,0,0,230,0,0,242,0,0,238,0,0,235,0,0,246,0,0,250,0,0,248,0,0,246,0,0,255,0,0,247,0,0,219,0,0,249,0,0,246,0,0,243,0,0,245,0,0,244,0,0,235,0,0,222,0,51,242,0,15,239,85,0,251,0,64,249,0,0,250,0,0,255,0,0,244,0,0,255,0,0,231,0,0,242,0,0,255,0,0,231,0,0,255,0,0,248,0,0,245,0,0,246,0,0,231,0,0,243,0,64,242,0,0,248,0,0,216,0,0,251,0,0,246,0,0,214,0,0,245,0,0,251,0,0,241,0,0,255,0,0,212,0,0
222,0,0,227,0,0,236,0,0,227,0,0,237,128,0,244,0,0,255,0,0,243,0,0,255,0,0,255,0,0,255,0,0,255,0,0,255,0,0,255,0,0,255,0,0,241,0,0,238,0,0,239,0,0,255,0,0,238,0,0,242,0,0,231,0,0,225,0,4,231,0,0,239,0,0,236,0,0,243,0,0,255,0,0,255,0,0,245,0,0,255,0,0,255,0,0,255,0,0,255,0,0,255,0,0,255,0,0,255,0,0,255,0,0,245,0,0,255,0,0,229,0,0,227,0,0,230,0,23,238,0,2,239,0,0,246,0,0,244,0,0,248,0,0,255,0,0,248,0,0,246,0,0,255,0,0,255,0,0,255,0,0,255,0,0,255,0,0,241,0,0,248,0,0,255,0,0,255,0,0,255,0,0,244,0,0,243,0,0,234,6,0,242,0,0,248,0,0,235,0,0,242,0,0,255,0,0,255,0,36,255,0,0,255,0,0,247,0,0,219,0,0,249,0,0,246,0,0,249,0,0,255,0,0,238,0,0,232,0,0,228,0,51,242,0,15,243,85,0,251,0,64,249,0,0,255,0,0,255,0,0,250,0,0,255,0,0,231,0,0,242,0,0,255,0,0,231,0,0,255,0,0,248,0,0,255,0,0,236,0,0,231,0,0,243,0,64,246,0,0,255,0,0,216,0,0,255,0,0,246,0,0,204,0,0,245,0,0,247,0,0,241,0,0,255,0,0,212,0,0
216,0,0,221,0,0,230,0,0,227,0,0,237,0,0,244,0,0,255,0,0,243,0,0,242,0,0,255,0,0,255,0,0,242,0,0,255,0,0,255,0,0,239,0,0,241,0,0,238,0,0,252,0,0,255,0,0,251,0,0,242,0,0,231,0,0,225,0,4,231,0,0,230,0,0,236,0,0,232,0,0,255,0,0,255,0,0,245,0,0,255,0,0,246,0,0,240,0,0,255,0,0,242,0,0,255,0,0,255,0,0,255,0,0,245,0,0,244,0,0,229,0,0,227,0,0,230,0,23,238,0,2,235,0,0,236,0,0,238,0,0,240,0,0,255,0,0,240,0,0,238,0,0,255,0,0,248,0,0,242,0,0,241,0,0,219,0,0,234,0,0,242,0,0,248,0,0,242,0,0,246,0,0,244,0,0,243,0,0,230,6,0,233,0,0,238,0,0,240,0,0,251,0,0,255,0,0,248,0,36,246,0,0,248,0,0,247,0,0,219,255,0,249,0,0,246,0,0,243,0,0,245,0,0,244,0,0,232,0,0,222,0,51,239,0,15,247,85,0,251,0,64,255,0,0,255,0,0,255,0,0,244,0,0,255,0,0,243,0,0,242,0,0,255,0,0,231,0,0,239,0,0,240,0,0,245,0,0,236,0,0,231,0,2,246,0,64,242,0,0,248,0,0,216,0,0,255,0,0,246,0,0,204,0,0,245,0,0,247,0,0,236,0,0,255,0,0,212,0,0
222,0,0,221,0,0,230,0,0,227,0,0,237,128,0,244,0,0,255,0,0,243,0,0,242,0,0,255,0,0,255,0,0,255,0,0,255,0,0,255,0,0,255,0,0,241,0,0,238,0,0,252,0,0,255,0,0,251,0,0,246,0,0,231,0,0,225,0,4,231,0,0,230,0,0,236,0,0,232,0,0,255,0,0,255,0,0,245,0,0,255,0,0,255,0,0,255,0,0,255,0,0,242,0,0,255,0,0,255,0,0,255,0,0,255,0,0,255,0,0,246,0,0,241,0,0,225,0,23,238,0,2,239,0,0,236,0,0,244,0,0,240,0,0,255,0,0,248,0,0,246,0,0,255,0,0,255,0,0,255,0,0,255,0,0,219,0,0,241,0,0,255,0,0,248,0,0,255,0,0,255,0,0,255,0,0,243,0,0,234,6,20,236,0,0,238,0,0,245,0,0,255,0,0,255,0,0,248,0,36,246,0,0,255,0,0,247,0,0,219,0,13,249,0,0,246,0,0,243,0,0,250,0,0,244,0,0,232,0,0,228,0,51,239,0,15,247,85,0,251,0,64,255,0,0,255,255,0,249,0,0,250,0,0,255,0,0,243,0,0,242,0,0,255,0,0,239,0,0,255,0,0,240,0,0,245,0,0,246,0,0,231,51,2,246,0,64,246,0,0,255,0,0,216,0,0,251,0,0,246,0,0,214,0,0,245,0,0,251,0,0,232,0,0,255,0,0,212,0,0
216,0,0,221,0,0,224,0,0,227,0,0,237,128,0,244,0,0,255,0,0,243,0,0,242,0,0,255,0,0,255,0,0,242,0,0,255,0,0,255,0,0,255,0,0,241,0,0,238,0,0,252,0,0,255,0,0,251,0,0,246,0,0,231,0,0,231,0,4,231,0,0,230,0,0,236,0,0,232,0,0,255,0,0,255,0,0,245,0,0,255,0,0,246,0,0,255,0,0,243,0,0,242,0,0,255,0,0,255,0,0,255,0,0,245,0,0,255,0,0,237,0,0,241,0,0,230,0,23,238,0,2,239,0,0,236,8,0,244,0,0,240,0,0,250,0,0,248,0,0,238,0,0,255,0,0,255,0,0,255,0,0,241,0,0,219,0,0,234,0,0,248,0,0,248,0,0,255,0,0,255,0,0,244,0,0,243,0,0,234,6,0,242,0,0,245,0,0,245,0,0,251,128,0,255,0,0,255,0,0,246,0,0,248,0,0,247,0,0,219,255,0,249,0,0,246,0,0,249,0,0,250,0,0,244,0,0,232,0,0,222,0,51,242,0,15,243,85,0,251,0,64,255,0,0,250,255,0,249,0,0,244,0,0,255,0,0,243,0,0,242,0,0,245,0,0,239,0,0,255,0,0,248,0,0,235,0,0,246,0,0,235,51,2,246,0,64,246,0,0,248,0,0,216,0,0,251,0,0,246,0,0,204,0,0,245,0,0,247,0,0,232,0,0,255,0,0,212,0,0
222,0,0,221,0,0,230,0,0,227,0,0,237,128,0,244,0,0,255,0,0,255,0,0,242,0,0,255,0,0,255,0,0,242,0,0,255,0,0,255,0,0,255,0,0,241,0,0,255,0,0,255,0,0,252,0,0,251,0,0,251,0,0,231,0,0,231,0,4,231,0,0,230,0,0,246,0,0,232,0,0,255,0,0,255,0,0,245,0,0,255,0,0,246,0,0,255,0,0,243,0,0,255,0,0,255,0,0,255,0,0,255,0,0,255,0,0,255,0,0,237,0,0,255,0,0,230,0,23,234,0,2,243,0,0,236,8,0,249,0,0,248,0,0,255,0,0,248,0,0,246,0,0,255,0,0,255,0,0,255,0,0,255,0,0,219,0,0,241,0,0,248,0,0,248,0,0,255,0,0,255,0,0,244,0,0,255,0,0,234,6,20,239,85,0,248,0,0,250,0,0,255,128,0,255,0,0,255,0,36,255,0,0,255,0,0,247,0,0,219,255,0,249,0,0,246,0,0,249,0,0,255,0,0,249,0,0,232,0,0,228,0,51,242,0,15,251,85,0,255,0,64,255,0,0,250,255,0,255,0,0,250,0,0,255,0,0,243,0,0,242,0,0,255,0,0,239,0,0,255,0,0,255,0,0,245,0,0,246,0,0,239,51,2,246,0,64,251,6,0,255,0,0,222,0,0,255,0,0,246,0,0,204,0,0,245,0,0,247,0,0,241,0,0,255,0,0,212,0,0
216,0,0,221,0,0,230,0,0,227,0,0,237,128,0,244,0,0,255,0,0,243,0,0,242,0,0,255,0,0,255,0,0,242,0,0,255,0,0,255,0,0,255,0,0,241,0,0,255,0,0,255,0,0,252,0,0,251,0,0,246,0,0,231,0,0,225,0,4,231,0,0,230,0,0,236,0,0,232,0,0,246,0,0,255,0,0,245,0,0,255,0,0,237,0,0,255,0,0,243,0,0,242,0,0,255,0,0,255,0,0,255,0,0,255,0,0,244,0,0,237,0,0,241,0,0,230,0,23,238,0,2,235,0,0,241,8,0,244,0,0,248,0,0,255,0,0,248,0,0,246,0,0,255,0,0,255,0,0,255,0,0,255,0,0,219,0,0,234,0,0,242,0,0,248,0,0,255,0,0,255,0,0,255,0,0,255,0,0,230,6,0,236,85,0,245,0,0,245,0,0,251,128,0,255,0,0,248,0,36,246,0,0,255,0,0,247,0,0,219,255,0,249,0,0,246,0,0,249,0,0,250,0,0,244,0,0,235,0,0,222,51,51,249,0,15,251,85,0,251,0,64,249,0,0,250,0,0,249,0,0,250,0,0,255,0,0,243,0,0,242,0,0,245,0,0,239,0,0,239,0,0,248,0,0,245,0,0,246,0,0,239,51,2,243,0,64,246,6,0,248,0,0,216,0,0,251,0,0,246,0,0,204,0,0,245,0,0,244,0,0,232,0,0,255,0,0,212,0,0
216,0,0,227,0,0,236,0,0,227,0,0,237,128,0,244,0,0,255,0,0,243,0,0,242,0,0,255,0,0,255,0,0,255,0,0,242,0,0,255,0,0,255,0,0,241,0,0,255,0,0,248,0,0,245,0,0,251,0,0,255,0,0,231,0,0,225,0,4,231,0,0,239,0,0,246,0,0,232,0,0,255,0,0,255,0,0,245,0,0,255,0,0,246,0,0,255,0,0,255,0,0,255,0,0,255,0,0,255,0,0,255,0,0,255,0,0,255,0,0,237,0,0,241,0,0,225,0,23,238,0,2,239,0,0,246,8,0,244,0,0,248,0,0,255,0,0,248,0,4,246,0,0,255,0,0,255,0,0,255,0,0,255,0,0,219,0,0,241,0,0,248,0,0,248,0,0,255,0,0,255,0,0,255,0,0,255,0,0,237,6,20,242,85,0,248,0,0,250,0,0,255,128,0,255,0,0,255,0,36,255,0,0,255,0,0,255,0,0,219,255,13,249,0,0,246,0,0,249,0,0,255,0,0,244,0,0,239,51,0,233,51,51,255,0,15,251,85,0,255,0,64,255,0,0,250,0,0,255,0,0,250,0,0,255,0,0,243,0,0,242,0,0,255,0,0,243,0,0,255,0,0,248,0,0,245,0,0,246,0,0,239,51,2,243,0,64,251,6,26,248,0,0,216,0,0,255,0,0,246,0,0,204,0,0,245,0,0,247,0,0,236,0,0,255,0,0,212,0,0
216,0,0,227,0,0,224,0,0,227,0,0,237,128,0,244,0,0,255,0,0,243,0,0,242,0,0,255,0,0,255,0,0,242,0,0,255,0,0,255,0,0,255,0,0,241,0,0,255,0,0,252,0,0,252,0,0,251,0,0,251,0,0,231,0,0,225,0,4,231,0,0,230,0,0,236,0,0,232,0,0,255,0,0,255,0,0,245,0,0,255,0,0,246,0,0,255,0,0,255,0,0,242,0,0,255,0,0,255,0,0,255,0,0,245,0,0,244,0,0,237,0,0,241,0,0,225,0,23,238,0,2,243,0,0,246,8,0,238,0,0,240,0,0,255,0,0,248,0,0,246,0,0,255,0,0,248,0,0,242,0,0,255,0,0,219,0,0,241,0,0,248,0,0,248,0,0,255,0,0,255,0,0,255,0,0,255,0,0,241,6,20,245,85,0,248,0,0,250,0,0,255,128,0,255,0,0,248,0,36,246,0,0,255,0,0,255,0,0,219,0,13,249,0,0,246,0,0,255,0,0,250,0,0,244,0,0,235,51,2,233,51,51,249,0,15,247,85,0,251,0,64,255,0,0,250,0,0,249,0,0,250,0,0,255,0,0,243,0,0,242,0,0,255,0,0,243,0,0,255,0,0,255,0,0,245,0,0,246,0,0,235,51,2,246,0,128,255,6,26,240,0,0,216,0,0,246,0,0,246,0,0,204,0,0,245,0,0,251,0,0,236,0,0,255,0,0,212,0,0
222,0,0,227,0,0,236,0,0,227,0,0,237,128,0,244,0,0,255,0,0,243,0,0,255,0,0,255,0,0,255,0,0,242,0,0,255,0,0,255,0,0,255,0,0,255,0,0,255,0,0,248,0,0,255,0,0,255,0,0,246,0,0,231,0,0,225,0,4,231,0,0,239,0,0,246,0,0,243,0,0,255,0,0,255,0,0,245,0,0,255,0,0,255,0,0,255,0,0,255,0,0,255,0,0,255,0,0,255,0,0,255,0,0,255,0,0,255,0,0,237,0,0,241,0,0,234,0,23,241,0,2,239,0,0,250,8,0,244,0,0,248,0,0,250,0,0,248,0,0,246,0,128,255,0,0,255,0,0,242,0,0,255,0,0,219,0,0,241,0,0,255,0,0,248,0,0,255,0,0,255,0,0,255,0,0,255,0,0,241,6,20,255,85,2,252,0,0,250,0,0,251,128,0,255,0,0,255,0,36,255,0,0,255,0,0,255,0,0,255,255,13,249,0,0,255,0,0,255,0,0,255,0,0,249,0,0,239,51,2,239,51,102,252,0,30,255,85,3,255,0,64,255,0,0,250,0,0,255,0,0,250,0,0,255,0,0,243,0,0,255,0,0,255,0,0,231,0,0,255,0,0,255,0,0,255,0,0,255,0,0,243,51,2,255,0,128,255,6,26,240,0,0,216,0,0,251,0,0,255,0,0,214,0,0,240,0,0,247,0,0,236,0,0,255,0,0,212,0,0
216,0,0,232,0,0,236,0,0,227,0,0,237,128,0,244,0,0,255,0,0,243,0,0,255,0,0,255,0,0,255,0,0,242,0,0,255,0,0,255,0,0,255,0,0,255,0,0,255,0,0,248,0,0,252,0,0,251,0,0,238,0,0,231,0,0,225,0,4,231,0,0,239,13,0,246,0,0,232,0,0,255,0,0,255,0,0,245,0,0,255,0,0,237,0,0,255,0,0,243,0,0,255,0,0,255,0,0,255,0,0,255,0,0,245,0,0,244,0,0,229,0,0,241,0,0,230,0,23,238,0,2,239,0,0,246,8,0,249,0,0,248,0,0,250,0,0,248,0,0,246,0,128,255,0,0,255,0,0,242,0,0,255,0,0,219,0,0,241,0,0,248,0,0,248,0,0,242,0,0,255,0,0,255,0,0,255,0,0,241,6,20,245,85,2,252,0,0,255,0,0,255,128,0,255,0,0,242,0,0,255,0,0,255,0,0,255,0,0,219,255,13,249,0,0,246,0,0,249,0,0,255,0,0,249,0,0,245,51,2,244,51,102,252,0,30,251,85,0,251,0,64,249,0,0,250,0,0,255,0,0,244,0,0,255,0,0,231,0,0,255,0,0,245,0,0,243,0,0,255,0,0,255,0,0,245,0,0,255,0,0,247,102,2,255,0,128,251,6,26,240,0,0,216,0,0,251,0,0,246,0,0,214,0,0,245,0,0,244,0,0,236,0,0,248,0,0,212,0,0
216,0,0,232,0,0,236,0,0,227,0,0,237,128,0,244,0,0,255,0,0,243,0,0,255,0,0,255,0,0,255,0,0,242,0,0,255,0,0,255,0,0,255,0,0,255,0,0,255,0,0,252,0,0,255,0,0,255,0,0,242,0,0,231,0,0,231,0,4,231,0,0,239,13,0,255,0,0,243,0,0,255,0,0,255,0,0,245,0,0,255,0,0,246,0,0,255,0,0,243,0,0,255,0,0,255,0,0,255,0,0,255,0,0,255,0,0,244,0,0,229,0,0,255,0,0,238,0,23,241,0,2,243,0,64,246,8,0,255,0,0,255,0,0,255,0,0,248,0,0,246,0,128,255,0,0,255,0,0,242,0,0,255,0,0,219,0,0,241,0,0,248,0,0,255,0,0,242,0,0,255,0,0,255,0,0,255,0,0,248,6,20,255,85,2,252,0,0,255,0,28,255,128,0,255,0,0,255,0,0,255,0,0,255,0,0,255,0,0,219,255,13,249,0,0,246,0,0,255,0,0,255,0,0,249,0,0,252,51,2,250,102,102,255,0,30,255,85,3,251,0,64,249,0,0,250,0,0,255,0,0,250,0,0,255,0,0,231,0,0,255,0,0,255,0,0,239,0,0,255,0,0,255,0,0,255,0,0,246,0,0,251,102,4,255,85,128,255,6,26,240,0,0,216,0,0,255,0,0,246,0,0,214,0,0,245,0,0,244,0,0,241,0,0,255,0,0,212,0,0
216,0,0,232,0,0,236,0,0,221,0,0,237,128,0,244,0,0,255,0,0,243,0,0,255,0,0,255,0,0,255,0,0,242,0,0,255,0,0,255,0,0,255,0,0,255,0,0,255,0,0,252,0,0,252,0,0,251,0,0,242,0,0,239,0,0,237,0,4,231,0,0,239,13,0,246,0,0,243,0,0,255,0,0,255,0,0,245,0,0,255,0,0,237,0,0,255,0,0,243,0,0,255,0,0,255,0,0,255,0,0,255,0,0,245,0,0,244,0,0,220,0,0,241,0,0,242,0,23,248,0,2,251,0,64,250,8,0,249,0,0,248,0,0,255,0,0,248,0,0,255,0,128,255,0,0,255,0,0,242,0,0,255,0,0,219,0,0,241,0,0,242,0,0,248,0,0,242,0,0,255,0,0,255,0,0,232,0,0,251,6,20,252,85,2,248,0,0,250,0,0,255,128,0,255,0,0,248,0,0,255,0,0,255,0,0,255,0,0,219,255,13,255,0,0,246,0,0,255,0,0,255,0,0,249,0,0,242,102,2,255,102,102,255,0,30,255,85,3,247,0,64,249,0,0,250,0,0,255,0,0,244,0,0,255,0,0,231,0,0,242,0,0,245,0,0,231,0,0,255,0,0,248,0,0,245,0,0,246,0,0,251,102,4,255,85,128,255,6,26,240,0,0,216,0,0,251,0,0,246,0,0,204,0,0,245,0,0,247,0,0,232,0,0,255,0,0,212,0,0
222,0,0,232,0,0,236,0,0,227,0,0,246,128,0,244,0,0,255,0,0,243,0,0,255,0,0,255,0,0,255,0,0,255,0,0,255,0,0,255,0,0,255,0,0,255,0,0,255,0,0,252,0,0,252,0,0,255,0,0,242,0,0,239,0,0,243,85,4,247,0,0,247,13,0,246,0,0,255,0,0,255,0,0,255,0,0,245,0,0,255,0,0,246,0,0,255,0,0,243,0,0,255,0,0,255,0,0,255,0,0,255,0,0,255,0,0,255,0,0,229,0,0,227,0,0,246,7,46,252,0,2,247,0,64,255,8,0,255,0,0,248,0,0,255,0,0,248,0,4,246,0,0,255,0,0,255,0,0,242,0,0,255,0,0,219,0,0,241,0,0,255,0,0,248,0,0,255,0,0,255,0,0,255,0,0,255,0,0,251,12,39,255,85,2,255,0,0,250,0,28,255,128,0,255,0,0,255,0,36,255,0,4,255,0,0,255,0,0,219,255,13,255,0,0,255,0,0,255,0,0,245,0,0,255,0,0,245,102,4,255,102,102,255,5,30,255,85,3,251,0,64,244,0,0,250,0,0,255,0,0,250,0,0,255,0,0,231,0,0,255,0,64,255,0,0,235,0,0,255,0,0,248,0,0,255,0,0,246,0,0,255,102,4,255,85,128,251,6,26,240,0,0,216,0,0,255,0,0,246,0,0,214,0,0,245,0,0,247,0,0,236,0,0,255,0,0,212,0,0
216,0,0,232,0,0,236,0,0,234,0,0,237,128,0,244,0,0,255,0,0,243,0,0,255,0,0,241,0,0,255,0,0,255,0,0,255,0,0,255,0,0,255,0,0,255,0,0,255,0,0,248,0,0,245,0,0,247,0,0,242,0,0,255,0,0,249,85,4,255,0,0,247,13,0,255,255,0,255,0,0,255,0,0,255,0,0,245,0,0,255,0,0,246,0,0,255,0,0,243,0,0,255,0,0,255,0,0,255,0,0,255,0,0,245,0,0,255,0,0,229,0,0,255,0,0,246,7,46,255,0,2,247,0,64,255,8,0,255,0,0,248,0,0,244,0,0,248,0,0,246,0,0,255,0,0,255,0,0,242,0,0,255,0,0,219,0,0,241,0,0,248,0,0,248,0,0,255,0,0,255,0,0,255,0,0,255,0,0,255,12,39,255,85,2,255,0,0,255,0,28,255,128,0,255,0,0,248,0,0,255,0,0,255,0,0,247,0,0,219,255,13,249,0,0,246,0,0,255,0,0,255,0,0,249,0,0,245,102,4,250,102,102,255,0,30,251,85,3,251,0,64,249,0,0,250,0,0,255,0,0,244,0,0,255,0,0,243,0,0,255,0,64,245,0,0,235,0,0,255,0,0,255,0,0,245,0,0,246,0,0,251,102,4,252,85,128,255,6,26,240,0,0,216,0,0,255,0,0,246,0,0,214,0,0,245,0,0,244,0,0,236,0,0,248,0,0,255,0,0
216,0,0,244,0,128,236,0,128,241,0,0,255,128,0,244,0,0,255,0,0,243,0,0,255,0,0,255,0,0,255,0,0,255,0,0,255,0,0,255,0,0,255,0,0,255,0,0,255,0,0,255,0,0,245,0,0,247,0,0,242,0,0,255,0,0,249,85,4,255,0,0,247,13,0,255,255,0,255,0,0,255,0,0,255,0,0,245,0,0,255,0,0,246,0,0,255,0,0,243,0,0,255,0,0,255,0,0,255,0,0,255,0,0,255,0,0,255,0,0,220,0,0,255,0,0,251,7,46,255,128,5,251,0,64,255,8,0,255,0,0,248,0,0,255,0,0,248,0,0,255,0,0,255,0,0,255,0,0,255,0,0,255,0,0,219,0,0,241,0,0,248,0,0,248,0,0,255,0,0,255,0,0,255,0,0,255,0,0,255,12,39,255,85,2,255,0,64,255,0,28,246,128,0,255,0,0,242,0,36,255,0,0,255,0,0,247,0,0,255,255,13,249,0,0,255,0,0,255,0,0,255,0,0,255,0,0,252,102,4,255,102,153,255,5,30,255,85,3,251,0,64,249,0,0,250,0,0,255,0,0,250,0,0,255,0,0,243,0,0,255,0,64,255,0,0,235,0,0,255,0,0,255,0,0,255,0,0,246,0,0,255,102,4,255,85,128,255,6,26,240,0,0,216,0,0,255,0,0,246,0,0,214,0,0,250,0,0,240,0,0,241,0,0,255,0,0,212,0,0
216,0,0,249,0,128,249,0,128,241,0,0,255,128,0,244,0,0,243,0,0,243,0,0,242,0,0,241,0,0,255,0,0,255,0,0,255,0,0,255,0,0,255,0,0,255,0,0,255,0,0,255,0,0,252,0,0,247,0,0,242,0,0,255,0,0,249,85,4,255,0,0,247,13,0,255,255,0,243,0,0,255,0,0,255,0,0,245,0,0,255,0,0,237,0,0,255,0,0,243,0,0,242,0,0,255,0,0,255,0,0,255,0,0,255,0,0,255,0,0,220,0,0,255,0,0,251,7,46,255,128,2,251,0,64,250,8,0,249,0,0,240,0,0,255,0,0,248,0,0,246,0,0,255,0,0,255,0,0,242,0,0,255,0,0,219,0,0,234,0,0,248,0,0,255,0,0,255,0,0,255,0,0,244,0,0,255,0,0,251,12,39,245,85,2,252,0,0,245,0,28,255,128,0,255,0,0,242,0,36,255,0,0,255,0,0,255,0,0,219,255,13,249,0,0,246,0,0,255,0,0,250,0,0,249,0,0,252,102,4,250,102,153,252,5,30,251,85,3,251,0,64,249,0,0,250,0,0,255,0,0,250,0,0,255,0,0,231,0,0,242,0,0,255,0,0,235,0,0,239,0,0,255,0,0,245,0,0,246,0,0,255,102,4,252,85,128,255,6,26,240,0,0,216,0,0,251,0,0,246,0,0,214,0,0,245,0,0,244,0,0,236,0,0,255,0,0,212,0,0
216,0,0,249,128,128,255,0,128,248,0,42,255,128,0,255,0,0,255,0,0,243,0,0,255,0,0,255,0,0,255,0,0,255,0,0,255,0,0,255,0,0,255,0,0,255,0,0,255,0,0,252,0,0,255,0,0,247,0,0,251,0,0,255,0,64,255,85,4,255,0,64,255,13,0,255,255,0,243,0,0,255,0,0,255,0,0,245,0,0,255,0,0,246,0,0,255,0,0,243,0,0,255,0,0,255,0,0,255,0,0,255,0,0,245,0,0,255,0,0,229,0,0,255,0,0,251,7,46,255,128,5,255,0,64,255,8,0,255,0,0,240,0,0,255,0,0,248,0,0,246,0,0,255,0,0,255,0,0,242,0,0,255,0,0,219,0,0,241,0,0,248,0,0,255,0,0,255,0,0,255,0,0,255,0,0,255,0,0,251,12,39,252,85,2,255,0,64,250,0,28,255,128,0,255,0,0,248,0,36,255,0,0,248,0,0,255,0,0,219,255,13,249,0,0,246,0,0,249,0,0,250,0,0,255,0,0,255,102,4,250,102,153,255,5,30,251,85,3,251,0,64,255,0,0,250,0,0,249,0,0,250,0,0,255,0,0,243,0,0,255,0,64,255,0,0,239,0,0,255,0,0,255,0,0,255,0,0,255,0,0,255,153,4,255,85,128,255,6,26,240,0,0,222,0,0,255,0,0,246,0,0,224,0,0,245,0,0,244,0,0,236,0,0,255,0,0,212,0,0
216,0,0,255,128,128,255,0,128,248,0,42,255,128,0,244,0,0,243,0,0,243,0,0,255,0,0,255,0,0,255,0,0,255,0,0,255,0,0,255,0,0,255,0,0,255,0,0,255,0,0,245,0,0,255,0,0,247,0,0,251,0,0,255,0,64,255,85,4,255,0,64,247,13,0,255,255,0,243,0,0,255,0,0,255,0,0,245,0,0,255,0,0,237,0,0,255,0,0,243,0,0,255,0,0,255,0,0,255,0,0,255,0,0,245,0,0,244,0,0,229,0,0,255,0,0,255,7,46,255,128,5,251,0,64,250,8,0,255,0,0,240,0,0,250,0,0,248,0,0,246,0,0,255,0,0,248,0,0,255,0,0,255,0,0,255,0,0,241,0,0,248,0,0,255,0,0,255,0,0,255,0,0,255,0,0,243,0,0,255,12,39,255,85,2,255,0,0,250,0,28,251,128,0,255,0,0,248,0,0,255,0,0,248,0,0,247,0,0,219,255,13,249,0,0,246,0,0,249,0,0,255,0,0,249,0,0,255,102,4,250,102,102,249,5,30,251,85,3,251,0,64,255,0,0,250,0,0,249,0,0,250,0,0,255,0,0,243,0,0,255,0,0,255,0,0,235,0,0,255,0,0,255,0,0,255,0,0,246,0,0,255,153,4,252,85,128,255,6,26,240,0,0,222,0,0,255,0,0,246,0,0,214,0,0,240,0,0,247,0,0,241,0,0,248,0,0,212,0,0
216,0,0,249,128,128,255,128,128,255,0,42,255,128,0,255,0,0,243,0,0,243,0,0,255,0,0,255,0,0,242,0,0,242,0,0,255,0,0,255,0,0,255,0,0,241,0,0,255,0,0,252,0,0,252,0,0,255,0,0,251,0,0,247,0,64,255,85,8,255,0,64,247,13,0,246,255,0,243,0,0,246,0,0,255,0,0,245,0,0,255,0,0,246,0,0,255,0,0,243,0,0,242,0,0,255,0,0,255,0,0,243,0,0,235,0,0,255,0,0,246,0,0,227,0,0,255,7,46,248,128,5,251,0,64,255,8,0,255,0,0,240,0,0,250,0,0,248,0,0,230,0,0,255,0,0,248,0,0,242,0,0,255,0,0,219,0,0,241,0,0,242,0,0,248,0,0,255,0,0,255,0,0,244,0,0,255,0,0,255,12,39,252,85,4,255,0,64,250,0,28,255,128,0,255,0,0,248,0,0,255,0,4,248,0,0,247,0,0,219,255,13,249,0,0,255,0,0,255,0,0,255,0,0,249,0,0,245,102,4,255,102,153,252,5,30,251,85,3,255,0,64,244,0,0,245,0,0,249,0,0,250,0,0,241,128,0,231,0,0,242,0,64,245,0,0,243,0,0,255,0,0,248,0,0,255,0,0,246,0,0,255,153,4,255,85,128,251,6,26,255,0,0,216,0,0,251,0,0,246,0,0,214,0,0,250,0,0,247,0,0,236,0,0,255,0,0,212,0,0
216,0,0,249,128,128,249,128,128,255,0,42,255,128,0,255,0,0,243,0,0,243,0,0,242,0,0,255,0,0,242,0,0,242,0,0,255,0,0,255,0,0,255,0,0,255,0,0,255,0,0,252,0,0,252,0,0,255,0,0,246,0,0,255,0,64,255,85,8,255,0,64,247,13,0,255,255,0,243,0,0,246,0,0,255,0,0,245,0,0,255,0,0,246,0,0,255,0,0,243,0,0,242,0,0,255,0,0,255,0,0,255,0,0,235,0,0,255,0,0,246,0,0,227,0,0,255,7,46,255,128,5,255,0,64,250,8,0,255,0,0,240,0,0,250,0,0,248,0,0,238,0,0,255,0,0,248,0,0,242,0,0,255,0,0,219,0,0,241,0,0,248,0,0,248,0,0,255,0,0,255,0,0,244,0,0,255,0,0,255,12,39,252,85,4,255,0,64,255,0,28,251,128,0,255,0,0,248,0,0,255,0,4,248,0,0,247,0,0,219,255,13,249,0,0,255,0,0,243,0,0,255,0,0,249,0,0,255,102,4,255,102,153,255,5,30,251,85,3,255,0,64,244,0,0,245,0,0,249,0,0,250,0,36,241,128,0,231,0,0,242,0,64,255,0,0,243,0,0,255,0,0,248,0,0,255,0,0,246,0,0,255,102,4,255,85,128,255,6,26,255,0,0,216,0,0,251,0,0,246,0,0,214,0,0,255,0,0,247,0,0,236,0,0,255,0,0,212,0,0
216,0,0,255,128,128,255,128,128,255,0,42,255,128,0,255,0,0,243,0,0,243,0,0,242,0,0,255,0,0,255,0,0,255,0,0,255,0,0,255,0,0,255,0,0,255,0,0,238,0,0,255,0,0,255,0,0,255,0,0,251,0,0,255,0,64,255,85,8,255,0,64,255,13,0,255,255,0,255,0,0,255,0,0,245,0,0,245,0,0,255,0,0,246,0,0,255,0,0,255,0,0,255,0,0,255,0,0,255,0,0,255,0,0,245,0,0,255,0,0,246,0,0,241,0,0,255,7,70,255,128,5,255,0,64,255,8,0,255,0,0,240,0,0,244,0,0,248,0,4,246,0,128,255,0,0,255,0,0,242,0,0,255,0,0,255,0,0,241,0,0,255,0,0,248,0,0,255,0,0,255,0,0,255,0,0,255,0,0,255,12,39,252,85,4,255,128,64,255,0,28,255,128,0,255,0,0,248,0,0,255,0,4,248,0,0,247,0,0,219,255,13,249,0,0,255,0,0,255,0,0,255,0,0,249,0,0,255,102,4,255,102,153,255,5,30,251,85,3,255,0,64,249,0,0,250,0,0,249,0,0,250,0,36,241,128,0,243,0,0,255,0,64,255,0,0,243,0,0,255,0,0,255,0,0,255,0,0,246,0,0,255,153,4,255,85,191,255,6,26,255,0,0,216,0,0,255,0,0,255,0,0,224,0,0,255,0,0,255,0,0,236,0,0,255,0,0,255,0,0
216,0,0,255,128,128,255,128,128,255,0,42,255,128,0,255,0,0,243,0,0,243,0,0,242,0,0,255,0,0,255,0,0,242,0,0,255,0,0,255,0,0,255,0,0,241,0,0,238,0,0,252,0,0,255,0,0,255,0,0,251,0,0,255,18,64,255,85,8,255,0,64,255,13,0,255,255,0,243,0,0,255,0,0,245,0,0,245,0,0,255,0,0,246,0,0,255,0,0,255,0,0,242,0,0,255,0,0,255,0,0,255,0,0,245,0,0,255,0,0,246,0,0,227,0,0,255,7,46,255,128,5,255,128,64,255,8,0,255,0,0,240,0,0,244,0,0,248,0,0,238,0,0,255,0,0,255,0,0,242,0,0,255,0,0,219,0,0,241,0,0,248,0,0,248,0,0,255,0,0,255,0,0,255,0,0,255,0,0,255,12,39,252,85,4,255,128,64,255,0,28,251,128,0,255,0,0,248,0,0,246,0,4,248,0,0,247,0,0,219,255,0,249,0,0,255,0,0,255,0,0,255,0,0,249,0,0,255,102,4,250,102,153,252,5,30,251,85,3,255,0,64,249,0,0,250,0,0,243,0,0,250,0,36,255,128,0,243,0,0,255,0,64,245,0,0,235,0,0,255,0,0,255,0,0,245,0,0,246,0,0,255,153,4,255,85,128,255,6,26,255,0,0,216,0,0,255,0,0,246,0,0,214,0,0,250,0,0,255,0,0,241,0,0,255,0,0,255,0,0
216,0,0,249,128,128,255,128,128,255,0,42,255,128,0,255,0,0,255,0,0,243,0,0,242,0,0,255,0,0,255,0,0,255,0,0,255,0,0,255,0,0,255,0,0,255,0,0,238,0,0,252,0,0,255,0,0,255,0,0,251,0,0,255,18,64,255,85,8,255,0,64,255,13,0,255,255,0,255,0,0,255,0,0,255,0,0,245,0,0,255,0,0,246,0,0,255,0,0,255,0,0,255,0,0,255,0,0,255,0,0,255,0,0,245,0,0,255,0,0,246,0,0,241,0,0,255,7,46,252,128,5,251,128,64,255,8,36,255,255,0,248,0,0,255,0,0,248,0,4,246,0,0,255,0,0,255,0,0,242,0,0,255,0,0,219,0,0,241,0,0,255,0,0,255,0,0,255,0,0,255,0,0,255,0,0,255,0,0,255,12,39,252,85,4,255,128,64,255,0,28,255,128,0,255,0,0,248,0,36,255,0,4,255,0,0,247,0,0,219,255,0,249,0,0,255,0,0,255,0,0,255,0,0,249,0,0,255,102,4,255,102,153,255,5,30,255,85,3,255,0,64,249,0,0,250,0,0,255,0,0,255,0,36,255,128,0,255,0,0,255,0,64,255,0,0,239,0,0,255,0,0,255,0,0,255,0,0,246,0,0,255,153,4,255,85,128,255,6,26,255,0,0,216,0,0,255,0,0,255,0,0,224,0,0,255,0,0,255,0,0,241,0,0,255,0,0,212,0,0
216,0,0,255,128,128,255,128,128,255,0,42,255,128,0,244,0,0,243,0,0,243,0,0,242,0,0,255,0,0,255,0,0,255,0,0,255,0,0,255,0,0,255,0,0,255,0,0,238,0,0,252,0,0,255,0,0,251,0,0,251,0,0,255,18,64,255,85,8,255,128,64,255,13,0,255,255,0,243,0,0,255,0,0,255,0,0,245,0,0,255,0,0,246,0,0,255,0,0,243,0,0,242,0,0,255,0,0,255,0,0,255,0,0,245,0,0,255,0,0,255,0,0,241,0,0,255,7,46,255,128,5,251,0,64,255,8,0,255,0,0,240,0,0,255,0,0,248,0,4,246,0,0,255,0,0,248,0,0,242,0,0,255,0,0,219,0,0,241,0,0,255,0,0,255,0,0,255,0,0,255,0,0,255,0,0,255,0,0,255,12,39,255,85,2,255,128,64,255,0,28,255,128,0,255,0,0,248,0,36,255,0,0,248,0,0,247,0,0,219,255,13,249,0,0,255,0,0,255,0,0,255,0,0,249,0,0,255,102,4,255,102,153,255,5,30,255,85,3,255,0,64,249,0,0,250,0,0,255,0,0,244,0,36,255,128,0,255,0,0,255,0,64,255,0,0,239,0,0,255,0,0,248,0,0,255,0,0,246,0,0,251,153,4,252,85,128,255,6,26,255,0,0,216,0,0,255,0,0,255,0,0,224,0,0,255,0,0,255,0,0,246,0,0,255,0,0,255,0,0
216,0,0,255,128,128,255,128,128,255,0,42,255,128,0,255,0,0,255,0,0,243,0,0,255,0,0,255,0,0,255,0,0,255,0,0,255,0,0,255,0,0,255,0,0,255,0,0,255,0,0,252,0,0,255,0,0,255,0,0,246,0,0,255,18,64,255,85,8,255,128,64,255,13,0,255,255,0,243,0,0,255,0,0,255,0,0,245,0,0,255,0,0,246,0,0,255,0,0,255,0,0,242,0,0,255,0,0,255,0,0,255,0,0,245,0,0,255,0,0,255,0,0,212,0,0,255,14,70,255,128,5,255,128,64,255,8,0,255,255,0,248,0,0,250,0,0,248,0,4,246,0,128,255,0,0,255,0,0,242,0,0,255,0,0,219,0,0,241,0,0,255,0,0,255,0,0,255,0,0,255,0,0,255,0,0,255,0,0,255,12,39,252,85,4,252,128,64,255,0,28,255,128,0,255,0,0,255,0,36,255,0,4,255,0,0,255,0,0,219,255,13,249,0,0,255,0,0,249,0,0,255,0,0,255,0,0,255,102,4,255,102,153,255,5,30,255,85,3,255,0,64,249,0,0,250,255,0,255,0,0,255,0,36,255,128,0,255,255,0,255,0,64,255,0,0,239,0,0,255,0,0,255,0,0,255,0,0,246,0,0,247,153,4,255,85,128,255,6,26,255,0,0,216,0,0,255,0,0,246,0,0,224,0,0,255,0,0,255,0,0,250,0,0,255,0,0,255,0,0
216,0,0,255,128,128,255,128,128,255,0,42,255,128,0,255,0,0,255,0,0,243,0,0,255,0,0,255,0,0,255,0,0,255,0,0,255,0,0,255,0,0,255,0,0,255,0,0,238,0,0,255,0,0,255,0,0,255,0,0,251,0,0,255,18,64,255,85,8,255,128,64,255,13,0,255,255,0,243,0,0,255,0,0,255,0,0,245,0,0,255,0,0,246,0,0,255,0,0,255,0,0,242,0,0,255,0,0,255,0,0,255,0,0,245,0,0,244,0,0,255,0,0,227,0,0,255,14,46,255,128,5,255,128,64,255,8,36,255,255,0,248,0,0,255,0,0,248,0,4,246,0,128,255,0,0,255,0,0,242,0,0,255,0,0,219,0,0,241,0,0,255,0,0,248,0,0,255,0,0,255,0,0,244,0,0,255,0,0,255,12,39,245,170,4,252,128,64,250,0,28,255,128,0,255,0,0,255,0,36,255,0,4,248,0,0,255,0,0,255,255,13,249,0,0,255,0,0,255,0,0,255,0,0,255,0,0,255,102,4,250,102,153,252,5,30,255,85,3,255,0,64,255,0,0,250,255,0,255,0,0,255,0,36,255,128,0,255,255,0,255,0,64,255,0,0,239,0,0,255,0,0,255,0,0,245,0,0,246,0,0,251,153,4,255,85,128,255,6,26,255,0,0,222,0,0,251,0,0,246,0,0,224,0,0,250,0,0,255,0,0,246,0,0,255,0,0,212,0,0
216,0,0,255,128,128,255,128,128,255,0,42,255,128,0,244,0,0,255,0,0,255,0,0,255,0,0,255,0,0,255,0,0,255,0,0,255,0,0,255,0,0,255,0,0,255,0,0,255,0,0,252,0,0,255,0,0,255,0,0,246,0,0,255,18,64,255,85,8,255,128,64,255,13,0,255,255,0,243,0,0,255,0,0,255,0,0,245,0,0,255,0,0,255,0,0,255,0,0,255,0,0,242,0,0,255,0,0,255,0,0,255,0,0,255,0,0,244,0,0,255,0,0,241,0,0,255,14,70,255,128,5,255,128,64,255,8,36,255,255,0,255,0,0,255,0,0,255,0,4,255,0,128,255,0,0,255,0,0,255,0,0,255,0,0,255,0,0,248,0,0,255,0,0,255,0,0,255,0,0,255,0,0,255,0,0,255,0,0,255,12,39,255,85,4,255,128,64,250,0,28,255,128,0,255,255,0,248,0,36,255,0,4,255,0,0,255,0,0,255,255,13,249,0,128,255,0,0,255,0,0,255,0,0,255,0,0,255,102,4,255,102,153,255,5,30,255,85,3,255,0,64,255,0,0,255,255,0,255,0,0,255,0,36,255,128,0,255,255,0,255,0,64,255,0,0,243,0,255,255,0,0,255,0,0,255,0,0,255,0,0,255,153,4,255,85,191,255,6,26,255,0,0,216,0,0,251,0,0,255,0,0,224,0,0,255,0,0,255,0,0,241,0,0,255,0,0,255,0,0
216,0,0,255,128,128,255,128,128,255,0,42,255,128,0,255,0,0,255,0,0,255,0,0,255,0,0,255,0,0,255,0,0,255,0,0,255,0,0,255,0,0,255,0,0,255,0,0,238,0,0,255,0,0,255,0,0,255,0,0,251,0,0,255,0,64,255,85,8,255,128,64,255,13,0,255,255,0,243,0,0,255,0,0,255,0,0,245,0,0,255,0,0,255,0,0,255,0,0,243,0,0,255,0,0,255,0,0,255,0,0,255,0,0,235,0,0,234,0,0,255,0,0,241,0,0,255,14,70,255,128,5,255,128,64,255,8,0,255,255,0,255,255,0,255,0,0,255,0,4,255,0,128,255,0,0,255,0,0,242,0,0,255,0,0,255,0,0,241,0,0,255,0,0,255,0,0,255,0,0,255,0,0,244,0,0,255,0,0,255,12,39,255,85,4,255,128,64,255,0,28,255,128,0,255,255,0,255,0,36,255,0,4,255,0,0,255,0,0,255,255,13,249,0,128,255,0,0,249,0,0,255,0,0,249,0,0,255,102,4,255,102,153,252,5,30,255,85,3,255,0,64,255,0,0,255,255,0,255,0,0,255,0,36,255,128,0,255,255,0,255,0,64,255,0,0,247,0,0,255,0,0,255,0,0,255,0,0,246,0,0,255,153,4,255,85,128,255,6,26,255,0,0,222,0,0,251,0,0,255,0,0,224,0,0,255,0,0,251,0,0,250,0,0,248,0,0,255,0,0
222,0,0,255,128,128,255,128,128,255,0,42,255,128,0,255,0,255,255,0,0,255,0,0,255,0,0,255,0,0,255,0,0,255,0,0,255,0,0,255,0,0,255,0,0,255,0,0,238,0,0,255,0,0,255,0,0,255,0,0,251,0,0,255,0,64,255,85,8,255,128,64,255,13,0,255,255,0,255,0,128,255,0,0,255,0,0,255,0,0,255,0,0,255,0,0,255,0,0,243,0,0,255,0,0,255,0,0,255,0,0,255,0,0,245,0,0,244,0,0,255,0,0,255,0,0,255,7,70,255,128,5,255,128,64,255,8,36,255,255,0,255,255,0,255,0,0,255,0,4,255,0,128,255,0,42,255,0,0,255,0,0,255,0,0,255,0,0,248,0,0,255,0,0,255,0,0,255,0,0,255,0,0,255,0,0,255,0,0,255,12,59,255,85,4,255,128,64,255,0,28,255,128,0,255,255,0,255,0,36,255,0,4,255,0,0,255,0,0,255,255,13,255,0,128,255,0,0,243,0,0,255,0,0,255,0,0,255,102,4,255,102,153,249,5,30,255,85,3,255,0,64,255,0,0,255,255,0,255,0,85,255,0,36,255,128,0,255,255,0,255,0,64,255,0,0,247,0,0,255,0,0,255,0,0,255,0,0,255,0,0,255,153,6,252,85,191,255,6,26,255,0,0,222,0,0,255,0,0,255,0,0,224,0,0,255,0,36,255,0,0,246,0,0,255,0,0,212,0,0
216,0,0,255,128,128,255,128,128,255,0,42,255,128,0,255,0,255,255,0,0,243,0,0,255,0,0,255,0,0,255,0,0,255,0,0,255,0,0,255,0,0,255,0,0,255,0,0,238,0,0,255,0,0,252,0,0,255,0,0,246,0,0,255,0,64,255,85,8,255,128,64,255,13,0,255,255,0,255,0,128,255,0,0,255,0,0,255,0,0,255,0,0,255,0,0,255,0,0,243,0,0,255,0,0,255,0,0,255,0,0,255,0,0,245,0,0,244,0,0,255,0,0,255,0,0,255,7,70,255,128,5,255,128,64,255,8,0,255,255,0,255,255,0,255,0,0,255,0,4,255,0,128,255,0,42,255,0,0,255,0,0,255,0,0,255,0,0,248,0,0,255,0,0,248,0,0,255,0,0,255,0,0,255,0,0,255,0,0,255,12,39,255,85,4,255,128,64,250,0,28,255,128,0,255,255,0,255,0,36,255,0,4,255,0,0,255,0,0,255,255,13,255,0,128,255,0,0,249,0,0,255,0,0,249,0,0,252,102,4,250,102,102,252,5,30,255,85,3,255,0,64,255,0,0,250,255,0,255,0,85,255,0,36,255,128,0,255,255,0,255,0,64,255,0,0,247,0,255,255,0,0,255,0,0,255,0,0,246,0,0,255,153,4,255,85,128,255,6,26,255,0,0,216,0,0,255,0,0,255,0,0,224,0,0,255,0,36,255,0,0,241,0,0,255,0,0,255,0,0
133,0,0,113,128,128,124,128,128,117,12,42,132,128,0,122,0,255,128,0,85,121,0,0,140,0,0,128,0,0,94,0,0,102,0,0,102,0,0,107,0,0,96,0,0,113,0,0,102,0,0,177,0,0,169,0,0,180,0,0,162,0,0,80,18,64,97,170,8,104,128,64,99,13,0,94,255,0,93,0,128,91,0,0,102,0,0,98,0,0,82,0,0,73,0,0,75,0,0,73,0,0,64,0,0,82,0,0,100,0,0,97,0,0,92,0,0,117,0,0,88,0,0,99,0,0,81,14,46,73,128,5,84,128,64,79,8,0,83,255,0,90,255,0,76,0,36,98,0,4,94,255,128,66,0,42,66,0,0,76,0,0,85,0,0,36,0,0,69,0,0,81,0,0,92,0,0,76,0,0,73,0,0,74,0,0,70,0,0,78,18,39,64,170,2,72,128,64,74,9,28,65,128,0,69,255,0,74,13,36,82,255,4,72,0,0,58,0,0,36,255,13,64,0,128,62,0,64,75,0,0,91,0,0,67,0,0,78,204,4,87,153,153,60,5,30,61,170,3,54,128,64,55,0,0,56,255,0,55,0,85,65,9,36,42,128,0,49,255,0,40,18,64,59,0,0,57,0,0,64,0,0,58,0,0,71,0,0,57,0,0,73,204,4,47,170,128,58,12,26,38,0,0,39,0,0,45,0,0,38,0,0,51,0,0,35,0,0,42,0,0,37,0,0,46,0,0,85,0,0
0,0,0,11,255,128,6,128,128,7,12,42,0,128,0,0,255,255,0,16,85,0,255,0,0,0,0,0,0,0,0,0,0,0,0,0,0,0,0,0,0,0,0,0,0,0,0,0,0,0,0,0,0,0,0,0,0,0,0,0,0,0,0,8,18,0,6,170,4,8,128,64,0,13,0,0,255,0,0,255,128,0,0,0,0,0,0,0,0,0,0,0,0,0,0,0,0,0,0,0,0,0,0,0,0,0,0,0,0,0,0,0,0,0,0,0,0,0,0,0,0,0,0,0,0,0,13,28,46,3,255,2,4,128,64,0,15,0,0,255,0,0,255,0,0,9,36,0,255,4,0,255,128,0,12,0,0,0,0,0,255,0,0,26,0,0,0,0,0,255,0,0,12,0,0,0,0,0,0,0,0,0,0,0,0,0,0,0,0,11,24,39,3,255,2,0,255,0,5,9,28,0,128,0,0,255,0,0,13,36,0,255,4,0,255,0,0,14,0,0,255,13,0,255,128,0,15,64,0,0,0,0,0,0,0,0,0,16,255,4,16,255,102,3,11,30,4,255,3,4,128,64,0,10,32,0,255,0,0,255,85,0,9,36,0,128,0,0,255,0,0,18,64,0,255,4,0,255,0,0,28,0,0,0,0,0,0,0,0,0,0,16,255,6,6,255,128,4,19,26,0,0,0,0,255,255,0,0,0,0,255,4,0,255,255,0,8,0,0,255,0,0,255,0,0,10,0,0,0,0
0,0,0,11,255,128,12,255,128,7,12,42,0,255,0,0,255,255,0,16,85,0,255,4,0,255,0,0,0,0,0,0,0,0,0,0,0,0,0,0,0,0,0,0,0,0,0,0,0,0,0,0,0,0,0,0,0,0,0,0,0,0,0,8,18,0,6,170,4,8,128,64,0,26,0,0,255,0,0,255,128,0,13,0,0,0,0,0,0,0,0,0,0,0,0,0,0,0,0,0,0,0,0,0,0,0,0,0,0,0,0,0,0,0,0,0,0,0,0,0,0,0,0,0,0,0,13,28,46,3,255,2,4,128,64,0,15,0,0,255,0,0,255,0,0,9,36,0,255,4,0,255,128,0,12,42,0,255,0,0,255,0,0,26,0,0,0,0,0,255,0,0,12,0,0,0,0,0,0,0,0,0,0,0,0,0,0,0,0,11,24,39,6,255,2,0,255,0,5,9,28,0,255,0,0,255,0,0,13,36,0,255,4,0,255,0,0,14,0,0,255,13,0,255,128,0,15,64,0,0,0,0,0,0,0,0,0,16,255,4,16,255,153,3,11,30,4,255,3,4,255,64,0,10,32,5,255,0,0,255,85,0,9,36,0,128,0,0,255,0,0,18,64,0,255,4,0,255,0,0,28,0,0,0,0,0,0,0,0,0,0,16,255,6,3,255,128,4,25,26,0,0,0,0,255,255,0,7,0,0,255,4,0,255,255,0,8,0,0,255,0,0,255,0,0,10,0,0,0,0
0,0,0,11,255,128,12,255,128,7,12,42,0,255,0,11,255,255,0,16,85,0,255,4,0,255,0,0,0,0,0,0,0,0,0,0,0,0,0,0,0,0,0,0,0,0,0,0,0,0,0,0,0,0,0,0,0,0,0,0,0,0,0,8,18,0,6,170,4,8,128,64,0,26,0,0,255,0,0,255,128,0,13,0,0,255,0,0,0,0,0,0,0,0,0,0,0,0,0,0,0,0,0,0,0,0,0,0,0,0,0,0,0,0,0,0,0,0,0,0,0,0,0,0,0,0,13,28,46,3,255,2,4,128,64,0,15,0,0,255,0,0,255,0,0,9,36,0,255,4,0,255,128,0,12,42,0,255,0,0,255,0,0,26,0,0,0,0,0,255,0,0,12,0,0,255,0,0,0,0,0,0,0,0,0,0,0,0,0,11,24,39,6,255,2,3,255,0,5,9,28,0,255,0,0,255,0,7,13,36,0,255,4,0,255,128,0,14,42,0,255,13,0,255,128,0,15,64,0,0,0,0,0,0,0,0,0,16,255,4,16,255,153,3,16,30,4,255,3,4,255,64,0,10,32,5,255,0,0,255,85,0,9,36,0,128,0,0,255,0,0,18,64,0,255,4,0,255,0,0,28,0,0,0,0,0,0,0,0,0,0,16,255,6,6,255,128,4,25,26,0,0,0,0,255,255,0,7,0,0,255,4,0,255,255,0,8,36,0,255,0,0,255,0,0,10,0,0,0,0
0,0,0,17,255,128,12,255,128,7,12,42,0,255,0,11,255,255,0,16,85,0,255,4,0,255,0,0,0,0,0,0,0,0,0,0,0,0,0,0,0,0,0,0,0,0,0,0,0,0,0,0,0,0,0,0,0,0,0,0,0,0,0,8,18,64,12,170,4,8,128,64,0,26,0,0,255,0,0,255,128,0,13,0,0,255,0,0,0,0,0,0,0,0,0,0,0,0,0,0,0,0,0,0,0,0,0,0,0,0,0,0,0,0,0,0,0,0,0,0,0,0,0,0,0,0,13,28,46,3,255,2,4,255,64,0,15,36,0,255,0,0,255,0,0,9,36,0,255,4,0,255,128,0,12,42,0,255,0,0,255,0,0,26,0,0,0,0,0,255,0,0,12,0,0,255,0,0,0,0,0,0,0,0,0,0,0,0,0,14,24,39,6,255,2,3,255,64,5,9,28,0,255,0,0,255,0,7,13,36,0,255,4,0,255,128,0,14,42,0,255,13,0,255,128,0,15,64,0,0,0,0,0,0,0,0,0,16,255,6,22,255,153,6,16,30,4,255,3,4,255,64,0,10,32,5,255,0,0,255,85,0,9,36,0,128,0,0,255,0,0,18,64,0,255,4,0,255,0,0,28,0,0,255,0,0,0,0,0,0,0,16,255,6,6,255,128,4,25,26,0,0,0,0,255,255,0,7,0,0,255,4,10,255,255,0,8,36,0,255,3,0,255,0,0,10,0,0,0,0
0,0,0,17,255,128,12,255,128,7,12,42,0,255,0,11,255,255,0,16,85,0,255,4,0,255,0,0,0,0,0,0,0,0,0,0,0,0,0,0,0,0,0,0,0,0,0,0,0,0,0,0,0,0,0,0,0,0,0,0,0,0,0,8,18,64,12,170,4,8,128,64,0,26,0,0,255,0,0,255,128,0,13,0,0,255,0,0,0,0,0,0,0,0,0,0,0,0,0,0,0,0,0,0,0,0,0,0,0,0,0,0,0,0,0,0,0,0,0,0,0,0,0,0,0,0,13,28,46,3,255,2,4,255,64,0,15,36,0,255,0,0,255,0,0,9,36,0,255,4,0,255,128,0,12,42,0,255,0,0,255,0,0,26,0,0,0,0,0,255,0,0,12,0,0,255,0,0,0,0,0,0,0,0,0,0,0,0,0,14,24,39,6,255,2,3,255,64,5,9,28,0,255,0,0,255,0,7,13,36,0,255,4,0,255,128,0,14,42,0,255,13,6,255,128,0,15,64,0,0,0,0,0,0,0,0,0,16,255,4,22,255,153,3,16,30,4,255,3,4,255,64,0,10,32,5,255,0,0,255,85,0,9,36,0,128,0,0,255,0,0,18,64,0,255,4,0,255,0,0,28,0,0,255,0,0,0,0,0,0,0,16,255,6,3,255,128,9,25,26,0,0,0,0,255,255,0,7,0,0,255,4,10,255,255,0,8,36,0,255,0,0,255,0,0,10,0,0,0,0
0,0,0,17,255,128,12,255,128,7,12,42,0,255,0,11,255,255,0,16,85,0,255,4,0,255,0,0,21,0,0,0,0,0,0,0,0,0,0,0,0,0,0,0,0,0,0,0,0,0,0,0,0,0,0,0,0,0,0,0,0,0,0,8,18,64,12,170,4,8,128,64,0,26,0,0,255,0,0,255,128,0,13,0,0,255,0,0,0,0,0,0,0,0,0,0,0,0,0,0,0,0,0,0,0,0,0,0,0,0,0,0,0,0,0,0,0,0,0,0,0,0,0,0,0,0,13,28,46,3,255,2,4,255,64,0,15,36,0,255,0,0,255,0,0,9,36,0,255,4,0,255,128,0,12,42,0,255,4,0,255,128,0,26,0,0,0,0,0,255,0,0,12,0,0,255,0,0,0,0,0,0,0,0,0,0,0,0,0,11,24,39,6,255,2,3,255,64,5,9,28,0,255,0,0,255,0,7,13,36,9,255,4,0,255,128,0,14,42,0,255,13,6,255,128,0,15,64,0,0,0,0,0,0,0,0,0,16,255,4,22,255,153,3,16,30,4,255,3,4,255,64,0,10,32,5,255,0,0,255,85,5,9,36,0,255,0,0,255,0,0,36,64,0,255,4,0,255,0,0,28,0,0,255,0,0,0,0,0,0,0,16,255,6,6,255,128,4,25,26,0,0,0,0,255,255,0,7,32,0,255,4,10,255,255,0,8,36,0,255,3,0,255,0,0,10,0,0,0,0
0,0,0,17,255,128,12,255,128,7,12,42,0,255,0,11,255,255,0,16,85,0,255,4,0,255,0,0,21,0,0,0,0,0,0,0,0,0,0,0,0,0,0,0,0,0,0,0,0,0,0,0,0,0,0,0,0,0,0,0,0,0,0,8,18,64,12,255,4,8,255,64,0,26,0,0,255,0,0,255,128,0,13,0,0,255,0,0,0,0,0,0,0,0,0,0,0,0,0,0,0,0,0,0,0,0,0,0,0,0,0,0,0,0,0,0,0,0,0,0,0,0,0,0,0,0,13,28,46,3,255,5,4,255,64,0,15,36,0,255,0,0,255,0,0,9,36,0,255,4,0,255,128,0,12,42,0,255,4,0,255,128,0,26,0,0,0,0,0,255,0,0,12,0,0,255,0,0,0,0,0,0,0,0,0,0,0,0,0,11,24,39,6,255,2,3,255,64,5,9,28,0,255,0,0,255,0,7,13,36,9,255,4,0,255,128,0,14,42,0,255,13,6,255,128,9,15,64,0,0,0,0,0,0,0,0,0,16,255,4,22,255,153,3,16,30,4,255,3,4,255,64,0,10,32,5,255,0,0,255,85,5,9,36,0,255,0,0,255,0,0,18,64,0,255,4,0,255,0,0,28,0,0,255,0,0,0,0,0,0,0,16,255,6,6,255,128,4,25,26,0,0,0,0,255,255,0,7,32,0,255,4,10,255,255,0,8,36,0,255,0,0,255,0,0,10,0,0,0,0
0,0,0,11,255,128,12,255,128,7,12,42,0,255,0,11,255,255,0,16,85,0,255,4,0,255,0,0,21,0,0,0,0,0,0,0,0,0,0,0,0,0,0,0,0,0,0,0,0,0,0,0,0,0,0,0,0,0,0,0,0,0,0,8,18,64,12,170,8,8,255,64,0,26,0,0,255,0,12,255,128,0,13,0,0,255,0,0,0,0,0,0,0,0,0,0,0,0,0,0,0,0,0,0,0,0,0,0,0,0,0,0,0,0,0,0,0,0,0,0,0,0,0,0,0,0,13,28,70,3,255,5,4,255,64,0,15,36,0,255,0,0,255,0,0,9,36,0,255,4,0,255,128,0,12,42,0,255,4,0,255,128,0,26,0,0,0,0,0,255,0,0,12,0,0,255,0,0,0,0,0,0,0,0,0,0,0,0,0,11,24,39,6,255,2,3,255,64,5,9,28,0,255,0,0,255,0,7,13,36,9,255,4,0,255,128,0,14,42,0,255,13,6,255,128,9,15,64,0,0,0,0,255,0,0,0,0,16,255,4,22,255,153,3,16,30,4,255,3,4,255,64,0,10,32,5,255,0,0,255,85,5,9,36,0,255,0,0,255,0,0,18,64,0,255,4,0,255,0,0,28,0,0,255,0,0,0,0,0,0,0,16,255,6,6,255,128,4,25,26,0,0,0,7,255,255,0,7,0,9,255,4,10,255,255,0,8,36,0,255,0,0,255,0,0,10,0,0,0,0
0,0,0,17,255,128,12,255,128,7,24,42,0,255,0,11,255,255,0,16,85,0,255,4,0,255,0,0,21,0,0,0,0,0,0,0,0,0,0,0,0,0,0,0,0,0,0,0,0,0,0,0,0,0,0,0,0,0,0,0,0,0,0,8,18,64,12,255,8,8,255,64,0,26,0,0,255,0,12,255,128,0,13,0,0,255,0,0,0,0,0,0,0,0,0,0,0,0,0,0,0,0,0,0,0,0,0,0,0,0,0,0,0,0,0,0,0,0,0,0,0,0,0,0,0,0,13,28,70,3,255,5,4,255,64,0,15,36,0,255,0,0,255,0,0,9,36,0,255,4,0,255,128,0,12,42,0,255,4,0,255,128,0,26,0,0,0,0,0,255,0,0,12,0,0,255,0,0,0,0,0,0,0,0,0,0,0,0,0,11,24,39,6,255,2,3,255,64,5,9,28,0,255,0,0,255,0,7,13,36,9,255,4,0,255,128,0,14,42,0,255,13,6,255,128,9,15,64,0,0,0,0,255,0,0,0,0,13,255,4,22,255,153,3,16,30,4,255,3,4,255,64,0,10,32,5,255,0,0,255,85,5,9,36,0,255,0,0,255,0,0,18,64,0,255,4,0,255,0,0,28,0,0,255,0,0,0,0,0,0,0,16,255,6,3,255,128,4,25,26,0,0,0,7,255,255,0,7,0,9,255,4,10,255,255,0,8,36,0,255,3,0,255,0,0,10,0,0,0,0
0,0,0,17,255,128,12,255,128,7,12,42,0,255,0,11,255,255,0,16,85,0,255,4,0,255,0,0,21,0,0,0,0,0,0,0,0,0,0,0,0,0,0,0,0,0,0,0,0,0,0,0,0,0,0,0,0,0,0,0,0,0,0,8,18,64,6,255,8,8,255,64,0,26,0,0,255,0,12,255,128,0,13,0,0,255,0,0,0,0,0,0,0,0,0,0,0,0,0,0,0,0,0,0,0,0,0,0,0,0,0,0,0,0,0,0,0,0,0,0,0,0,0,0,0,0,8,28,70,3,255,5,4,255,64,0,15,36,0,255,0,0,255,0,0,9,36,0,255,4,0,255,128,0,12,42,0,255,4,0,255,128,0,26,0,0,0,0,0,255,0,0,12,0,0,255,0,0,0,0,0,0,0,0,0,0,0,0,0,11,24,39,6,255,4,3,255,64,5,9,28,0,255,0,0,255,0,7,13,36,9,255,4,0,255,128,0,14,42,0,255,13,6,255,128,9,15,64,0,0,0,0,255,0,0,0,0,13,255,4,16,255,153,3,16,30,4,255,3,4,255,64,0,10,32,5,255,0,0,255,85,5,9,36,0,255,0,0,255,0,0,18,64,10,255,4,0,255,0,0,28,0,0,255,0,0,0,0,0,0,0,16,255,6,6,255,128,4,25,26,0,0,0,7,255,255,0,7,0,9,255,4,10,255,255,0,8,36,0,255,3,0,255,0,0,10,0,0,0,0
0,0,0,11,255,128,12,255,128,7,24,42,0,255,0,11,255,255,0,16,85,0,255,4,0,255,0,0,21,0,0,0,0,0,0,0,0,0,0,0,0,0,0,0,0,0,0,0,0,0,0,0,0,0,0,0,0,0,0,0,0,0,0,8,18,64,6,255,8,8,255,64,0,26,0,0,255,0,12,255,128,0,13,0,0,255,0,0,0,0,0,0,0,0,255,0,0,0,0,0,0,0,0,0,0,0,0,0,0,0,0,0,0,0,0,0,0,0,0,0,0,0,0,0,0,0,13,28,70,3,255,5,4,255,64,0,15,36,0,255,0,0,255,0,0,9,36,0,255,4,0,255,128,0,12,42,0,255,4,0,255,128,0,26,0,0,0,0,0,255,0,0,12,0,0,255,0,0,0,0,0,0,0,0,0,0,0,0,0,11,24,39,3,255,2,3,255,64,5,9,28,0,255,0,0,255,0,7,13,36,9,255,4,0,255,128,0,14,42,0,255,13,6,255,128,9,15,64,0,0,0,0,255,0,0,0,0,13,255,4,16,255,153,3,11,30,4,255,3,4,255,64,0,10,32,5,255,0,0,255,85,5,9,36,0,255,0,0,255,0,0,18,64,10,255,4,0,255,0,0,28,0,0,255,0,0,0,0,0,0,0,16,255,6,3,255,128,4,25,26,0,0,0,7,255,255,0,7,0,9,255,4,10,255,255,0,8,36,0,255,3,0,255,0,0,10,0,0,0,0
0,0,0,11,255,128,12,255,128,7,24,42,0,255,0,11,255,255,0,16,85,0,255,4,0,255,0,0,21,0,0,0,0,0,0,0,0,0,0,0,0,0,0,0,0,0,0,0,0,0,0,0,0,0,0,0,0,0,0,0,0,0,0,8,18,64,6,255,4,8,255,64,0,26,0,0,255,0,12,255,128,0,13,0,0,255,0,0,0,0,0,0,0,0,255,0,0,0,0,0,0,0,0,0,0,0,0,0,0,0,0,0,0,0,0,0,0,0,0,0,0,0,0,0,0,0,8,21,46,3,255,5,4,255,64,0,15,36,0,255,0,0,255,0,0,9,36,8,255,4,0,255,128,0,12,42,0,255,4,0,255,128,0,26,0,0,0,0,0,255,0,0,12,0,0,255,0,0,0,0,0,0,0,0,0,0,0,0,0,11,24,39,6,255,4,3,255,64,5,9,28,0,255,0,0,255,0,7,13,36,9,255,4,0,255,128,8,14,42,0,255,13,6,255,128,9,15,64,0,0,0,0,255,0,0,0,0,13,255,4,16,255,153,3,11,30,4,255,3,4,255,64,0,10,32,5,255,0,0,255,85,5,9,36,0,255,0,0,255,0,0,18,64,10,255,4,0,255,0,0,28,0,0,255,0,0,0,0,0,0,0,12,255,6,3,255,128,4,19,26,0,0,0,7,255,255,0,7,0,9,255,4,10,255,255,0,8,36,0,255,3,0,255,0,0,10,0,0,0,0
0,0,0,11,255,128,12,255,128,7,24,42,0,255,0,11,255,255,12,16,85,0,255,4,0,255,0,0,21,0,0,0,0,0,0,0,0,0,0,0,0,0,0,0,0,0,0,0,0,0,0,0,0,0,0,0,0,0,0,0,0,0,0,8,18,0,6,255,4,8,255,64,0,26,0,0,255,0,12,255,128,0,13,0,0,255,0,0,0,0,0,0,0,0,0,0,0,0,0,0,0,0,0,0,0,0,0,0,0,0,0,0,0,0,0,0,0,0,0,0,0,0,0,0,0,0,8,28,46,3,255,5,4,255,64,0,15,36,0,255,0,0,255,0,0,9,36,8,255,4,0,255,128,0,12,42,0,255,4,0,255,128,0,26,0,0,0,0,0,255,0,0,12,0,0,255,0,0,0,0,0,0,0,0,0,0,0,0,0,11,24,39,6,255,2,3,255,64,5,9,28,0,255,0,0,255,0,7,13,36,9,255,4,0,255,128,8,14,42,0,255,13,6,255,128,9,15,64,0,0,0,0,255,0,0,0,0,13,255,4,16,255,153,3,11,30,4,255,3,4,255,64,0,10,32,5,255,0,0,255,85,5,9,36,0,255,0,0,255,0,0,18,64,10,255,4,0,255,0,0,28,0,0,255,0,0,0,0,0,0,0,12,255,6,3,255,128,4,19,26,0,0,0,7,255,255,0,7,0,9,255,4,10,255,255,0,8,36,0,255,3,0,255,0,0,10,0,0,0,0
0,0,0,11,255,128,12,255,128,7,24,42,0,255,0,11,255,255,0,16,85,12,255,4,0,255,0,0,21,0,0,0,0,0,0,0,0,0,0,0,0,0,0,0,0,0,0,0,0,0,0,0,0,0,0,0,0,0,0,0,0,0,0,8,18,64,6,255,8,8,255,64,0,26,0,0,255,0,12,255,128,0,13,0,0,255,0,0,0,0,0,0,0,0,0,0,0,0,0,0,0,0,0,0,0,0,0,0,0,0,0,0,0,0,0,0,0,0,0,0,0,0,0,0,0,0,8,28,46,3,255,5,4,255,64,0,15,36,0,255,0,0,255,0,0,9,36,8,255,4,0,255,128,0,12,42,0,255,4,0,255,128,0,26,0,0,0,0,0,255,255,0,12,0,0,255,0,0,0,0,0,0,0,0,0,0,0,0,0,11,24,39,6,255,4,3,255,64,5,9,28,0,255,0,0,255,0,7,13,36,9,255,4,0,255,128,8,14,42,0,255,13,6,255,128,9,15,64,0,0,0,0,255,0,0,0,0,13,255,4,16,255,153,3,11,30,4,255,3,4,255,64,0,10,32,5,255,0,0,255,85,5,9,36,0,255,0,0,255,0,0,18,64,10,255,4,0,255,0,0,28,0,0,255,0,0,0,0,0,0,0,12,255,6,3,170,128,4,19,26,0,0,0,7,255,255,0,7,0,9,255,4,10,255,255,0,8,36,0,255,3,0,255,0,0,10,0,0,0,0
0,0,0,11,255,128,12,255,128,7,12,42,0,255,0,11,255,255,0,16,85,12,255,4,0,255,0,0,21,0,0,0,0,0,0,0,0,0,0,0,0,0,0,0,0,0,0,0,0,0,0,0,0,0,0,0,0,0,0,0,0,0,0,8,18,64,6,255,8,8,255,64,0,26,0,0,255,0,12,255,128,0,13,0,0,255,0,0,0,0,0,0,0,0,0,0,0,0,0,0,0,0,0,0,0,0,0,0,0,0,0,0,0,0,0,0,0,0,0,0,0,0,0,0,0,0,8,28,46,3,255,5,4,255,64,0,15,36,0,255,0,0,255,0,0,9,36,8,255,4,0,255,128,0,12,42,0,255,4,0,255,128,0,26,0,0,0,0,0,255,0,0,12,0,0,255,0,0,0,0,0,0,0,0,0,0,0,0,0,11,24,39,3,255,2,3,255,64,5,9,28,0,255,0,0,255,0,7,13,36,9,255,4,0,255,128,8,14,42,0,255,13,6,255,128,9,15,64,0,0,0,0,255,0,0,0,0,13,255,4,16,255,153,3,11,30,4,255,3,4,255,64,0,10,32,5,255,0,0,255,85,5,9,36,0,255,0,0,255,0,0,18,64,10,255,4,4,255,0,0,28,0,0,255,0,0,0,0,0,0,0,12,255,4,3,255,128,4,19,26,0,0,0,7,255,255,0,7,0,9,255,4,10,255,255,0,8,36,0,255,3,0,255,0,0,10,0,0,0,0
0,0,0,11,255,128,12,255,128,7,24,42,0,255,0,11,255,255,12,16,85,12,255,4,0,255,255,0,21,0,0,0,0,0,0,0,0,0,0,0,0,0,0,0,0,0,0,0,0,0,0,0,0,0,0,0,0,0,0,0,0,0,0,8,18,64,6,255,8,8,255,64,0,26,0,0,255,0,12,255,128,0,13,0,0,255,0,0,0,0,0,0,0,0,0,0,0,0,0,0,0,0,0,0,0,0,0,0,0,0,0,0,0,0,0,0,0,0,0,0,0,0,0,0,0,0,8,21,46,3,255,5,4,255,64,0,15,36,0,255,0,0,255,0,0,9,36,8,255,4,0,255,128,7,12,42,0,255,4,0,255,128,0,26,0,0,0,0,0,255,0,0,12,0,0,255,0,0,0,0,0,0,0,0,0,0,0,0,0,11,24,39,3,255,2,3,255,64,5,9,28,0,255,0,0,255,0,7,13,36,9,255,4,0,255,128,8,14,42,0,255,13,6,255,128,9,15,64,0,0,0,0,255,0,0,0,0,13,255,4,16,255,153,3,11,30,4,255,3,4,128,64,0,10,32,5,255,0,0,255,85,5,9,36,0,255,0,0,255,0,0,18,64,10,255,4,4,255,0,0,28,0,0,255,0,0,0,0,0,0,0,12,255,4,3,255,128,4,19,26,0,0,0,7,255,255,0,7,0,9,255,4,10,255,255,5,8,36,0,255,3,0,255,0,0,10,0,0,0,0
0,0,0,11,255,128,12,255,128,7,12,42,0,255,0,11,255,255,0,16,85,12,255,4,0,255,0,0,21,0,0,0,0,0,0,0,0,0,0,0,0,0,0,0,0,0,0,0,0,0,0,0,0,0,0,0,0,0,0,0,0,0,0,8,18,0,6,255,4,8,255,64,0,26,0,0,255,0,12,255,128,0,13,0,0,255,0,0,0,0,0,0,0,0,0,0,0,0,0,0,0,0,0,0,0,0,0,0,0,0,0,0,0,0,0,0,0,0,0,0,0,0,0,0,0,0,8,28,46,3,255,5,4,255,64,0,15,36,0,255,0,0,255,0,0,9,36,8,255,4,0,255,128,7,12,42,0,255,4,0,255,128,0,26,0,0,0,0,0,255,0,0,12,0,0,255,0,0,0,0,0,0,0,0,0,0,0,0,0,11,24,39,3,255,2,3,255,64,5,9,28,0,255,0,0,255,0,7,13,36,9,255,4,0,255,128,8,14,42,0,255,13,6,255,128,9,15,64,0,0,0,0,255,0,0,0,0,13,255,4,16,255,153,3,11,30,4,255,3,4,128,64,0,10,32,5,255,0,0,255,85,5,9,36,0,255,0,0,255,0,0,18,64,10,255,4,0,255,0,0,28,0,0,255,0,0,0,0,0,0,0,12,255,4,3,170,128,4,19,26,0,0,0,7,255,255,0,7,0,9,255,4,10,255,255,5,8,36,0,255,3,0,255,0,0,10,0,0,0,0
0,0,0,11,255,128,12,255,128,7,12,42,0,255,0,11,255,255,12,16,85,12,255,4,0,255,255,0,21,0,0,0,0,0,0,0,0,0,0,0,0,0,0,0,0,0,0,0,0,0,0,0,0,0,0,0,0,0,0,0,0,0,0,8,18,0,6,255,4,8,128,64,0,26,0,0,255,0,12,255,128,0,13,0,0,255,0,0,0,0,0,0,0,0,0,0,0,0,0,0,0,0,0,0,0,0,0,0,0,0,0,0,0,0,0,0,0,0,0,0,0,0,0,0,0,0,8,21,46,3,255,5,4,255,64,0,15,36,0,255,0,0,255,0,0,9,36,8,255,4,0,255,128,7,12,42,0,255,4,13,255,128,0,26,0,0,0,0,0,255,0,7,12,0,0,255,0,0,0,0,0,0,0,0,0,0,0,0,0,11,24,39,3,255,4,3,255,64,5,9,28,0,255,0,0,255,0,7,13,36,9,255,4,0,255,128,8,14,42,0,255,13,6,255,128,9,15,64,0,0,0,0,255,0,0,0,0,13,255,4,16,255,153,3,11,30,4,255,3,4,255,64,6,10,32,5,255,0,0,255,85,5,9,36,0,128,0,0,255,0,0,18,64,10,255,4,4,255,0,0,28,0,0,255,0,0,0,0,0,0,0,12,255,4,3,170,128,4,19,26,0,0,0,7,255,255,0,7,0,9,255,4,10,255,255,5,8,36,0,255,3,0,255,0,0,10,0,0,0,0
0,0,0,11,255,128,12,255,128,7,12,42,0,255,0,11,255,255,12,16,85,12,255,4,0,255,0,0,21,0,0,0,0,0,0,0,0,0,0,0,0,0,0,0,0,0,0,0,0,0,0,0,0,0,0,0,0,0,0,0,0,0,0,8,18,0,6,255,4,8,128,64,0,26,0,0,255,0,12,255,128,0,13,0,0,255,0,0,0,0,0,0,0,0,0,0,0,0,0,0,0,0,0,0,0,0,0,0,0,0,0,0,0,0,0,0,0,0,0,0,0,0,0,0,0,0,8,21,46,3,255,5,4,255,64,0,15,36,0,255,0,0,255,0,0,9,36,8,255,4,0,255,128,7,12,42,0,255,4,13,255,128,0,26,0,0,0,0,0,255,0,7,12,0,0,255,0,0,0,0,0,0,0,0,0,0,0,0,0,7,24,39,3,255,2,3,255,64,5,9,28,0,255,0,0,255,0,7,13,36,9,255,4,0,255,128,8,14,42,0,255,13,6,255,128,9,15,64,0,0,0,0,255,0,0,0,0,13,255,4,16,255,153,3,11,30,4,255,3,4,128,64,6,10,32,5,255,0,0,255,85,5,9,36,0,255,0,0,255,0,0,18,64,10,255,4,4,255,0,16,28,0,0,255,0,0,0,0,0,0,0,12,255,4,3,170,128,4,19,26,0,0,0,7,255,255,0,7,0,9,255,4,10,255,255,5,8,36,0,255,3,0,255,0,0,10,0,0,0,0
0,0,0,11,255,128,12,255,128,7,12,42,0,255,0,11,255,255,12,16,85,12,255,4,0,255,255,0,21,0,0,0,0,0,0,0,0,0,0,0,0,0,0,0,0,0,0,0,0,0,0,0,0,0,0,0,0,0,0,0,0,0,0,8,18,64,6,255,4,8,128,64,0,26,0,0,255,0,12,255,128,0,13,0,0,255,0,0,0,0,0,0,0,0,0,0,0,0,0,0,0,0,0,0,0,0,0,0,0,0,0,0,0,0,0,0,0,0,0,0,0,0,0,0,0,0,8,21,46,3,255,5,4,255,64,0,15,36,0,255,0,0,255,0,0,9,36,8,255,4,0,255,128,7,12,42,0,255,4,13,255,128,14,26,0,0,0,0,7,255,0,7,12,0,0,255,0,0,0,0,0,0,0,0,0,0,0,0,0,11,24,39,3,255,2,3,255,64,5,9,28,0,255,0,0,255,0,7,13,36,9,255,4,0,255,128,8,14,42,0,255,13,6,255,128,9,15,64,0,0,0,0,255,0,0,0,0,13,255,4,16,255,153,3,11,30,4,255,3,4,128,64,6,10,32,5,255,0,0,255,85,5,9,36,0,128,0,0,255,0,0,18,64,10,255,4,4,255,0,16,28,0,0,255,0,0,0,0,0,0,0,12,255,4,3,170,128,4,19,26,0,0,0,7,255,255,0,7,0,9,255,4,10,255,255,5,8,36,0,255,3,0,255,0,0,10,0,0,0,0
0,0,0,11,255,128,12,255,128,7,12,42,0,255,0,11,255,255,12,16,85,12,255,4,0,255,0,0,21,0,0,0,0,0,0,0,0,0,0,0,0,0,0,0,0,0,0,0,0,0,0,0,0,0,0,0,0,0,0,0,0,0,0,8,18,64,6,255,4,8,128,64,0,26,0,0,255,0,12,255,128,0,13,0,0,255,0,0,0,0,0,0,0,0,0,0,0,0,0,0,0,0,0,0,0,0,0,0,0,0,0,0,0,0,0,0,0,0,0,0,0,0,0,0,0,0,8,21,46,3,255,5,4,255,64,0,15,36,0,255,0,0,255,0,0,9,36,8,255,4,0,255,128,7,12,42,0,255,4,13,255,128,0,26,0,0,0,0,0,255,0,7,12,0,0,255,0,0,0,0,0,0,0,0,0,0,0,0,0,11,24,39,3,255,2,3,255,64,5,9,28,0,255,0,0,255,0,7,13,36,9,255,4,0,255,128,8,14,42,0,255,13,6,255,128,9,15,64,0,0,0,0,255,0,0,0,0,13,255,4,16,255,153,3,11,30,4,255,3,4,128,64,6,10,32,5,255,0,0,255,85,5,9,36,0,128,0,0,255,0,0,18,64,10,255,4,4,255,0,16,28,0,0,255,0,0,0,0,0,0,0,12,255,4,3,170,128,4,19,26,0,0,0,7,255,255,0,7,0,9,255,4,10,255,255,5,8,36,0,255,3,0,255,0,0,10,0,0,0,0
0,0,0,11,255,128,12,255,128,7,12,42,0,255,0,11,255,255,12,16,85,12,255,4,0,255,255,0,21,0,0,0,0,0,0,0,0,0,0,0,0,0,0,0,0,0,0,0,0,0,0,0,0,0,0,0,0,0,0,0,0,0,0,8,18,64,6,170,4,8,128,64,0,26,0,0,255,0,12,255,128,0,13,0,0,255,0,0,0,0,0,0,0,0,0,0,0,0,0,0,0,0,0,0,0,0,0,0,0,0,0,0,0,0,0,0,0,0,0,0,0,0,0,0,0,0,8,21,70,3,255,5,4,255,64,0,15,36,0,255,0,0,255,0,5,9,36,8,255,4,0,255,128,7,12,42,0,255,4,13,255,128,14,26,0,0,0,0,7,255,0,7,12,0,0,255,0,0,0,0,0,0,0,0,0,0,0,0,0,11,24,39,3,255,2,3,255,64,5,9,28,0,255,0,0,255,0,7,13,36,9,255,4,0,255,128,8,14,42,0,255,13,6,255,128,9,15,64,0,0,0,0,255,0,0,0,0,13,255,4,16,255,153,3,11,30,4,255,3,4,128,64,6,10,32,5,255,0,0,255,85,5,9,36,0,128,0,0,255,0,0,18,64,10,255,4,4,255,0,16,28,0,0,255,0,0,0,0,0,0,0,12,255,4,3,170,128,4,19,26,0,0,0,7,255,255,0,7,0,9,255,4,10,255,255,5,8,36,4,255,3,0,255,0,0,10,0,0,0,0
0,0,0,11,255,128,12,255,128,7,12,42,0,255,0,11,255,255,12,16,85,12,255,4,0,255,255,0,21,0,0,0,0,0,0,0,0,0,0,0,0,0,0,0,0,0,0,0,0,0,0,0,0,0,0,0,0,0,0,0,0,0,0,8,18,0,6,170,4,8,128,64,0,26,0,0,255,0,12,255,128,0,13,0,0,255,0,0,0,0,0,0,0,0,0,0,0,0,0,0,0,0,0,0,0,0,0,0,0,0,0,0,0,0,0,0,0,0,0,0,0,0,0,0,0,0,8,21,46,3,255,5,4,255,64,0,15,36,0,255,0,0,255,0,5,9,36,8,255,4,0,255,128,7,12,42,0,255,4,13,255,128,0,26,0,0,0,0,0,255,255,7,12,0,0,255,0,0,0,0,0,0,0,0,0,0,0,0,0,11,24,39,3,255,2,3,255,64,5,9,28,0,255,0,0,255,0,7,13,36,9,255,4,0,255,128,8,14,42,0,255,13,6,255,128,9,15,64,0,0,0,0,255,0,0,0,0,13,255,4,16,255,153,3,11,30,4,255,3,4,128,64,6,10,32,5,255,0,0,255,85,5,9,36,0,128,0,0,255,0,0,18,64,10,255,4,4,255,0,16,28,0,0,255,0,0,0,0,0,0,0,12,255,4,3,170,128,4,19,26,0,0,0,7,255,255,0,7,0,9,255,4,10,255,255,5,8,36,4,255,3,0,255,0,0,10,0,0,0,0
0,0,0,11,255,128,12,255,128,7,12,42,0,255,0,11,255,255,12,16,85,12,255,4,13,255,255,0,21,0,0,0,0,0,0,0,0,0,0,0,0,0,0,0,0,0,0,0,0,0,0,0,0,0,0,0,0,0,0,0,0,0,0,8,18,64,6,255,8,8,128,64,0,26,0,0,255,0,12,255,128,0,13,0,0,255,0,0,0,0,0,0,0,0,0,0,0,0,0,0,0,0,0,0,0,0,0,0,0,0,0,0,0,0,0,0,0,0,0,0,0,0,0,0,0,0,8,21,70,3,255,5,4,255,64,0,15,36,0,255,0,0,255,0,5,9,36,8,255,4,0,255,128,7,12,42,0,255,4,13,255,128,14,26,0,0,0,0,7,255,0,7,12,0,0,255,0,0,0,0,0,0,0,0,0,0,0,0,0,11,24,39,3,255,2,3,255,64,5,9,28,0,255,0,0,255,0,7,13,36,9,255,4,7,255,128,8,14,42,0,255,13,6,255,128,9,15,64,0,0,0,0,255,0,0,0,0,13,255,4,16,255,153,3,11,30,4,255,3,4,128,64,6,10,32,5,255,0,0,255,85,5,9,36,0,128,0,0,255,0,0,18,64,10,255,4,4,255,0,16,28,0,0,255,0,0,0,0,0,0,0,12,255,4,3,170,128,4,19,26,0,0,0,7,255,255,0,7,0,9,255,4,10,255,255,5,8,36,4,255,3,0,255,0,0,10,0,0,0,0
0,0,0,11,255,128,12,255,128,7,12,42,0,255,0,11,255,255,12,16,85,12,255,4,13,255,0,0,21,0,0,0,0,0,0,0,0,0,0,0,0,0,0,0,0,0,0,0,0,0,0,0,0,0,0,0,0,0,0,0,0,0,0,8,18,64,6,170,8,8,128,64,0,26,0,0,255,0,12,255,128,0,13,0,0,255,0,0,0,0,0,0,0,0,0,0,0,0,0,0,0,0,0,0,0,0,0,0,0,0,0,0,0,0,0,0,0,0,0,0,0,0,0,0,0,0,8,21,70,3,255,5,4,255,64,0,15,36,0,255,0,0,255,0,5,9,36,8,255,4,0,255,128,7,12,42,0,255,4,13,255,128,14,26,0,0,0,0,7,255,0,7,12,0,0,255,0,0,0,0,0,0,0,0,0,0,0,0,0,11,24,39,3,255,2,3,255,64,5,9,28,0,255,0,0,255,0,7,13,36,9,255,4,7,255,128,8,14,42,0,255,13,6,255,128,9,15,64,0,0,0,0,255,0,0,0,0,13,255,4,16,255,153,3,11,30,4,255,3,4,128,64,6,10,32,5,255,0,0,255,85,5,9,36,0,128,0,0,255,0,0,18,64,10,255,4,4,255,0,16,28,0,0,255,0,0,0,0,0,0,0,12,255,4,3,170,128,4,19,26,0,0,0,7,255,255,0,7,0,9,255,4,10,255,255,5,8,36,4,255,3,0,255,0,0,10,0,0,0,0
0,0,0,11,255,128,12,255,128,7,12,42,0,255,0,11,255,255,12,16,85,12,255,4,13,255,255,0,21,0,0,0,0,0,0,0,0,0,0,0,0,0,0,0,0,0,0,0,0,0,0,0,0,0,0,0,0,0,0,0,0,0,0,8,18,64,6,170,8,8,128,64,0,26,0,0,255,0,12,255,128,0,13,0,0,255,0,0,0,0,0,0,0,0,0,0,0,0,0,0,0,0,0,0,0,0,0,0,0,0,0,0,0,0,0,0,0,0,0,0,0,0,0,0,0,0,8,21,70,3,255,5,4,255,64,0,15,36,0,255,0,0,255,0,5,9,36,8,255,4,0,255,128,7,12,42,0,255,4,13,255,128,14,26,0,0,0,0,7,255,0,7,12,0,0,255,0,0,0,0,0,0,0,0,0,0,0,0,0,11,24,39,3,255,2,3,255,64,5,9,28,0,255,0,0,255,0,7,13,36,9,255,4,7,255,128,8,14,42,0,255,13,6,255,128,9,15,64,0,0,0,0,255,0,0,0,0,13,255,4,16,255,153,3,11,30,4,255,3,4,128,64,6,10,32,5,255,0,0,255,85,5,9,36,0,128,0,0,255,0,0,18,64,10,255,4,4,255,0,16,28,0,0,255,0,0,0,0,0,0,0,12,255,4,3,170,128,4,19,26,0,0,0,7,255,255,0,7,0,9,255,4,10,255,255,5,8,36,4,255,3,0,255,0,0,10,0,0,0,0
0,0,0,11,255,128,12,255,128,7,12,42,0,255,0,11,255,255,12,16,85,12,255,4,13,255,0,0,21,0,0,0,0,0,0,0,0,0,0,0,0,0,0,0,0,0,0,0,0,0,0,0,0,0,0,0,0,0,0,0,0,0,0,8,18,64,6,170,8,8,128,64,0,26,0,0,255,0,12,255,128,0,13,0,0,255,0,0,0,0,0,0,0,0,0,0,0,0,0,0,0,0,0,0,0,0,0,0,0,0,0,0,0,0,0,0,0,0,0,0,0,0,0,0,0,0,8,21,70,3,255,5,4,255,64,0,15,36,0,255,0,0,255,0,5,9,36,8,255,4,0,255,128,7,12,42,0,255,4,13,255,128,14,26,0,0,0,0,7,255,0,7,12,0,0,255,0,0,0,0,0,0,0,0,0,0,0,0,0,11,24,39,3,255,2,3,255,64,5,9,28,0,255,0,0,255,0,7,13,36,9,255,4,7,255,128,8,14,42,0,255,13,6,255,128,9,15,64,0,0,0,0,255,0,0,0,0,10,255,4,16,255,153,3,11,30,4,255,3,4,128,64,6,10,32,5,255,0,0,255,85,5,9,36,0,128,0,0,255,0,0,18,64,10,255,4,4,255,0,16,28,0,0,255,0,0,0,0,0,0,0,12,255,4,3,170,128,4,19,26,0,0,0,7,255,255,0,7,0,9,255,4,10,255,255,5,8,36,4,255,3,0,255,0,0,10,0,0,0,0
0,0,0,11,255,128,12,255,128,7,12,42,0,255,0,11,255,255,12,16,85,12,255,4,13,255,0,0,21,0,0,0,0,0,0,0,0,0,0,0,0,0,0,0,0,0,0,0,0,0,0,0,0,0,0,0,0,0,0,0,0,0,0,8,18,64,6,255,8,8,128,64,0,26,0,0,255,0,12,255,128,0,13,0,0,255,0,0,0,0,0,0,0,0,0,0,0,0,0,0,0,0,0,0,0,0,0,0,0,0,0,0,0,0,0,0,0,0,0,0,0,0,0,0,0,0,8,21,70,3,255,5,4,255,64,0,15,36,0,255,0,0,255,0,5,9,36,8,255,4,0,255,128,7,12,42,7,255,4,13,255,128,14,26,0,0,0,0,7,255,0,7,12,0,0,255,0,0,0,0,0,0,0,0,0,0,0,0,0,11,24,39,6,255,2,3,255,64,5,9,28,0,255,0,0,255,0,7,13,36,9,255,4,7,255,128,8,14,42,0,255,13,6,255,128,9,15,64,0,0,0,0,255,0,0,0,0,13,255,4,16,255,153,3,11,30,4,255,3,4,128,64,6,10,32,5,255,0,0,255,85,5,9,36,0,128,0,0,255,0,0,18,64,10,255,4,4,255,0,16,28,0,0,255,0,0,0,0,0,0,0,12,255,4,3,170,128,9,19,26,0,0,0,7,255,255,0,7,0,9,255,4,10,255,255,5,8,36,4,255,3,0,255,0,0,10,64,0,0,0
0,0,0,11,255,128,12,255,128,7,12,42,0,255,0,11,255,255,12,16,85,12,255,4,13,255,0,0,21,0,0,0,0,0,0,0,0,0,0,0,0,0,0,0,0,0,0,0,0,0,0,0,0,0,0,0,0,0,0,0,0,0,0,8,18,64,6,170,8,8,128,64,0,26,0,0,255,0,12,255,128,0,13,0,0,255,0,0,0,0,0,0,0,0,0,0,0,0,0,0,0,0,0,0,0,0,0,0,0,0,0,0,0,0,0,0,0,0,0,0,0,0,0,0,0,0,8,21,70,3,255,5,4,255,64,0,15,36,0,255,0,0,255,0,5,9,36,8,255,4,0,255,128,7,12,42,0,255,4,13,255,0,14,26,0,0,0,0,7,255,0,7,12,0,0,255,0,0,0,0,0,0,0,0,0,0,0,0,0,11,24,39,3,255,2,3,255,64,5,9,28,0,255,0,0,255,0,7,13,36,9,255,4,7,255,128,8,14,42,0,255,13,6,255,128,9,15,64,0,0,0,0,255,0,0,0,0,13,255,4,16,255,153,3,11,30,4,255,3,4,128,64,6,10,32,5,255,0,0,255,85,5,9,36,0,128,0,0,255,0,0,18,64,10,255,4,4,255,0,16,28,0,0,255,0,0,0,0,0,0,0,12,255,4,3,170,128,9,19,26,0,0,0,7,255,255,0,7,0,9,255,4,10,255,255,5,8,36,4,255,3,0,255,0,0,10,0,0,0,0
0,0,0,11,255,128,12,255,128,7,12,42,9,255,0,11,255,255,12,16,85,12,255,4,13,255,0,0,21,0,0,0,0,0,0,0,0,0,0,0,0,0,0,0,0,0,0,0,0,0,0,0,0,0,0,0,0,0,0,0,0,0,0,8,18,64,6,170,8,8,128,64,0,26,0,0,255,0,12,255,128,0,13,0,0,255,0,0,0,0,0,0,0,0,0,0,0,0,0,0,0,0,0,0,0,0,0,0,0,0,0,0,0,0,0,0,0,0,0,0,0,0,0,0,0,0,8,21,70,3,255,5,4,255,64,0,15,36,0,255,0,0,255,0,5,9,36,8,255,4,0,255,128,7,12,42,7,255,4,13,255,128,14,26,0,0,0,0,7,255,0,7,12,0,0,255,0,0,0,0,0,0,0,0,0,0,0,0,0,11,24,39,6,255,2,3,255,64,5,9,28,0,255,0,0,255,0,7,13,36,9,255,4,7,255,128,8,14,42,0,255,13,6,255,128,9,15,64,0,0,0,0,0,0,0,0,0,13,255,4,16,255,153,3,11,30,4,255,3,4,128,64,6,10,32,5,255,0,0,255,85,5,9,36,0,128,0,0,255,0,0,18,64,10,255,4,4,255,0,16,28,0,0,255,0,0,0,0,0,0,0,12,255,4,6,170,128,9,19,26,0,0,0,7,255,255,0,7,0,9,255,4,10,255,255,5,8,36,4,255,3,0,255,0,0,10,0,0,0,0
0,0,0,11,255,128,12,255,128,7,12,42,9,255,0,11,255,255,12,16,85,12,255,4,13,255,0,0,21,0,0,0,0,0,0,0,0,0,0,0,0,0,0,0,0,0,0,0,0,0,0,0,0,0,0,0,0,0,0,0,0,0,0,8,18,64,6,170,8,8,128,64,0,26,0,0,255,0,12,255,128,0,13,0,0,255,0,0,0,0,0,0,0,0,0,0,0,0,0,0,0,0,0,0,0,0,0,0,0,0,0,0,0,0,0,0,0,0,0,0,0,0,0,0,0,0,8,21,70,3,255,5,4,255,64,0,15,36,0,255,0,0,255,0,5,9,36,8,255,4,0,255,128,7,12,42,7,255,4,13,255,0,14,26,0,0,0,0,7,255,0,7,12,0,0,255,0,0,0,0,0,0,0,0,0,0,0,0,0,11,24,39,6,255,2,3,255,64,5,9,28,0,255,0,0,255,0,7,13,36,9,255,4,7,255,128,8,14,42,0,255,13,6,255,128,9,15,64,0,0,0,0,255,0,0,0,0,13,255,4,16,255,153,3,11,30,4,255,3,4,128,64,6,10,32,5,255,0,0,255,85,5,9,36,0,128,0,0,255,0,0,18,64,10,255,4,4,255,0,16,28,0,0,255,0,0,0,0,0,0,0,12,255,4,6,170,128,9,19,26,0,0,0,7,255,255,0,7,0,9,255,4,10,255,255,5,8,36,4,255,3,5,255,0,0,10,0,0,0,0
0,0,0,11,255,128,12,255,128,7,12,42,9,255,4,11,255,255,12,16,85,12,255,4,13,255,0,0,21,0,0,0,0,0,0,0,0,0,0,0,0,0,0,0,0,0,0,0,0,0,0,0,0,0,0,0,0,0,0,0,0,0,0,8,18,64,6,170,8,8,128,64,8,26,0,0,255,0,12,255,128,0,13,0,0,255,0,0,0,0,0,0,0,0,0,0,0,0,0,0,0,0,0,0,0,0,0,0,0,0,0,0,0,0,0,0,0,0,0,0,0,0,0,0,0,0,8,21,70,3,255,5,4,255,64,5,15,36,0,255,0,0,255,0,5,9,36,8,255,4,0,255,128,7,12,42,7,255,4,13,255,128,14,26,0,0,0,0,7,255,0,7,12,0,0,255,0,0,0,0,0,0,0,0,0,0,0,0,0,11,24,39,3,255,2,3,255,64,5,9,28,0,255,0,0,255,0,7,13,36,9,255,4,7,255,128,8,14,42,0,255,13,6,255,128,9,15,64,0,0,0,0,0,0,0,0,0,13,255,4,22,255,153,6,11,30,4,255,3,4,128,64,6,10,32,5,255,0,0,255,85,5,9,36,0,128,0,0,255,0,0,18,64,10,255,4,4,255,0,16,28,0,0,255,0,0,0,0,0,0,0,16,255,4,6,170,128,9,19,26,0,0,0,7,255,255,0,7,0,9,255,4,10,255,255,5,8,36,4,255,3,5,255,0,0,10,0,0,0,0
0,0,0,11,255,128,12,255,128,7,12,42,9,255,4,11,255,255,12,16,85,12,255,4,13,255,0,0,21,0,0,0,0,0,0,0,0,0,0,0,0,0,0,0,0,0,0,0,0,0,0,0,0,0,0,0,0,0,0,0,0,0,0,8,18,64,6,170,8,8,128,64,8,26,0,0,255,0,12,255,128,0,13,0,0,255,0,0,0,0,0,0,0,0,0,0,0,0,0,0,0,0,0,0,0,0,0,0,0,0,0,0,0,0,0,0,0,0,0,0,0,0,0,0,0,0,8,21,70,3,255,5,4,128,64,0,15,36,0,255,0,0,255,0,5,9,36,8,255,4,0,255,128,7,12,42,7,255,4,13,255,0,14,26,0,0,0,0,7,255,0,7,12,0,0,255,0,0,0,0,0,0,0,0,0,0,0,0,0,11,24,39,3,255,2,3,255,64,5,9,28,0,255,0,0,255,0,7,13,36,9,255,4,7,255,128,8,14,42,0,255,13,6,255,128,9,15,64,0,0,0,0,0,0,0,0,0,13,255,4,22,255,153,3,11,30,4,255,3,4,128,64,6,10,32,5,255,0,0,255,85,5,9,36,0,128,0,0,255,0,0,18,64,10,255,4,4,255,0,16,28,0,0,255,0,0,0,0,0,0,0,16,255,4,6,170,128,9,19,26,0,0,0,7,255,255,0,7,0,9,255,4,10,255,255,5,8,36,4,255,3,5,255,0,0,10,0,0,0,0
0,0,0,11,255,128,12,255,128,7,12,42,9,255,4,11,255,255,12,16,85,12,255,4,13,255,0,0,21,0,0,0,0,0,0,0,0,0,0,0,0,0,0,0,0,0,0,0,0,0,0,0,0,0,0,0,0,0,0,0,0,0,0,8,18,64,6,170,8,8,128,64,8,26,0,0,255,0,12,255,128,0,13,0,0,255,0,0,0,0,0,0,0,0,0,0,0,0,0,0,0,0,0,0,0,0,0,0,0,0,0,0,0,0,0,0,0,0,0,0,0,0,0,0,0,0,8,21,46,3,255,5,4,255,64,5,15,36,0,255,0,0,255,0,5,9,36,8,255,4,0,255,128,7,12,42,7,255,4,13,255,128,14,26,0,0,0,0,7,255,0,7,12,0,0,255,0,0,0,0,0,0,0,0,0,0,0,0,0,11,24,39,6,255,2,3,255,64,5,9,28,0,255,0,0,255,0,7,13,36,9,255,4,7,255,128,8,14,42,0,255,13,6,255,128,9,15,64,0,0,0,0,0,0,0,0,0,13,255,4,22,255,153,6,11,30,4,255,3,4,128,64,6,10,32,5,255,0,0,255,85,5,9,36,0,128,0,0,255,0,0,18,64,10,255,4,4,255,0,16,28,0,0,255,0,0,0,0,0,0,0,16,255,6,6,170,128,9,19,26,0,0,0,7,255,255,0,7,0,9,255,4,10,255,255,5,8,36,4,255,3,5,255,0,0,10,0,0,0,0
0,0,0,11,255,128,12,255,128,7,12,42,9,255,0,11,255,255,12,16,85,12,255,4,13,255,0,0,21,0,0,0,0,0,0,0,0,0,0,0,0,0,0,0,0,0,0,0,0,0,0,0,0,0,0,0,0,0,0,0,0,0,0,8,18,64,6,170,8,8,128,64,8,26,0,0,255,0,12,255,128,0,13,0,0,255,0,0,0,0,0,0,0,0,0,0,0,0,0,0,0,0,0,0,0,0,0,0,0,0,0,0,0,0,0,0,0,0,0,0,0,0,0,0,0,0,8,21,70,3,255,5,4,255,64,0,15,36,0,255,0,0,255,0,5,9,36,8,255,4,0,255,128,7,12,42,7,255,4,13,255,128,14,26,0,0,0,0,7,255,0,7,12,0,0,255,0,0,0,0,0,0,0,0,0,0,0,0,0,11,24,39,3,255,2,3,255,64,5,9,28,0,255,0,0,255,0,7,13,36,9,255,4,7,255,128,8,14,42,0,255,13,6,255,128,9,15,64,0,0,0,0,0,0,0,0,0,13,255,4,16,255,153,6,11,30,4,255,3,4,128,64,6,10,32,5,255,0,0,255,85,5,9,36,0,128,0,0,255,0,0,18,64,10,255,4,4,255,0,16,28,0,0,255,0,0,0,0,0,0,0,16,255,4,6,170,128,9,19,26,0,0,0,7,255,255,0,7,0,9,255,4,10,255,255,5,8,36,4,255,3,5,255,0,0,10,0,0,0,0
0,0,0,11,255,128,12,255,128,7,12,42,9,255,0,11,255,255,12,16,85,12,255,4,13,255,0,0,21,0,0,0,0,0,0,0,0,0,0,0,0,0,0,0,0,0,0,0,0,0,0,0,0,0,0,0,0,0,0,0,0,0,0,8,18,64,6,170,8,8,128,64,8,26,0,0,255,0,12,255,128,0,13,0,0,255,0,0,0,0,0,0,0,0,0,0,0,0,0,0,0,0,0,0,0,0,0,0,0,0,0,0,0,0,0,0,0,0,0,0,0,0,0,0,0,0,8,21,70,3,255,5,4,255,64,0,15,36,0,255,0,0,255,0,5,9,36,8,255,4,0,255,128,7,12,42,7,255,4,13,255,128,14,26,0,0,0,0,7,255,0,7,12,0,7,255,0,0,0,0,0,0,0,0,0,0,0,0,0,11,24,39,6,255,2,3,255,64,5,9,28,0,255,0,0,255,0,7,13,36,9,255,4,7,255,128,8,14,42,0,255,13,6,255,128,9,15,64,0,0,0,0,0,0,0,0,0,13,255,4,22,255,153,6,11,30,4,255,3,4,128,64,6,10,32,5,255,0,0,255,85,5,9,36,0,128,0,0,255,0,0,18,64,10,255,4,4,255,0,16,28,0,0,255,0,0,0,0,0,0,0,16,255,4,6,170,128,9,19,26,0,0,0,7,255,255,0,7,0,9,255,4,10,255,255,5,8,36,4,255,3,5,255,0,0,10,0,0,0,0
0,0,0,11,255,128,12,255,128,7,12,42,9,255,0,11,255,255,12,16,85,12,255,4,13,255,0,0,21,0,0,0,0,0,0,0,0,0,0,0,0,0,0,0,0,0,0,0,0,0,0,0,0,0,0,0,0,0,0,0,0,0,0,8,18,64,6,170,8,8,128,64,8,26,0,0,255,0,12,255,128,0,13,0,0,255,0,0,0,0,0,0,0,0,0,0,0,0,0,0,0,0,0,0,0,0,0,0,0,0,0,0,0,0,0,0,0,0,0,0,0,0,0,0,0,0,8,21,70,3,255,5,4,255,64,0,15,36,0,255,0,0,255,0,5,9,36,8,255,4,0,255,128,7,12,42,7,255,4,13,255,128,14,26,0,0,0,0,7,255,0,7,12,0,0,255,0,0,0,0,0,0,0,0,0,0,0,0,0,11,24,39,6,255,2,3,255,64,5,9,28,0,255,0,0,255,0,7,13,36,9,255,4,7,255,128,8,14,42,0,255,13,6,255,128,9,15,64,0,0,0,0,0,0,0,0,0,13,255,4,22,255,153,6,11,30,4,255,3,4,128,64,6,10,32,5,255,0,0,255,85,5,9,36,0,128,0,0,255,0,0,18,64,10,255,4,4,255,0,16,28,0,0,0,0,0,0,0,0,0,0,16,255,4,6,170,128,9,19,26,0,0,0,7,255,255,0,7,0,9,255,4,10,255,255,5,8,36,4,255,3,0,255,0,0,10,0,0,0,0
0,0,0,11,255,128,12,255,128,7,12,42,9,255,0,11,255,255,12,16,85,12,255,4,13,255,255,0,21,0,0,0,0,0,0,0,0,0,0,0,0,0,0,0,0,0,0,0,0,0,0,0,0,0,0,0,0,0,0,0,0,0,0,8,18,64,6,170,8,8,128,64,8,26,0,0,255,0,12,255,128,0,13,0,0,255,0,0,0,0,0,0,0,0,0,0,0,0,0,0,0,0,0,0,0,0,0,0,0,0,0,0,0,0,0,0,0,0,0,0,0,0,0,0,0,0,8,21,70,3,255,5,4,255,64,5,15,36,0,255,0,0,255,0,5,9,36,8,255,4,0,255,128,7,12,42,7,255,4,13,255,128,14,26,0,0,0,0,7,255,0,7,12,0,7,255,0,0,0,0,0,0,0,0,0,0,0,0,0,11,24,39,6,255,2,3,255,64,5,9,28,0,255,0,0,255,0,7,13,36,9,255,4,7,255,128,8,14,42,0,255,13,6,255,128,9,15,64,0,0,0,0,0,0,0,0,0,13,255,4,22,255,153,6,11,30,8,255,3,4,128,64,6,10,32,5,255,0,0,255,85,5,9,36,0,128,0,0,255,0,0,18,64,10,255,4,4,255,0,16,28,0,0,255,0,0,0,0,0,0,0,16,255,6,6,170,128,9,19,26,0,0,0,7,255,255,0,7,0,9,255,4,10,255,255,5,8,36,4,255,3,5,255,0,0,10,0,0,0,0
0,0,0,11,255,128,12,255,128,7,12,42,9,255,0,11,255,255,12,16,85,12,255,4,13,255,255,0,21,0,0,0,0,0,0,0,0,0,0,0,0,0,0,0,0,0,0,0,0,0,0,0,0,0,0,0,0,0,0,0,0,0,0,8,18,64,6,170,8,8,128,64,8,26,0,0,255,0,12,255,128,0,13,0,0,255,0,0,0,0,0,0,0,0,0,0,0,0,0,0,0,0,0,0,0,0,0,0,0,0,0,0,0,0,0,0,0,0,0,0,0,0,0,0,0,0,8,21,70,3,255,5,4,255,64,5,15,36,0,255,0,0,255,0,5,9,36,8,255,4,0,255,128,7,12,42,7,255,4,13,255,128,14,26,0,0,0,0,7,255,0,7,12,0,7,255,0,0,0,0,0,0,0,0,0,0,0,0,0,11,24,39,6,255,2,3,255,64,5,9,28,0,255,0,0,255,0,7,13,36,9,255,4,7,255,128,8,14,42,0,255,13,6,255,128,9,15,64,0,0,0,0,0,0,0,0,0,13,255,4,22,255,153,6,11,30,4,255,3,4,128,64,6,10,32,5,255,0,0,255,85,5,9,36,0,128,0,0,255,0,0,18,64,10,255,4,4,255,0,16,28,0,0,0,0,0,0,0,0,0,0,16,255,4,6,170,128,9,19,26,0,0,0,7,255,255,0,7,0,9,255,4,10,255,255,5,8,36,4,255,3,0,255,0,0,10,0,0,0,0
0,0,0,11,255,128,12,255,128,7,12,42,9,255,0,11,255,255,12,16,85,12,255,4,13,255,255,0,21,0,0,0,0,0,0,0,0,0,0,0,0,0,0,0,0,0,0,0,0,0,0,0,0,0,0,0,0,0,0,0,0,0,0,8,18,64,6,170,8,8,128,64,8,26,0,0,255,0,12,255,128,0,13,0,0,255,0,0,0,0,0,0,0,0,0,0,0,0,0,0,0,0,0,0,0,0,0,0,0,0,0,0,0,0,0,0,0,0,0,0,0,0,0,0,0,0,13,21,70,3,255,5,4,255,64,5,15,36,0,255,0,0,255,0,5,9,36,8,255,4,0,255,128,7,12,42,7,255,4,13,255,128,14,26,0,0,0,0,7,255,0,7,12,0,7,255,0,0,0,0,0,0,0,0,0,0,0,0,0,11,24,39,6,255,2,3,255,64,5,9,28,0,255,0,0,255,0,7,13,36,9,255,4,7,255,128,8,14,42,0,255,13,6,255,128,9,15,64,0,0,0,0,0,0,0,0,0,13,255,4,22,255,153,6,11,30,8,255,3,4,128,64,6,10,32,5,255,0,0,255,85,5,9,36,0,128,0,0,255,0,0,18,64,10,255,4,4,255,0,16,28,0,0,0,0,0,0,0,0,0,0,16,255,6,6,170,128,9,19,26,0,0,0,7,255,255,0,7,0,9,255,4,10,255,255,5,8,36,4,255,3,5,255,0,0,10,0,0,0,0
0,0,0,11,255,128,12,255,128,7,12,42,9,255,0,11,255,255,12,16,85,12,255,4,13,255,255,0,0,0,0,0,0,0,0,0,0,0,0,0,0,0,0,0,0,0,0,0,0,0,0,0,0,0,0,0,0,0,0,0,0,0,0,8,18,64,6,170,8,8,128,64,8,26,0,0,255,0,12,255,128,0,13,0,0,255,0,0,0,0,0,0,0,0,0,0,0,0,0,0,0,0,0,0,0,0,0,0,0,0,0,0,0,0,0,0,0,0,0,0,0,0,0,0,0,0,8,21,70,3,255,5,4,255,64,5,15,36,0,255,0,0,255,0,5,9,36,8,255,4,0,255,128,7,12,42,7,255,4,13,255,128,14,26,0,0,0,0,7,255,0,7,12,0,7,255,0,0,0,0,0,0,0,0,0,0,0,0,0,11,24,39,6,255,2,3,255,64,5,9,28,0,128,0,0,255,0,7,13,36,9,255,4,7,255,128,8,14,42,0,255,13,6,255,128,9,15,64,0,0,0,0,0,0,0,0,0,13,255,4,22,255,153,6,11,30,8,255,3,4,128,64,6,10,32,5,255,0,0,255,85,5,9,36,0,128,0,0,255,0,0,18,64,10,255,4,4,255,0,16,28,0,0,0,0,0,0,0,0,0,0,16,255,4,6,170,128,9,19,26,0,0,0,7,255,255,0,7,0,9,255,4,10,255,255,5,8,36,4,255,3,5,255,0,0,10,0,0,0,0
0,0,0,11,255,128,12,255,128,7,12,42,9,255,0,11,255,255,12,16,85,12,255,4,13,255,255,0,21,0,0,0,0,0,0,0,0,0,0,0,0,0,0,0,0,0,0,0,0,0,0,0,0,0,0,0,0,0,0,0,0,0,0,8,18,64,6,170,8,8,128,64,8,26,0,0,255,0,12,255,128,9,13,0,0,0,0,0,0,0,0,0,0,0,0,0,0,0,0,0,0,0,0,0,0,0,0,0,0,0,0,0,0,0,0,0,0,0,0,0,0,0,0,0,0,0,13,21,70,3,255,5,4,255,64,5,15,36,0,255,0,0,255,0,5,9,36,8,255,4,0,255,128,7,12,42,7,255,4,13,255,128,14,26,0,0,0,0,7,255,0,7,12,0,7,255,0,0,0,0,0,0,0,0,0,0,0,0,0,11,24,39,6,255,4,3,255,64,5,9,28,0,128,0,0,255,0,7,13,36,9,255,4,7,255,128,8,14,42,0,255,13,6,255,128,9,15,64,0,0,0,0,0,0,0,0,0,13,255,4,22,255,153,6,11,30,8,255,3,4,128,64,6,10,32,5,255,0,0,255,85,5,9,36,0,128,0,0,255,0,0,18,64,10,255,4,4,255,0,16,28,0,0,0,0,0,0,0,0,0,0,16,255,4,6,170,128,9,19,26,0,0,0,7,255,255,0,7,0,9,255,4,10,255,255,5,8,36,4,255,3,5,255,0,7,10,0,0,0,0
0,0,0,11,255,128,12,255,128,7,12,42,9,255,0,11,255,255,12,16,85,12,255,4,13,255,0,0,0,0,0,0,0,0,0,0,0,0,0,0,0,0,0,0,0,0,0,0,0,0,0,0,0,0,0,0,0,0,0,0,0,0,0,8,18,0,6,170,8,8,128,64,8,26,0,0,255,0,12,255,128,0,13,0,0,0,0,0,0,0,0,0,0,0,0,0,0,0,0,0,0,0,0,0,0,0,0,0,0,0,0,0,0,0,0,0,0,0,0,0,0,0,0,0,0,0,13,21,70,3,255,5,4,128,64,5,15,36,0,255,0,0,255,0,5,9,36,8,255,4,0,255,128,7,12,42,7,255,4,13,255,0,14,26,0,0,0,0,7,255,0,7,12,0,0,255,0,0,0,0,0,0,0,0,0,0,0,0,0,11,24,39,6,255,2,3,255,64,5,9,28,0,255,0,0,255,0,7,13,36,9,255,4,7,255,128,8,14,42,0,255,13,6,255,128,9,15,64,0,0,0,0,0,0,0,0,0,13,255,4,22,255,153,6,11,30,8,255,3,4,128,64,6,10,32,5,255,0,0,255,85,5,9,36,0,128,0,0,255,0,0,18,64,10,255,4,4,255,0,16,28,0,0,0,0,0,0,0,0,0,0,16,255,4,6,170,128,9,19,26,0,0,0,7,255,255,0,7,0,9,255,4,10,255,255,5,8,36,4,255,3,5,255,0,7,10,0,0,0,0
0,0,0,11,255,128,12,255,128,7,12,42,9,255,0,11,255,255,12,16,85,12,255,4,13,255,0,0,21,0,0,0,0,0,0,0,0,0,0,0,0,0,0,0,0,0,0,0,0,0,0,0,0,0,0,0,0,0,0,0,0,0,0,8,18,64,12,170,8,8,128,64,8,26,0,0,255,0,12,255,128,9,13,0,0,255,0,0,0,0,0,0,0,0,0,0,0,0,0,0,0,0,0,0,0,0,0,0,0,0,0,0,0,0,0,0,0,0,0,0,0,0,0,0,0,0,13,21,70,3,255,5,4,128,64,5,15,36,0,255,0,0,255,0,5,9,36,8,255,4,0,255,128,7,12,42,7,255,4,13,255,128,14,26,0,0,0,0,7,255,0,7,12,0,7,255,0,0,0,0,0,0,0,0,0,0,0,0,0,11,24,39,6,255,4,3,255,64,5,9,28,0,255,0,0,255,0,7,13,36,9,255,4,7,255,128,8,14,42,0,255,13,6,255,128,9,15,64,0,0,0,0,0,0,0,0,0,13,255,4,22,255,153,6,11,30,8,255,3,4,128,64,6,10,32,5,255,0,0,255,85,5,9,36,0,128,0,0,255,0,0,18,64,10,255,4,4,255,0,16,28,0,0,0,0,0,0,0,0,0,0,16,255,6,6,170,128,9,19,26,0,0,0,7,255,255,0,7,0,9,255,4,10,255,255,5,8,36,4,255,3,5,255,0,7,10,0,0,0,0
0,0,0,11,255,128,12,255,128,7,12,42,9,255,0,11,255,255,12,16,85,12,255,4,13,255,0,0,0,0,0,0,0,0,0,0,0,0,0,0,0,0,0,0,0,0,0,0,0,0,0,0,0,0,0,0,0,0,0,0,0,0,0,8,18,64,12,170,8,8,128,64,8,26,0,0,255,0,12,255,128,0,13,0,0,0,0,0,0,0,0,0,0,0,0,0,0,0,0,0,0,0,0,0,0,0,0,0,0,0,0,0,0,0,0,0,0,0,0,0,0,0,0,0,0,0,13,21,70,3,255,5,4,128,64,5,15,36,0,255,0,0,255,0,5,9,36,8,255,4,0,255,128,7,12,42,7,255,4,13,255,128,14,26,0,0,0,0,7,255,0,7,12,0,7,0,0,0,0,0,0,0,0,0,0,0,0,0,0,11,24,39,6,255,2,3,255,64,5,9,28,0,255,0,0,255,0,7,13,36,9,255,4,7,255,128,8,14,42,0,255,13,6,255,128,9,15,64,0,0,0,0,0,0,0,0,0,13,255,4,22,255,153,6,11,30,8,255,3,4,128,64,6,10,32,5,255,0,0,255,85,5,9,36,0,128,0,0,255,0,0,18,64,10,255,4,4,255,0,16,28,0,0,0,0,0,0,0,0,0,0,16,255,6,6,170,128,9,19,26,0,0,0,7,255,255,0,7,0,9,255,4,10,255,255,5,8,36,4,255,3,5,255,0,0,10,0,0,0,0
0,0,0,11,255,128,12,255,128,14,12,42,9,255,0,11,255,255,12,16,85,12,255,4,13,255,0,14,21,0,0,0,0,0,0,0,0,0,0,0,0,0,0,0,0,0,0,0,0,0,0,0,0,0,0,0,0,0,0,0,0,0,0,8,18,64,12,170,8,8,128,64,8,26,0,0,255,0,12,255,128,9,13,0,10,255,0,0,0,0,0,0,0,0,0,0,0,0,0,0,0,0,0,0,0,0,0,0,0,0,0,0,0,0,0,0,0,0,0,0,0,0,0,0,0,0,13,21,70,3,255,5,4,128,64,5,15,36,0,255,0,0,255,0,5,9,36,8,255,4,0,255,128,7,12,42,7,255,4,13,255,128,14,26,0,0,0,0,7,255,0,7,12,0,7,0,0,0,0,0,0,0,0,0,0,0,0,0,0,11,24,39,6,255,2,3,255,64,5,9,28,0,255,0,0,255,0,7,13,36,9,255,4,7,255,128,8,14,42,0,255,13,6,255,128,9,15,64,0,0,0,0,0,0,0,0,0,13,255,4,22,255,153,6,11,30,8,255,3,4,128,64,6,10,32,5,255,0,0,255,85,5,9,36,0,128,0,0,255,0,0,18,64,10,255,4,4,255,0,16,28,0,0,0,0,0,0,0,0,0,0,16,255,6,6,170,128,9,19,26,0,0,0,7,255,255,0,7,0,9,255,4,10,255,255,5,8,36,4,255,3,5,255,0,7,10,0,0,0,0
0,0,0,11,255,128,12,255,128,7,12,42,9,255,0,11,255,255,12,16,85,12,255,4,13,255,0,0,0,0,0,0,0,0,0,0,0,0,0,0,0,0,0,0,0,0,0,0,0,0,0,0,0,0,0,0,0,0,0,0,0,0,0,8,18,64,6,170,8,8,128,64,8,26,0,0,255,0,12,255,128,9,13,0,10,255,0,0,0,0,0,0,0,0,0,0,0,0,0,0,0,0,0,0,0,0,0,0,0,0,0,0,0,0,0,0,0,0,0,0,0,0,0,0,0,0,13,21,70,3,255,5,4,128,64,5,15,36,0,255,0,0,255,0,5,9,36,8,255,4,0,255,128,7,12,42,7,255,4,13,255,128,14,26,0,0,0,0,7,255,0,7,12,0,7,0,0,0,0,0,0,0,0,0,0,0,0,0,0,11,24,39,6,255,2,3,255,64,5,9,28,0,128,0,0,255,0,7,13,36,9,255,4,7,255,128,8,14,42,0,255,13,6,255,128,9,15,64,0,0,0,0,0,0,0,0,0,13,255,4,22,255,153,6,11,30,8,255,3,4,128,64,6,10,32,5,255,0,0,255,85,5,9,36,0,128,0,0,255,0,0,18,64,10,255,4,4,255,0,16,28,0,0,0,0,0,0,0,0,0,0,16,255,4,6,170,128,9,19,26,0,0,0,7,255,255,0,7,0,9,255,4,10,255,255,5,8,36,4,255,0,5,255,0,7,10,0,0,0,0
0,0,0,17,255,128,12,255,128,14,12,42,9,255,0,11,255,255,12,16,85,12,255,4,13,255,0,0,0,0,0,0,0,0,0,0,0,0,0,0,0,0,0,0,0,0,0,0,0,0,0,0,0,0,0,0,0,0,0,0,0,0,0,8,18,64,12,170,8,8,128,64,8,26,0,0,255,0,12,255,128,9,13,0,0,0,0,0,0,0,0,0,0,0,0,0,0,0,0,0,0,0,0,0,0,0,0,0,0,0,0,0,0,0,0,0,0,0,0,0,0,0,0,0,0,0,8,21,70,3,255,5,4,128,64,5,15,36,0,255,0,0,255,0,5,9,36,8,255,4,0,255,128,7,12,42,7,255,0,13,255,128,14,26,0,0,0,0,7,255,0,7,12,0,7,0,0,0,0,0,0,0,0,0,0,0,0,0,0,11,24,39,6,255,4,3,255,64,5,9,28,4,255,0,0,255,0,7,13,36,9,255,4,7,255,128,8,14,42,0,255,13,6,255,128,9,15,64,0,0,0,0,0,0,0,0,0,13,255,4,22,255,153,6,11,30,8,255,3,4,128,64,6,10,32,5,255,0,0,255,85,5,9,36,0,128,0,0,255,0,0,18,64,10,255,4,4,255,0,16,28,0,0,0,0,0,0,0,0,0,0,16,255,4,6,170,128,9,19,26,0,0,0,7,255,255,4,0,0,9,255,4,10,255,255,5,8,36,4,255,3,5,255,0,7,0,0,0,0,0
0,0,0,17,255,128,12,255,128,14,12,42,9,255,0,11,255,255,12,16,85,12,255,4,13,255,0,0,0,0,0,0,0,0,0,0,0,0,0,0,0,0,0,0,0,0,0,0,0,0,0,0,0,0,0,0,0,0,0,0,0,0,0,8,18,64,12,170,8,8,128,64,8,26,0,0,255,0,12,255,128,9,13,0,0,0,0,0,0,0,0,0,0,0,0,0,0,0,0,0,0,0,0,0,0,0,0,0,0,0,0,0,0,0,0,0,0,0,0,0,0,0,0,0,0,0,8,21,70,3,255,5,4,128,64,5,15,36,0,255,0,0,255,0,5,9,36,8,255,4,0,255,128,7,12,42,7,255,4,13,255,0,14,26,0,0,0,0,7,255,0,7,12,0,7,0,0,0,0,0,0,0,0,0,0,0,0,0,0,11,24,39,6,255,4,3,255,64,5,9,28,4,255,0,0,255,0,7,13,36,9,255,4,7,255,128,8,14,42,0,255,13,6,255,128,9,15,64,0,0,0,0,0,0,0,0,0,13,255,4,22,255,153,6,11,30,8,255,3,4,128,64,6,10,32,5,255,0,0,255,85,5,9,36,0,128,0,0,255,0,0,18,64,10,255,4,4,255,255,16,28,0,0,0,0,0,0,0,0,0,0,16,255,4,6,170,128,9,19,26,0,0,0,7,255,255,4,0,0,9,255,4,10,255,255,5,8,36,4,255,3,5,255,0,7,0,0,0,0,0
0,0,0,17,255,128,12,255,128,14,12,42,9,255,0,11,255,255,12,16,85,12,255,4,13,255,0,0,0,0,0,0,0,0,0,0,0,0,0,0,0,0,0,0,0,0,0,0,0,0,0,0,0,0,0,0,0,0,0,0,0,0,0,8,18,64,12,170,8,8,128,64,8,26,0,0,255,0,12,255,128,9,13,0,0,255,0,0,0,0,0,0,0,0,0,0,0,0,0,0,0,0,0,0,0,0,0,0,0,0,0,0,0,0,0,0,0,0,0,0,0,0,0,0,0,0,13,21,70,3,255,5,8,128,64,5,15,36,0,255,0,0,255,0,5,9,36,8,255,4,0,255,128,7,12,42,7,255,4,13,255,128,14,26,0,0,0,0,7,255,0,7,12,0,7,0,0,0,0,0,0,0,0,0,0,0,0,0,0,11,24,39,6,255,4,3,255,64,5,9,28,4,255,0,0,255,0,7,13,36,9,255,4,7,255,128,8,14,42,0,255,13,6,255,128,9,15,64,0,0,0,0,0,0,0,0,0,13,255,4,22,255,153,6,11,30,8,255,3,4,128,64,6,10,32,5,255,0,0,255,85,5,9,36,0,128,0,0,255,0,0,18,64,10,255,4,4,255,255,16,28,0,0,0,0,0,0,0,0,0,0,16,255,4,6,170,128,9,19,26,0,0,0,7,255,255,4,7,0,9,255,4,10,255,255,5,8,36,4,255,3,5,255,0,7,0,0,0,0,0
0,0,0,11,255,128,12,255,128,14,12,42,9,255,0,11,255,255,12,16,85,12,255,4,13,255,0,0,0,0,0,0,0,0,0,0,0,0,0,0,0,0,0,0,0,0,0,0,0,0,0,0,0,0,0,0,0,0,0,0,0,0,0,8,18,64,12,170,8,8,128,64,8,26,0,0,255,0,12,255,128,9,13,0,0,0,0,0,0,0,0,0,0,0,0,0,0,0,0,0,0,0,0,0,0,0,0,0,0,0,0,0,0,0,0,0,0,0,0,0,0,0,0,0,0,0,13,21,70,3,255,5,4,128,64,5,15,36,0,255,0,0,255,0,5,9,36,8,255,4,0,255,128,7,12,42,7,255,4,13,255,128,14,26,0,0,0,0,7,255,0,7,12,0,7,0,0,0,0,0,0,0,0,0,0,0,0,0,0,11,24,39,6,255,2,3,255,64,5,9,28,4,128,0,0,255,0,7,13,36,9,255,4,7,255,128,8,14,42,0,255,13,6,255,128,9,15,64,0,0,0,0,0,0,0,0,0,13,255,4,22,255,153,6,11,30,8,255,3,4,128,64,6,10,32,5,255,0,0,255,85,5,9,36,0,128,0,0,255,0,0,18,64,10,255,4,4,255,0,16,28,0,0,0,0,0,0,0,0,0,0,16,255,4,6,170,128,9,19,26,0,0,0,7,255,255,4,0,0,9,255,4,10,255,255,5,8,36,4,255,0,5,255,0,7,0,0,0,0,0
0,0,0,17,255,128,12,255,128,14,12,42,9,255,0,11,255,255,12,16,85,12,255,4,13,255,0,14,0,0,0,0,0,0,0,0,0,0,0,0,0,0,0,0,0,0,0,0,0,0,0,0,0,0,0,0,0,0,0,0,0,0,0,8,18,64,12,170,8,8,128,64,8,26,0,0,255,0,12,255,128,9,13,0,10,255,0,0,0,0,0,0,0,0,0,0,0,0,0,0,0,0,0,0,0,0,0,0,0,0,0,0,0,0,0,0,0,0,0,0,0,0,0,0,0,0,13,21,70,3,255,5,8,128,64,5,15,36,0,255,0,0,255,0,5,9,36,8,255,4,0,255,128,7,12,42,7,255,4,13,255,128,14,26,0,0,0,0,7,255,0,7,12,0,7,0,0,0,0,0,0,0,0,0,0,0,0,0,0,11,24,39,6,255,2,3,255,64,5,9,28,4,255,0,0,255,0,7,13,36,9,255,4,7,255,128,8,14,42,0,255,13,6,255,128,9,15,64,0,0,0,0,0,0,0,0,0,13,255,4,22,255,153,6,11,30,8,255,3,4,128,64,6,10,32,5,255,0,0,255,85,5,9,36,0,128,0,0,255,0,0,18,64,10,255,4,4,255,0,16,28,0,7,0,0,0,0,0,0,0,0,16,255,4,6,170,128,9,19,26,0,0,0,7,255,255,4,0,0,9,255,4,10,255,255,5,8,36,4,255,3,5,255,0,7,10,0,0,0,0
0,0,0,11,255,128,12,255,128,14,12,42,9,255,0,11,255,255,12,16,85,12,255,4,13,255,0,14,0,0,0,0,0,0,0,0,0,0,0,0,0,0,0,0,0,0,0,0,0,0,0,0,0,0,0,0,0,0,0,0,0,0,0,8,18,0,6,170,8,8,128,64,8,26,0,0,255,0,12,255,128,9,13,0,10,255,0,0,0,0,0,0,0,0,0,0,0,0,0,0,0,0,0,0,0,0,0,0,0,0,0,0,0,0,0,0,0,0,0,0,0,0,0,0,0,0,13,21,70,3,255,5,8,128,64,5,15,36,0,255,0,0,255,0,5,9,36,8,255,4,0,255,128,7,12,42,7,255,0,13,255,128,14,26,0,0,0,0,7,255,0,7,12,0,7,0,0,0,0,0,0,0,0,0,0,0,0,0,0,11,24,39,6,255,2,3,255,64,5,9,28,4,128,0,0,255,0,7,13,36,9,255,4,7,255,128,8,14,42,0,255,13,6,255,128,9,15,64,0,0,0,0,0,0,0,0,0,13,255,4,22,204,153,6,11,30,8,255,3,4,128,64,6,10,32,5,255,0,0,255,85,5,9,36,0,128,0,0,255,0,0,18,64,10,255,4,4,255,0,16,28,0,0,0,0,0,0,0,0,0,0,16,255,4,6,170,128,9,19,26,0,0,0,7,255,255,0,0,0,9,255,4,10,255,255,5,8,36,4,255,3,5,255,0,7,10,0,0,0,0
0,0,0,11,255,128,12,255,128,14,12,42,9,255,0,11,255,255,12,16,85,12,255,4,13,255,0,14,0,0,0,0,0,0,0,0,0,0,0,0,0,0,0,0,0,0,0,0,0,0,0,0,0,0,0,0,0,0,0,0,0,0,0,8,18,64,12,170,8,8,128,64,8,26,0,0,255,0,12,255,128,9,13,0,10,255,0,0,0,0,0,0,0,0,0,0,0,0,0,0,0,0,0,0,0,0,0,0,0,0,0,0,0,0,0,0,0,0,0,0,0,0,0,0,0,0,13,21,70,3,255,5,8,128,64,5,15,36,0,255,0,0,255,0,5,9,36,8,255,4,0,255,128,7,12,42,7,255,4,13,255,128,14,26,0,0,0,0,7,255,0,7,12,0,7,0,0,0,0,0,0,0,0,0,0,0,0,0,0,11,24,39,6,255,2,3,255,64,5,9,28,4,128,0,0,255,0,7,13,36,9,255,4,7,255,128,8,14,42,0,255,13,6,255,128,9,15,64,0,0,0,0,0,0,0,0,0,13,255,4,22,255,153,6,11,30,8,255,3,4,128,64,6,10,32,5,255,0,0,255,85,5,9,36,0,128,0,0,255,0,0,18,64,10,255,4,4,255,0,16,28,0,7,0,0,0,0,0,0,0,0,16,255,4,6,170,128,9,19,26,0,0,0,7,255,255,4,7,0,9,255,4,10,255,255,5,8,36,4,255,0,5,255,0,7,10,0,0,0,0
0,0,0,11,255,128,12,255,128,14,12,42,9,255,0,11,255,255,12,16,85,12,255,4,13,255,0,14,0,0,0,0,0,0,0,0,0,0,0,0,0,0,0,0,0,0,0,0,0,0,0,0,0,0,0,0,0,0,0,0,0,0,0,8,18,0,6,170,8,8,128,64,8,26,0,0,255,0,12,255,128,9,13,0,10,255,0,0,0,0,0,0,0,0,0,0,0,0,0,0,0,0,0,0,0,0,0,0,0,0,0,0,0,0,0,0,0,0,0,0,0,0,0,0,0,0,13,21,70,3,255,5,8,128,64,5,15,36,0,255,0,0,255,0,5,9,36,8,255,4,0,255,128,7,12,42,7,255,4,13,255,128,14,26,0,0,0,0,7,255,0,7,12,0,7,0,0,0,0,0,0,0,0,0,0,0,0,0,0,11,24,39,6,255,4,3,255,64,5,9,28,0,128,0,0,255,0,7,13,36,9,255,4,7,255,128,8,14,42,0,255,13,6,255,128,9,15,64,0,0,0,0,0,0,0,0,0,13,255,4,22,255,153,6,11,30,8,255,3,4,128,64,6,10,32,5,255,0,0,255,85,5,9,36,0,128,0,0,255,0,0,18,64,10,255,4,4,255,0,16,28,0,7,0,0,0,0,0,0,0,0,16,255,4,6,170,128,9,19,26,0,0,0,7,255,255,4,0,0,9,255,4,10,255,255,5,8,36,4,255,3,5,255,0,7,10,0,0,0,0
0,0,0,11,255,128,12,255,128,14,12,42,9,255,0,11,255,255,12,16,85,12,255,4,13,255,0,14,0,0,0,0,0,0,0,0,0,0,0,0,0,0,0,0,0,0,0,0,0,0,0,0,0,0,0,0,0,0,0,0,0,0,0,8,18,64,6,170,8,8,128,64,8,26,0,0,255,0,12,255,128,9,13,0,10,255,0,0,0,0,0,0,0,0,0,0,0,0,0,0,0,0,0,0,0,0,0,0,0,0,0,0,0,0,0,0,0,0,0,0,0,0,0,0,0,0,13,21,70,3,255,5,8,128,64,5,15,36,0,255,0,0,255,0,5,9,36,8,255,4,0,255,128,7,12,42,7,255,4,13,255,128,14,26,0,0,0,0,7,255,0,7,12,0,7,0,0,0,0,0,0,0,0,0,0,0,0,0,0,11,24,39,6,255,2,3,255,64,5,9,28,4,128,0,0,255,0,7,13,36,9,255,4,7,255,128,8,14,42,0,255,13,6,255,128,9,15,64,0,0,0,0,0,0,0,0,0,13,255,4,22,255,153,6,11,30,8,255,3,4,128,64,6,10,32,5,255,0,0,255,85,5,9,36,0,128,0,0,255,0,0,18,64,10,255,4,4,255,0,16,28,0,7,0,0,0,0,0,0,0,0,16,255,4,6,170,128,9,19,26,0,0,0,7,255,255,4,7,0,9,255,4,10,255,255,5,8,36,4,255,3,5,255,0,7,10,0,0,0,0
0,0,0,11,255,128,12,255,128,14,12,42,9,255,0,11,255,255,12,16,85,12,255,4,13,255,0,0,0,0,0,0,0,0,0,0,0,0,0,0,0,0,0,0,0,0,0,0,0,0,0,0,0,0,0,0,0,0,0,0,0,0,0,8,18,0,6,170,8,8,128,64,8,26,0,0,255,0,12,255,128,9,13,0,0,255,0,0,0,0,0,0,0,0,0,0,0,0,0,0,0,0,0,0,0,0,0,0,0,0,0,0,0,0,0,0,0,0,0,0,0,0,0,0,0,0,13,21,70,3,255,5,8,128,64,5,15,36,0,255,0,0,255,0,5,9,36,8,255,4,0,255,128,7,12,42,7,255,4,13,255,128,14,26,0,0,0,0,7,255,0,7,12,0,7,0,0,0,0,0,0,0,0,0,0,0,0,0,0,11,24,39,6,255,2,3,255,64,5,9,28,0,128,0,0,255,0,7,13,36,9,255,4,7,255,128,8,14,42,0,255,13,6,255,128,9,15,64,0,0,0,0,0,0,0,0,0,13,255,4,22,255,153,6,11,30,8,255,3,4,128,64,6,10,32,5,255,0,0,255,85,5,9,36,0,128,0,0,255,0,0,18,64,10,255,4,4,255,0,16,28,0,7,0,0,0,0,0,0,0,0,16,255,4,6,170,128,9,19,26,0,0,0,7,255,255,4,0,0,9,255,4,10,255,255,5,8,36,4,255,3,5,255,0,7,10,0,0,0,0
0,0,0,11,255,128,12,255,128,14,12,42,9,255,0,11,255,255,12,16,85,12,255,4,13,255,0,0,0,0,0,0,0,0,0,0,0,0,0,0,0,0,0,0,0,0,0,0,0,0,0,0,0,0,0,0,0,0,0,0,0,0,0,8,18,64,6,170,8,8,128,64,8,26,0,0,255,0,12,255,128,9,13,0,0,0,0,0,0,0,0,0,0,0,0,0,0,0,0,0,0,0,0,0,0,0,0,0,0,0,0,0,0,0,0,0,0,0,0,0,0,0,0,0,0,0,13,21,70,3,255,2,8,128,64,5,15,36,0,255,0,0,255,0,5,9,36,8,255,4,0,255,128,7,12,42,7,255,4,13,255,128,14,26,0,0,0,0,7,255,0,7,12,0,7,0,0,0,0,0,0,0,0,0,0,0,0,0,0,11,24,39,6,255,4,3,255,64,5,9,28,0,128,0,0,255,0,7,13,36,9,255,4,7,255,128,8,14,42,0,255,13,6,255,128,9,15,64,0,0,0,0,0,0,0,0,0,13,255,4,22,255,153,6,11,30,8,255,3,4,128,64,6,10,32,5,255,0,0,255,85,5,9,36,0,128,0,0,255,0,0,18,64,10,255,4,4,255,0,16,28,0,7,0,0,0,0,0,0,0,0,16,255,4,6,170,128,9,19,51,0,0,0,7,255,255,4,7,0,9,255,4,10,255,255,5,8,36,4,255,3,5,255,0,7,10,0,0,0,0
0,0,0,11,255,128,12,255,128,7,12,42,9,255,0,11,255,255,12,16,85,12,255,4,13,255,0,0,0,0,0,0,0,0,0,0,0,0,0,0,0,0,0,0,0,0,0,0,0,0,0,0,0,0,0,0,0,0,0,0,0,0,0,8,18,64,6,170,8,8,128,64,8,26,0,0,255,0,12,255,128,9,13,0,0,0,0,0,0,0,0,0,0,0,0,0,0,0,0,0,0,0,0,0,0,0,0,0,0,0,0,0,0,0,0,0,0,0,0,0,0,0,0,0,0,0,13,21,70,3,255,5,4,128,64,5,15,36,0,255,0,0,255,0,5,9,36,8,255,4,0,255,128,7,12,42,7,255,4,13,255,0,14,26,0,0,0,0,7,255,0,7,12,0,7,0,0,0,0,0,0,0,0,0,0,0,0,0,0,11,24,39,6,255,2,3,255,64,5,9,28,0,128,0,0,255,0,7,13,36,9,255,4,7,255,128,8,14,42,0,255,13,6,255,128,9,15,64,0,0,0,0,0,0,0,0,0,13,255,4,22,255,153,6,11,30,8,255,3,4,128,64,6,10,32,5,255,0,0,255,85,5,9,36,0,128,0,0,255,0,0,18,64,10,255,4,4,255,0,16,28,0,7,0,0,0,0,0,0,0,0,16,255,4,6,170,128,9,19,26,0,0,0,7,255,255,4,7,0,9,255,4,10,255,255,5,8,36,4,255,3,5,255,0,7,10,0,0,0,0
0,0,0,108,128,128,118,128,255,7,85,128,0,255,76,100,255,255,0,80,85,0,255,42,89,0,255,0,64,128,0,0,61,115,0,0,0,64,85,0,0,60,96,0,0,0,64,128,0,0,30,108,0,0,0,55,0,0,0,65,85,0,0,16,109,128,0,170,130,104,128,128,0,102,102,0,255,70,93,255,128,0,81,128,0,255,67,59,0,51,0,93,85,0,255,99,75,0,64,12,96,128,0,0,57,102,0,0,0,70,85,0,0,39,112,0,0,0,78,128,0,0,39,85,0,255,0,131,162,0,255,181,135,128,191,0,124,146,0,255,142,135,255,128,0,100,109,0,255,140,128,255,255,0,121,128,0,255,144,115,0,128,14,76,128,0,0,41,131,0,255,0,97,85,0,0,92,102,0,255,0,91,85,0,0,101,104,0,255,7,154,196,0,255,179,155,128,191,5,146,142,0,255,197,154,255,170,0,140,146,0,255,134,131,255,128,0,156,128,0,255,121,168,255,128,0,150,191,0,0,150,130,0,128,0,122,170,0,153,202,168,153,255,3,168,180,0,170,213,176,128,255,0,177,191,0,255,198,164,255,170,0,146,146,0,128,172,194,255,128,0,200,191,0,0,153,170,0,255,0,142,255,0,0,147,133,0,255,0,135,255,0,153,216,205,85,255,0,199,204,0,0,200,196,0,255,0,170,159,0,0,179,204,0,255,0,207,219,0,0,225,227,0,255,0,153,191,0,0,96
100,0,0,232,128,255,236,128,255,0,255,255,0,128,255,244,255,255,0,255,255,0,0,255,255,0,255,0,255,255,0,0,255,255,0,255,0,255,255,0,0,255,255,0,0,0,255,255,0,0,255,255,0,0,0,255,255,0,0,255,242,0,0,8,255,255,0,170,255,191,128,255,0,255,255,0,255,255,220,255,255,0,255,255,0,255,255,157,0,255,10,255,255,0,255,255,150,0,255,12,255,255,0,0,255,235,0,255,0,255,255,0,0,255,245,0,255,0,255,255,0,0,255,198,0,255,0,255,255,0,255,255,211,128,255,0,255,255,0,255,255,232,255,255,0,255,255,0,255,255,246,255,255,0,255,255,0,255,255,217,0,255,0,255,255,0,0,255,255,0,255,0,255,255,0,0,255,191,0,255,0,255,255,0,0,255,220,0,255,0,255,255,0,255,255,217,255,255,0,255,255,0,128,255,239,255,255,0,255,255,0,255,255,242,255,255,0,255,255,0,255,255,255,255,255,0,255,255,0,0,255,236,0,255,0,255,255,0,153,255,201,153,255,0,255,255,0,170,255,234,128,255,0,255,255,0,255,255,231,255,255,0,255,255,0,128,255,206,255,255,0,255,255,0,0,255,255,0,255,0,255,255,0,0,255,184,0,255,0,255,255,0,153,255,219,85,255,0,255,255,0,0,255,255,0,255,0,255,255,0,0,255,255,0,255,0,255,255,0,0,255,255,0,255,0,255,255,0,0,255
244,0,0,232,128,255,236,128,255,0,255,255,0,128,255,244,255,255,0,255,255,0,0,255,255,0,255,0,255,255,0,0,255,255,0,255,0,255,255,0,0,255,255,0,0,0,255,255,0,0,255,255,0,0,0,255,255,0,0,255,238,0,0,8,237,255,0,170,255,191,128,255,0,255,255,0,255,255,220,255,255,0,255,255,0,255,255,157,0,255,10,255,255,0,255,255,135,0,255,12,255,255,0,0,255,235,0,255,0,255,255,0,0,255,245,0,255,0,255,255,0,0,255,212,0,255,0,255,255,0,255,255,215,128,255,0,255,255,0,255,255,225,255,255,0,255,255,0,255,255,246,255,255,0,255,255,0,255,255,230,0,255,14,255,255,0,0,255,255,0,255,0,255,255,0,0,255,191,0,255,0,255,255,0,0,255,220,0,255,0,255,255,0,255,253,221,255,255,0,255,255,0,128,255,234,255,255,0,255,255,0,255,255,242,255,255,0,255,255,0,255,255,249,255,255,0,255,255,0,0,255,231,0,255,0,255,255,0,102,255,195,153,255,0,255,255,0,170,255,238,128,255,0,255,255,0,255,255,231,255,255,0,255,255,0,128,255,206,255,255,0,255,255,0,0,255,251,0,255,0,255,255,0,0,255,194,0,255,0,255,255,0,153,255,216,85,255,0,255,255,0,0,255,255,0,255,0,255,255,0,0,255,255,0,255,0,255,255,0,0,252,255,0,255,0,255,255,0,0,255
249,0,0,227,128,255,230,128,255,0,255,255,0,128,255,233,255,255,0,255,255,0,0,255,255,0,255,0,255,255,0,0,255,255,0,255,0,255,255,0,0,255,255,0,0,0,255,255,0,0,255,252,0,0,0,255,255,0,0,255,242,0,0,8,255,255,0,170,255,183,128,255,0,255,255,0,255,255,209,255,255,0,255,255,0,255,255,157,0,255,10,255,255,0,255,255,135,0,255,0,255,255,0,0,255,235,0,255,0,255,255,0,0,255,235,0,255,0,255,255,0,0,247,212,0,255,0,255,255,0,255,255,211,128,255,0,255,255,0,255,255,218,255,255,0,255,255,0,255,255,238,255,255,0,255,255,0,255,255,217,0,255,0,255,255,0,0,255,255,0,255,0,255,255,0,0,255,191,0,255,0,255,255,0,0,255,220,0,255,0,255,255,0,255,253,217,128,255,0,255,255,0,128,255,228,255,255,0,255,255,0,255,255,229,255,255,0,255,255,0,255,255,249,255,255,0,255,255,0,0,255,231,0,255,0,255,255,0,102,255,201,153,255,0,255,255,0,170,255,234,128,255,0,255,255,0,255,255,225,0,255,0,255,255,0,128,255,206,255,255,0,255,255,0,0,255,255,0,255,0,255,255,0,0,255,184,0,255,0,255,255,0,153,255,216,85,255,0,255,255,0,0,255,255,0,255,0,255,255,0,0,255,255,0,255,0,255,255,0,0,255,255,0,255,0,255,255,0,0,255
249,0,0,227,128,255,230,128,255,0,255,255,0,128,255,222,255,255,0,255,255,0,0,251,242,0,255,0,255,255,0,0,255,242,0,255,0,255,255,0,0,255,255,0,0,0,255,255,0,0,255,255,0,0,0,255,255,0,0,255,238,0,0,8,255,255,0,170,255,183,128,255,0,255,255,0,255,255,209,255,255,0,255,255,0,255,255,157,0,255,10,255,255,0,255,255,135,0,255,0,255,255,0,0,255,235,0,255,0,255,255,0,0,255,235,0,255,0,255,255,0,0,255,212,0,255,0,255,255,0,255,255,211,128,255,0,255,255,0,255,255,218,255,255,0,255,255,0,255,255,238,255,255,0,255,255,0,255,255,217,0,255,0,255,255,0,0,255,255,0,255,0,255,255,0,0,255,191,0,255,0,255,255,0,0,255,232,0,255,0,255,255,0,255,255,221,128,255,0,246,255,0,128,255,234,255,255,0,255,255,0,255,255,229,255,255,0,255,255,0,255,255,249,255,255,0,255,255,0,0,255,231,0,255,0,255,255,0,102,255,195,153,255,0,255,255,0,170,255,234,128,255,0,255,255,0,255,255,225,0,255,0,255,255,0,128,255,219,255,255,0,255,255,0,0,255,255,0,255,0,255,255,0,0,255,194,0,255,0,255,255,0,153,255,219,85,255,0,255,255,0,0,255,255,0,255,0,255,255,0,0,255,255,0,255,0,255,255,0,0,255,255,0,255,0,255,255,0,0,255
244,0,0,227,128,255,230,128,255,0,255,255,0,128,251,222,255,255,0,255,255,0,0,255,242,0,255,0,255,255,0,0,255,242,0,255,0,255,255,0,0,255,255,0,0,0,255,255,0,0,255,252,0,0,0,255,255,0,0,249,238,0,0,8,255,255,0,170,255,175,128,255,0,255,255,0,255,255,209,255,255,0,255,255,0,255,255,147,0,255,10,255,255,0,255,255,135,0,255,0,255,255,0,0,251,224,0,255,0,232,255,0,0,255,235,0,255,0,255,255,0,0,255,212,0,255,0,255,255,0,255,255,207,128,255,0,255,255,0,255,255,218,255,255,0,255,255,0,0,255,230,255,255,0,255,255,0,255,251,217,0,255,0,255,255,0,0,255,255,0,255,0,255,255,0,0,252,178,0,255,0,255,255,0,0,255,220,0,255,0,255,255,0,255,253,221,128,255,0,246,255,0,128,255,223,255,255,0,255,255,0,255,255,229,255,255,0,255,255,0,255,255,243,255,255,0,255,255,0,0,255,231,0,255,0,255,255,0,102,255,195,153,255,0,255,255,0,170,255,234,128,255,0,255,255,0,255,255,225,0,255,0,255,255,0,128,255,206,255,255,0,255,255,0,0,251,251,0,255,0,227,255,0,0,255,194,0,255,0,255,255,0,153,255,216,85,255,0,255,255,0,0,255,255,0,255,0,255,255,0,0,255,255,0,255,0,255,255,0,0,255,255,0,255,0,255,255,0,0,255
244,0,0,232,128,255,236,128,255,0,243,255,0,128,255,200,255,255,0,239,255,0,0,251,230,0,255,0,255,255,0,0,251,230,0,255,0,234,255,0,0,255,223,0,0,0,255,255,0,0,255,245,0,0,0,255,255,0,0,249,234,0,0,8,237,255,0,170,255,167,128,255,0,242,255,0,255,255,185,255,255,0,242,255,0,255,255,137,0,255,10,255,255,0,255,255,120,0,255,0,255,255,0,0,251,224,0,255,0,232,170,0,0,255,214,0,255,0,255,255,0,0,255,212,0,255,0,255,255,0,255,255,207,128,255,0,255,255,0,255,255,218,255,255,0,246,255,0,0,255,230,0,255,0,255,255,0,255,251,217,0,255,0,230,255,0,0,245,255,0,255,0,243,255,0,0,249,166,0,255,0,237,255,0,0,255,209,0,255,0,255,255,0,255,249,217,128,255,0,246,255,0,128,252,223,255,255,0,255,255,0,255,255,229,255,255,0,255,255,0,255,255,243,255,255,0,255,255,0,0,251,212,0,255,0,255,255,0,102,255,195,153,255,0,255,255,0,170,255,234,128,255,0,255,255,0,255,249,219,0,255,0,255,255,0,128,248,206,255,255,0,255,255,0,0,243,251,0,255,0,227,255,0,0,255,184,0,255,0,255,255,0,153,249,216,85,255,0,255,255,0,0,255,255,0,255,0,255,255,0,0,255,245,0,255,0,255,255,0,0,255,255,0,255,0,255,255,0,0,255
238,0,0,227,128,255,174,128,255,0,231,212,0,128,255,177,255,255,0,239,255,0,0,255,204,0,255,0,234,255,0,0,246,178,0,0,0,234,255,0,0,250,175,0,0,0,223,255,0,0,255,229,0,0,0,255,255,0,0,252,225,0,0,8,200,255,0,170,251,120,128,255,0,204,204,0,255,247,139,255,255,0,228,255,0,255,247,108,0,204,0,185,170,0,255,242,75,0,255,0,191,255,0,0,242,153,0,0,0,209,170,0,0,250,153,0,0,0,235,255,0,0,255,156,0,255,0,179,185,0,255,250,116,128,191,0,193,219,0,255,243,135,255,255,0,209,219,0,0,251,170,0,255,0,194,212,0,255,234,128,0,255,0,204,255,0,0,224,159,0,0,0,206,170,0,0,243,115,0,255,0,200,170,0,0,243,151,0,255,4,166,196,0,170,246,110,128,191,0,173,198,0,128,241,122,255,170,0,191,219,0,255,237,144,0,255,0,184,170,0,255,255,133,255,128,0,195,191,0,0,240,144,0,128,0,177,170,0,102,237,98,153,255,0,152,165,0,170,247,113,128,191,0,167,191,0,255,239,109,255,170,0,191,182,0,128,232,97,255,128,0,182,191,0,0,231,138,0,255,0,142,255,0,0,220,92,0,255,0,180,255,0,153,225,83,170,191,0,143,153,0,0,233,118,0,255,0,163,159,0,0,195,112,0,255,0,143,146,0,0,236,93,0,255,0,163,191,0,0,191
194,0,0,221,128,128,12,128,128,7,12,42,0,128,4,11,255,255,12,16,85,0,0,4,0,0,0,0,0,0,0,0,0,0,0,0,0,0,0,0,0,0,0,0,0,0,0,0,0,0,0,0,0,0,0,0,0,0,0,6,0,0,0,24,18,0,18,170,4,8,128,64,8,13,0,0,255,0,12,255,128,0,0,0,0,0,0,0,0,0,0,0,0,0,0,0,0,0,0,0,0,0,0,0,0,0,0,0,0,0,0,0,0,0,0,0,0,0,0,0,0,0,0,0,0,0,8,21,46,3,255,5,4,128,64,5,8,0,0,255,0,0,255,0,5,9,0,8,255,0,0,255,128,7,12,0,0,0,0,13,0,0,14,0,0,0,0,0,7,0,0,7,0,0,0,0,0,0,0,0,0,0,0,0,0,0,0,0,0,11,18,39,3,170,2,3,255,64,5,9,28,0,128,0,0,255,0,7,13,36,9,255,4,7,0,0,8,14,0,0,255,13,6,255,128,9,15,64,0,0,0,0,0,0,0,0,0,13,204,4,16,204,102,6,11,15,8,170,3,4,128,64,6,10,0,5,255,0,0,255,85,5,9,36,0,128,0,0,255,0,0,18,64,10,255,4,4,255,0,0,0,0,0,0,0,0,0,0,0,0,0,16,255,4,6,170,128,9,19,26,0,0,0,7,255,255,0,0,0,9,255,4,10,255,255,5,8,0,4,255,0,0,0,0,0,0,0,0,0,0
0,0,0,221,128,128,12,128,128,7,12,42,9,255,0,11,255,255,12,16,0,12,255,0,0,0,0,0,0,0,0,0,0,0,0,0,0,0,0,0,0,0,0,0,0,0,0,0,0,0,0,0,0,0,0,0,0,0,0,0,0,0,0,24,18,64,18,170,4,8,128,64,8,13,0,0,255,0,12,255,128,0,0,0,0,0,0,0,0,0,0,0,0,0,0,0,0,0,0,0,0,0,0,0,0,0,0,0,0,0,0,0,0,0,0,0,0,0,0,0,0,0,0,0,0,0,8,21,46,3,255,5,4,128,64,5,15,0,0,255,0,0,255,0,5,9,0,8,255,0,0,255,128,7,12,0,0,0,0,13,0,0,14,0,0,0,0,0,7,0,0,7,12,0,0,0,0,0,0,0,0,0,0,0,0,0,0,0,0,11,18,39,3,170,2,3,255,64,5,9,28,0,128,0,0,255,0,7,13,36,9,255,4,7,255,0,8,14,0,0,255,13,6,255,128,9,15,64,0,0,0,0,0,0,0,0,0,13,204,4,22,204,153,6,11,15,8,170,3,4,128,64,6,10,0,5,255,0,0,255,85,5,9,36,0,128,0,0,255,0,0,18,64,10,255,4,4,255,0,16,0,0,0,0,0,0,0,0,0,0,0,16,255,4,6,170,128,9,19,26,0,0,0,7,255,255,0,0,0,9,255,4,10,255,255,5,8,0,4,255,0,5,0,0,0,0,0,0,0,0
0,0,0,221,128,255,12,128,128,7,12,42,9,255,0,11,255,255,12,16,85,12,255,0,0,0,0,0,0,0,0,0,0,0,0,0,0,0,0,0,0,0,0,0,0,0,0,0,0,0,0,0,0,0,0,0,0,0,0,0,0,0,0,24,18,64,18,170,4,8,128,64,8,13,0,0,255,0,12,255,128,0,0,0,0,0,0,0,0,0,0,0,0,0,0,0,0,0,0,0,0,0,0,0,0,0,0,0,0,0,0,0,0,0,0,0,0,0,0,0,0,0,0,0,0,0,8,21,46,3,255,5,4,128,64,5,15,0,0,255,0,0,255,0,5,9,0,8,255,4,0,255,128,7,12,0,0,255,0,13,255,0,14,26,0,0,0,0,7,255,0,7,12,0,0,0,0,0,0,0,0,0,0,0,0,0,0,0,0,11,24,39,6,255,2,3,255,64,5,9,28,0,128,0,0,255,0,7,13,36,9,255,4,7,255,0,8,14,0,0,255,13,6,255,128,9,15,64,0,0,0,0,0,0,0,0,0,13,204,4,22,204,153,6,11,15,8,170,3,4,128,64,6,10,0,5,255,0,0,255,85,5,9,36,0,128,0,0,255,0,0,18,64,10,255,4,4,255,0,16,0,0,0,0,0,0,0,0,0,0,0,16,255,6,6,170,128,9,19,26,0,0,0,7,255,255,0,0,0,9,255,4,10,255,255,5,8,36,4,255,0,5,0,0,0,0,0,0,0,0
0,0,0,221,128,128,12,128,128,7,12,42,9,255,0,11,255,255,12,16,0,12,255,0,0,0,0,0,0,0,0,0,0,0,0,0,0,0,0,0,0,0,0,0,0,0,0,0,0,0,0,0,0,0,0,0,0,0,0,0,0,0,0,24,18,0,18,170,4,8,128,64,8,13,0,0,255,0,12,255,128,0,0,0,0,0,0,0,0,0,0,0,0,0,0,0,0,0,0,0,0,0,0,0,0,0,0,0,0,0,0,0,0,0,0,0,0,0,0,0,0,0,0,0,0,0,8,21,46,3,255,5,4,128,64,5,15,0,0,255,0,0,255,0,5,9,0,8,255,4,0,255,128,7,12,0,0,255,0,13,255,0,14,26,0,0,0,0,7,255,0,7,12,0,0,0,0,0,0,0,0,0,0,0,0,0,0,0,0,11,24,39,6,255,2,3,255,64,5,9,28,0,128,0,0,255,0,7,13,36,9,255,4,7,255,0,8,14,0,0,255,13,6,255,128,9,15,64,0,0,0,0,0,0,0,0,0,13,204,4,22,204,102,6,11,30,8,170,3,4,128,64,6,10,0,5,255,0,0,255,85,5,9,36,0,128,0,0,255,0,0,18,64,10,255,4,4,255,0,16,0,0,0,0,0,0,0,0,0,0,0,16,255,4,6,170,128,9,19,26,0,0,0,7,255,255,0,0,0,9,255,4,10,255,255,5,8,0,4,255,0,0,0,0,0,0,0,0,0,0
0,0,0,215,128,128,75,128,128,7,61,42,0,128,22,67,255,255,0,48,85,0,255,13,51,0,0,0,42,0,0,0,17,64,0,0,0,42,0,0,0,15,64,0,0,0,32,128,0,0,12,52,0,0,0,21,0,0,0,6,42,0,0,16,73,64,6,170,65,64,128,128,0,64,51,0,255,27,70,255,128,0,40,64,0,0,17,29,0,51,0,46,85,0,0,35,45,0,64,0,64,128,0,0,13,61,0,0,0,46,0,0,0,10,61,0,0,0,39,128,0,0,12,42,0,0,4,96,116,0,255,93,92,128,128,0,77,73,0,255,71,90,255,128,0,55,73,0,255,47,85,255,128,0,85,85,0,255,85,89,0,128,14,51,128,0,0,31,90,0,0,0,61,85,0,0,34,64,0,255,0,55,85,0,0,42,58,0,0,7,113,118,0,170,108,110,128,128,5,100,113,0,128,143,101,255,85,0,76,73,0,255,72,85,0,128,0,99,85,0,255,81,110,255,128,0,90,128,0,0,64,63,0,128,0,67,85,0,153,144,125,153,255,3,114,135,0,255,168,130,128,191,0,108,128,0,255,150,97,255,85,0,82,73,0,128,105,134,255,128,0,128,128,0,0,90,125,0,255,0,85,128,0,0,86,71,0,255,0,60,255,0,153,159,139,85,191,0,124,153,0,0,155,131,0,255,0,99,96,0,0,120,133,0,255,0,151,146,0,0,196,162,0,255,0,82,128,0,0,64
50,0,0,221,128,128,236,128,255,0,255,255,0,128,255,244,255,255,0,255,255,0,0,255,255,0,255,0,255,255,0,0,255,255,0,255,0,255,255,0,0,255,255,0,0,0,255,255,0,0,255,248,0,0,0,255,255,0,0,252,238,0,0,8,255,255,0,170,251,175,128,255,0,255,255,0,255,255,209,255,255,0,255,255,0,255,255,157,0,255,10,255,255,0,255,255,135,0,255,12,255,255,0,0,255,235,0,255,0,255,255,0,0,255,245,0,255,0,255,255,0,0,255,227,0,255,0,255,255,0,255,255,215,128,255,0,255,255,0,255,255,232,255,255,0,255,255,0,255,255,246,255,255,0,255,255,0,255,255,217,0,255,14,255,255,0,0,255,255,0,255,0,255,255,0,0,255,191,0,255,0,255,255,0,0,255,232,0,255,0,255,255,0,255,255,221,128,255,0,255,255,0,128,252,234,255,255,0,255,255,0,255,255,242,255,255,0,255,255,0,255,255,249,255,255,0,255,255,0,0,255,231,0,255,0,255,255,0,153,253,206,153,255,0,255,255,0,170,255,230,128,255,0,255,255,0,255,255,225,0,255,0,255,255,0,128,255,206,255,255,0,255,255,0,0,255,255,0,255,0,255,255,0,0,255,184,0,255,0,255,255,0,153,255,225,85,255,0,255,255,0,0,255,255,0,255,0,248,255,0,0,255,255,0,255,0,255,219,0,0,255,255,0,255,0,255,255,0,0,255
249,0,0,221,128,128,236,128,255,0,255,255,0,128,255,244,255,255,0,255,255,0,0,255,255,0,255,0,255,255,0,0,255,255,0,255,0,255,255,0,0,255,239,0,0,0,255,255,0,0,255,252,0,0,0,255,255,0,0,255,242,0,0,8,255,255,0,170,255,183,128,255,0,255,255,0,255,255,209,255,255,0,255,255,0,255,255,157,0,255,10,255,255,0,255,255,135,0,255,12,255,255,0,0,255,235,0,255,0,255,255,0,0,255,235,0,255,0,255,255,0,0,251,227,0,255,0,255,255,0,255,255,215,128,255,0,255,255,0,255,255,232,255,255,0,255,255,0,255,255,246,255,255,0,255,255,0,255,255,217,0,255,14,255,255,0,0,255,255,0,255,0,255,255,0,0,255,191,0,255,0,255,255,0,0,255,255,0,255,0,255,255,0,255,255,224,128,255,0,255,255,0,128,247,228,255,255,0,255,255,0,255,255,235,255,255,0,255,255,0,255,255,249,255,255,0,255,255,0,0,255,231,0,255,0,255,255,0,102,255,206,153,255,0,255,255,0,170,255,234,128,255,0,255,255,0,255,255,231,0,255,0,255,255,0,128,255,206,255,255,0,255,255,0,0,255,255,0,255,0,255,255,0,0,255,184,0,255,0,255,255,0,153,255,225,85,255,0,255,255,0,0,255,255,0,255,0,248,255,0,0,255,255,0,255,0,255,255,0,0,250,255,0,255,0,255,255,0,0,255
249,0,0,221,128,128,230,128,255,0,255,255,0,128,255,244,255,255,0,255,255,0,0,251,242,0,255,0,255,255,0,0,255,255,0,255,0,255,255,0,0,255,239,0,0,0,255,255,0,0,249,252,0,0,0,255,255,0,0,252,238,0,0,8,255,255,0,170,255,175,128,255,0,255,255,0,255,255,209,255,255,0,255,255,0,255,251,147,0,255,10,255,255,0,255,251,135,0,255,12,255,255,0,0,255,224,0,255,0,255,255,0,0,255,235,0,255,0,255,255,0,0,255,212,0,255,0,255,255,0,255,255,211,128,255,0,255,255,0,255,255,225,255,255,0,255,255,0,255,255,246,255,255,0,255,255,0,255,255,217,0,255,14,255,255,0,0,245,255,0,255,0,255,255,0,0,255,178,0,255,0,255,255,0,0,255,255,0,255,0,255,255,0,255,255,221,128,255,0,255,255,0,128,247,228,255,255,0,255,255,0,255,255,235,255,255,0,255,255,0,255,255,249,255,255,0,255,255,0,0,251,226,0,255,0,255,170,0,102,255,201,102,255,0,255,255,0,170,255,234,128,255,0,255,255,0,255,255,225,0,255,0,255,255,0,128,255,206,255,255,0,255,255,0,0,255,255,0,255,0,227,255,0,0,255,184,0,255,0,255,255,0,153,255,222,85,255,0,255,255,0,0,255,255,0,255,0,255,255,0,0,255,255,0,255,0,255,255,0,0,252,250,0,255,0,255,255,0,0,255
249,0,0,221,128,128,230,128,255,0,255,255,0,128,244,233,255,255,0,255,255,0,0,255,242,0,255,0,255,255,0,0,255,255,0,255,0,255,255,0,0,245,239,0,0,0,255,255,0,0,255,245,0,0,0,255,255,0,0,255,242,0,0,8,255,255,0,170,255,175,128,255,0,255,255,0,255,255,209,255,255,0,255,255,0,255,251,147,0,255,10,255,255,0,255,255,135,0,255,12,255,255,0,0,255,224,0,255,0,255,255,0,0,255,235,0,255,0,255,255,0,0,247,212,0,255,0,255,255,0,255,255,215,128,255,0,255,255,0,255,255,225,255,255,0,255,255,0,255,255,246,0,255,0,255,255,0,255,255,217,0,255,14,255,255,0,0,255,255,0,255,0,255,255,0,0,255,178,0,255,0,255,255,0,0,255,255,0,255,0,255,255,0,170,255,217,128,255,0,255,255,0,128,255,223,255,255,0,255,255,0,255,255,235,255,255,0,255,255,0,255,255,249,255,255,0,255,255,0,0,251,226,0,255,0,255,255,0,102,255,201,102,255,0,255,255,0,170,255,234,128,255,0,255,255,0,255,255,225,0,255,0,255,255,0,128,248,206,255,255,0,255,255,0,0,255,255,0,255,0,227,255,0,0,255,194,0,255,0,255,255,0,153,251,222,85,255,0,255,255,0,0,255,255,0,255,0,255,255,0,0,255,255,0,255,0,255,255,0,0,255,250,0,255,0,255,255,0,0,255
244,0,0,221,128,128,224,128,255,0,255,212,0,128,251,233,255,255,0,255,255,0,0,246,242,0,255,0,255,255,0,0,251,242,0,255,0,255,255,0,0,250,239,0,0,0,255,255,0,0,255,248,0,0,0,255,255,0,0,252,242,0,0,8,255,255,0,170,255,175,128,255,0,242,255,0,255,251,209,255,255,0,255,255,0,255,251,147,0,255,10,255,255,0,255,251,135,0,255,12,255,255,0,0,251,224,0,255,0,255,255,0,0,250,235,0,255,0,255,255,0,0,247,212,0,255,0,255,255,0,255,255,207,128,255,0,255,255,0,255,255,218,255,255,0,255,255,0,255,251,238,0,255,0,255,255,0,255,251,217,0,255,14,255,255,0,0,255,248,0,255,0,255,255,0,0,252,178,0,255,0,255,255,0,0,255,243,0,255,0,255,255,0,170,255,221,128,255,0,246,255,0,128,255,223,255,255,0,255,255,0,255,255,229,255,255,0,255,255,0,255,255,249,255,255,0,255,255,0,0,251,221,0,128,0,255,170,0,102,255,201,153,255,0,250,255,0,170,255,230,128,255,0,255,255,0,255,249,225,0,255,0,255,255,0,128,255,206,255,255,0,255,255,0,0,255,251,0,255,0,227,255,0,0,255,184,0,255,0,255,255,0,153,255,222,85,255,0,255,255,0,0,255,255,0,255,0,255,255,0,0,255,255,0,255,0,255,255,0,0,252,250,0,255,0,255,255,0,0,255
244,0,0,221,128,255,224,128,255,0,255,212,0,128,251,222,255,255,0,255,255,0,0,251,242,0,255,0,255,255,0,0,251,242,0,255,0,255,255,0,0,250,239,0,0,0,255,255,0,0,255,252,0,0,0,255,255,0,0,255,242,0,0,8,255,255,0,170,255,175,128,255,0,255,255,0,255,251,209,255,255,0,255,255,0,255,251,147,0,255,10,255,255,0,255,251,135,0,255,0,255,255,0,0,251,224,0,255,0,232,255,0,0,255,235,0,255,0,255,255,0,0,243,227,0,255,0,255,255,0,255,255,207,128,255,0,255,255,0,255,249,218,255,255,0,255,255,0,255,255,238,0,255,0,255,255,0,255,251,217,0,255,0,255,255,0,0,255,248,0,255,0,255,255,0,0,252,178,0,255,0,255,255,0,0,255,255,0,255,0,255,255,0,255,255,217,128,255,0,246,255,0,128,252,223,255,255,0,255,255,0,255,255,229,255,255,0,255,255,0,255,255,249,255,255,0,255,255,0,0,255,226,0,128,0,255,255,0,102,255,201,102,255,0,250,255,0,170,255,226,128,255,0,255,255,0,255,255,231,0,255,0,255,255,0,128,255,206,255,255,0,255,255,0,0,255,251,0,255,0,227,255,0,0,251,184,0,255,0,255,255,0,153,255,219,85,255,0,255,255,0,0,255,255,0,255,0,255,255,0,0,255,255,0,255,0,255,255,0,0,252,255,0,255,0,255,255,0,0,255
244,0,0,221,128,255,224,128,255,0,255,212,0,128,251,222,255,255,0,255,255,0,0,246,242,0,255,0,255,255,0,0,246,242,0,255,0,255,255,0,0,245,239,0,0,0,255,255,0,0,255,248,0,0,0,248,255,0,0,249,242,0,0,8,237,255,0,170,251,175,128,255,0,255,255,0,255,251,197,255,255,0,255,255,0,255,247,147,0,255,10,255,255,0,255,246,135,0,255,0,255,255,0,0,251,224,0,255,0,232,255,0,0,245,224,0,0,0,255,255,0,0,235,212,0,255,0,255,232,0,255,255,203,128,255,0,255,255,0,255,246,218,255,255,0,255,255,0,255,255,238,0,255,0,255,255,0,255,251,217,0,255,0,255,255,0,0,245,248,0,255,0,243,255,0,0,252,178,0,255,0,237,255,0,0,255,232,0,255,0,255,255,0,255,253,217,128,255,0,246,255,0,128,252,223,255,255,0,255,255,0,255,251,229,255,255,0,255,255,0,255,255,249,255,255,0,255,255,0,0,255,221,0,128,0,255,170,0,102,255,201,102,255,0,250,255,0,170,249,226,128,255,0,255,255,0,255,249,225,0,255,0,255,255,0,128,255,206,255,128,0,255,255,0,0,251,251,0,255,0,227,255,0,0,246,184,0,255,0,255,255,0,102,255,219,85,255,0,255,255,0,0,255,255,0,255,0,255,255,0,0,251,255,0,255,0,247,255,0,0,252,250,0,255,0,255,255,0,0,255
155,0,0,215,128,255,224,128,255,0,243,212,0,128,248,222,255,255,0,255,255,0,0,251,242,0,255,0,255,255,0,0,242,242,0,255,0,255,255,0,0,245,239,0,0,0,255,255,0,0,255,245,0,0,0,255,255,0,0,252,242,0,0,8,255,255,0,170,251,175,128,255,0,242,255,0,255,247,209,255,255,0,255,255,0,255,251,147,0,255,10,255,255,0,255,246,135,0,255,0,255,255,0,0,251,224,0,255,0,232,170,0,0,245,235,0,0,0,255,255,0,0,239,198,0,255,0,248,232,0,255,255,207,128,255,0,255,255,0,255,255,218,255,255,0,246,255,0,255,251,246,0,255,0,255,255,0,255,246,217,0,255,0,255,255,0,0,235,255,0,255,0,255,255,0,0,252,178,0,255,0,237,255,0,0,255,220,0,255,0,249,255,0,255,255,217,128,255,0,246,255,0,128,255,223,255,255,0,242,255,0,255,246,229,255,255,0,255,255,0,255,242,249,255,255,0,255,255,0,0,251,221,0,128,0,255,170,0,102,255,195,102,255,0,250,255,0,170,255,230,128,255,0,255,223,0,255,249,225,0,255,0,255,255,0,128,255,206,255,255,0,255,255,0,0,251,251,0,255,0,227,255,0,0,251,184,0,255,0,255,255,0,102,255,216,85,255,0,249,255,0,0,255,255,0,255,0,255,255,0,0,247,255,0,255,0,247,255,0,0,255,246,0,255,0,255,255,0,0,255
0,0,0,210,128,128,218,128,255,0,243,212,0,128,248,222,255,255,0,255,255,0,0,251,242,0,255,0,255,255,0,0,246,242,0,255,0,255,255,0,0,245,239,0,0,0,255,255,0,0,249,245,0,0,0,248,255,0,0,255,234,0,0,8,255,255,0,170,247,175,128,255,0,242,255,0,255,247,197,255,255,0,255,255,0,255,242,147,0,255,10,255,255,0,255,246,135,0,255,0,255,255,0,0,246,224,0,0,0,232,170,0,0,250,224,0,0,0,255,255,0,0,235,212,0,255,0,255,232,0,255,253,203,128,255,0,255,255,0,255,246,210,255,255,0,255,219,0,255,251,246,0,255,0,255,255,0,255,251,217,0,255,0,255,255,0,0,255,255,0,255,0,255,255,0,0,249,178,0,255,0,237,255,0,0,243,232,0,255,0,249,255,0,255,253,214,128,255,0,246,255,0,128,252,223,255,255,0,242,255,0,255,246,222,255,255,0,255,255,0,255,255,243,255,255,0,255,255,0,0,251,221,0,128,0,255,170,0,102,255,195,153,255,0,255,255,0,170,249,226,128,255,0,255,255,0,255,249,225,0,170,0,255,255,0,128,255,206,255,128,0,255,255,0,0,251,251,0,255,0,227,255,0,0,255,184,0,255,0,255,255,0,102,255,213,85,255,0,249,255,0,0,251,255,0,255,0,255,255,0,0,251,245,0,255,0,255,219,0,0,255,250,0,255,0,255,255,0,0,255
0,0,0,215,128,255,224,128,255,0,243,212,0,128,248,222,255,255,0,255,255,0,0,251,242,0,255,0,255,255,0,0,251,242,0,255,0,255,255,0,0,245,223,0,0,0,255,255,0,0,249,255,0,0,0,248,255,0,0,255,238,0,0,8,237,255,0,170,235,175,128,255,0,242,255,0,255,247,197,255,255,0,242,255,0,255,247,147,0,255,10,255,255,0,255,242,135,0,255,0,255,255,0,0,251,224,0,0,0,232,170,0,0,250,235,0,0,0,255,255,0,0,255,212,0,255,0,255,232,0,255,253,203,128,255,0,255,255,0,255,255,218,255,255,0,255,219,0,255,251,246,0,255,0,243,255,0,255,251,217,0,255,0,255,255,0,0,245,255,0,255,0,255,255,0,0,243,178,0,255,0,255,255,0,0,249,232,0,255,0,255,255,0,255,249,214,128,255,0,246,255,0,128,252,223,255,255,0,242,255,0,255,255,229,255,255,0,255,255,0,255,255,243,255,255,0,255,255,0,0,251,226,0,128,0,255,170,0,102,255,201,102,255,0,255,240,0,170,255,226,128,255,0,255,255,0,255,249,225,0,170,0,255,255,0,128,255,206,255,128,0,255,255,0,0,255,251,0,255,0,227,255,0,0,255,184,0,255,0,255,255,0,102,255,216,85,255,0,249,255,0,0,255,255,0,255,0,255,255,0,0,251,255,0,255,0,255,219,0,0,244,246,0,255,0,255,255,0,0,255
0,0,0,210,128,128,224,128,255,0,243,212,0,128,248,222,255,255,0,255,255,0,0,242,242,0,255,0,255,255,0,0,246,242,0,0,0,255,255,0,0,245,239,0,0,0,255,255,0,0,243,248,0,0,0,248,255,0,0,255,234,0,0,8,237,255,0,170,243,175,128,255,0,242,255,0,255,247,197,255,255,0,242,255,0,255,242,147,0,204,10,255,255,0,255,242,135,0,255,0,255,255,0,0,246,224,0,0,0,232,170,0,0,240,224,0,0,0,255,255,0,0,247,212,0,255,0,255,232,0,255,253,203,128,191,0,247,255,0,255,249,218,255,255,0,255,219,0,255,251,246,0,255,0,243,255,0,255,246,217,0,255,0,255,255,0,0,235,248,0,255,0,255,255,0,0,237,178,0,255,0,255,255,0,0,249,232,0,0,0,249,255,0,255,253,214,128,255,0,246,255,0,128,247,218,255,255,0,242,255,0,255,246,229,0,255,0,255,255,0,255,255,243,255,255,0,255,255,0,0,251,221,0,128,0,255,170,0,102,255,195,102,255,0,250,240,0,170,247,222,128,255,0,255,223,0,255,249,219,0,170,0,255,255,0,128,255,206,255,128,0,255,255,0,0,251,251,0,255,0,227,255,0,0,251,184,0,255,0,255,255,0,102,255,213,85,255,0,249,230,0,0,255,255,0,255,0,255,255,0,0,247,245,0,255,0,255,219,0,0,255,246,0,255,0,255,255,0,0,255
0,0,0,215,128,128,174,128,255,0,243,212,0,128,244,200,255,255,0,255,255,0,0,246,230,0,255,0,255,255,0,0,246,204,0,0,0,255,255,0,0,240,207,0,0,0,255,255,0,0,237,232,0,0,0,241,255,0,0,249,234,0,0,8,219,191,0,170,243,128,128,191,0,230,204,0,255,247,151,255,255,0,242,255,0,255,242,128,0,204,0,232,170,0,255,242,105,0,255,0,223,255,0,0,246,184,0,0,0,232,170,0,0,240,194,0,0,0,255,255,0,0,255,198,0,255,0,207,209,0,255,250,128,128,191,0,209,182,0,255,243,158,255,255,0,237,219,0,0,242,187,0,255,0,219,212,0,255,238,140,0,255,0,230,255,0,0,224,186,0,0,0,231,170,0,0,237,128,0,255,0,237,170,0,0,243,162,0,0,4,166,177,0,170,249,121,128,191,0,191,198,0,128,244,143,255,170,0,217,219,0,255,237,157,0,255,0,212,212,0,255,242,151,255,255,0,225,191,0,0,244,164,0,128,0,200,170,0,153,241,103,153,255,0,168,165,0,170,244,121,128,191,0,206,191,0,255,242,134,0,170,0,219,219,0,128,218,121,255,128,0,237,191,0,0,243,150,0,255,0,170,255,0,0,246,112,0,255,0,210,255,0,153,240,92,85,191,0,149,153,0,0,229,131,0,255,0,184,191,0,0,211,133,0,255,0,167,146,0,0,239,116,0,255,0,173,191,0,0,223
6,0,0,215,128,128,12,128,128,7,12,42,0,128,7,11,255,255,12,16,0,0,0,8,0,0,0,0,0,0,0,0,4,0,0,0,0,0,0,0,0,5,0,0,0,0,0,0,0,0,6,0,0,0,0,0,0,0,0,19,0,0,0,24,18,0,12,170,4,8,128,64,0,13,0,0,255,0,12,255,0,0,0,0,0,0,4,0,0,0,0,0,0,0,0,0,0,0,0,0,0,0,0,0,0,0,0,0,0,0,0,0,0,5,0,0,0,0,0,0,0,0,4,0,0,0,8,21,46,3,255,2,4,128,64,5,15,0,0,255,0,0,255,0,5,9,0,8,255,0,0,255,128,7,12,0,0,0,0,13,0,0,14,0,0,0,0,0,7,0,0,0,0,0,0,0,0,0,0,0,0,0,0,0,0,0,0,0,0,11,18,20,3,170,2,3,255,0,5,9,0,0,128,0,0,255,0,7,13,36,9,255,0,7,0,0,8,14,0,0,255,13,6,255,128,9,15,64,0,0,0,0,0,0,0,0,0,13,204,4,22,204,102,6,11,15,4,170,3,4,128,64,6,10,0,5,255,0,0,255,0,5,9,36,0,128,0,0,255,0,0,18,64,10,255,0,4,0,0,0,0,0,0,0,0,0,0,0,0,0,0,16,204,4,6,170,64,9,19,26,0,0,0,7,255,255,0,0,0,9,255,0,10,255,255,5,8,0,4,255,0,0,0,0,0,0,0,0,0,0
255,0,0,221,128,128,12,128,128,7,12,42,0,255,0,11,255,255,12,16,0,12,255,0,0,0,0,0,0,0,0,0,0,0,0,0,0,0,0,0,0,0,0,0,0,0,0,0,0,0,0,0,0,0,0,0,0,0,0,0,0,0,0,24,18,0,18,170,4,8,128,64,8,13,0,0,255,0,12,255,128,0,0,0,0,0,0,0,0,0,0,0,0,0,0,0,0,0,0,0,0,0,0,0,0,0,0,0,0,0,0,0,0,0,0,0,0,0,0,0,0,0,0,0,0,0,8,21,46,3,255,2,4,128,64,5,15,0,0,255,0,0,255,0,5,9,0,8,255,0,0,255,128,7,12,0,0,0,0,13,255,0,14,26,0,0,0,0,7,0,0,0,0,0,0,0,0,0,0,0,0,0,0,0,0,0,0,0,0,11,24,20,3,170,2,3,255,0,5,9,28,0,128,0,0,255,0,7,13,36,9,255,4,7,255,0,8,14,0,0,255,13,6,255,128,9,15,64,0,0,0,0,0,0,0,0,0,13,204,4,22,204,102,6,11,15,4,170,3,4,128,64,6,10,0,5,255,0,0,255,85,5,9,36,0,128,0,0,255,0,0,18,64,10,255,0,4,0,0,16,0,0,0,0,0,0,0,0,0,0,0,16,204,4,6,170,64,9,19,26,0,0,0,7,255,255,0,0,0,9,255,4,10,255,255,5,8,0,4,255,0,0,0,0,0,0,0,0,0,0
255,0,0,215,128,128,12,128,128,7,12,42,9,255,0,11,255,255,12,16,0,12,255,0,0,0,0,0,0,0,0,0,0,0,0,0,0,0,0,0,0,0,0,0,0,0,0,0,0,0,0,0,0,0,0,0,0,0,0,0,0,0,0,24,18,0,18,170,4,8,128,64,8,13,0,0,255,0,12,255,128,0,0,0,0,0,0,0,0,0,0,0,0,0,0,0,0,0,0,0,0,0,0,0,0,0,0,0,0,0,0,0,0,0,0,0,0,0,0,0,0,0,0,0,0,0,8,21,46,3,255,2,4,128,64,5,15,0,0,255,0,0,255,0,5,9,0,8,255,0,0,255,128,7,12,0,7,0,0,13,255,0,14,26,0,0,0,0,7,255,0,0,0,0,0,0,0,0,0,0,0,0,0,0,0,0,0,0,0,11,24,20,6,255,2,3,255,0,5,9,28,0,128,0,0,255,0,7,13,36,9,255,4,7,255,0,8,14,0,0,255,13,6,255,128,9,15,64,0,0,0,0,0,0,0,0,0,13,204,4,22,204,102,6,11,15,4,170,3,4,128,64,6,10,0,5,255,0,0,255,0,5,9,36,0,128,0,0,255,0,0,18,64,10,255,0,4,0,0,16,0,0,0,0,0,0,0,0,0,0,0,16,204,4,6,170,64,9,19,26,0,0,0,7,255,255,0,0,0,9,255,0,10,255,255,5,8,0,4,255,0,0,0,0,0,0,0,0,0,0
255,0,0,221,128,128,12,128,128,7,12,42,9,255,0,11,255,255,12,16,0,12,255,0,0,0,0,0,0,0,0,0,0,0,0,0,0,0,0,0,0,0,0,0,0,0,0,0,0,0,0,0,0,0,0,0,0,0,0,0,0,0,0,24,18,0,18,170,4,8,128,64,8,13,0,0,255,0,12,255,128,0,0,0,0,0,0,0,0,0,0,0,0,0,0,0,0,0,0,0,0,0,0,0,0,0,0,0,0,0,0,0,0,0,0,0,0,0,0,0,0,0,0,0,0,0,8,21,46,3,255,2,4,128,64,5,15,0,0,255,0,0,255,0,5,9,0,8,255,4,0,255,128,7,12,0,7,0,0,13,255,0,14,26,0,0,0,0,7,255,0,7,12,0,0,0,0,0,0,0,0,0,0,0,0,0,0,0,0,11,24,39,6,255,2,3,255,0,5,9,28,0,128,0,0,255,0,7,13,36,9,255,4,7,255,0,8,14,0,0,255,13,6,255,128,9,15,64,0,0,0,0,0,0,0,0,0,13,204,4,22,204,102,6,11,15,8,255,3,4,128,64,6,10,0,5,255,0,0,255,85,5,9,36,0,128,0,0,255,0,0,18,64,10,255,4,4,255,0,16,0,0,0,0,0,0,0,0,0,0,0,16,204,4,6,170,64,9,19,26,0,0,0,7,255,255,0,0,0,9,255,0,10,255,255,5,8,0,4,255,0,5,0,0,0,0,0,0,0,0
255,0,0,221,128,128,12,128,128,7,12,42,9,255,0,11,255,255,12,16,0,12,255,0,0,0,0,0,0,0,0,0,0,0,0,0,0,0,0,0,0,0,0,0,0,0,0,0,0,0,0,0,0,0,0,0,0,0,0,0,0,0,0,24,18,0,18,170,4,8,128,64,8,13,0,0,255,0,12,255,128,0,0,0,0,0,0,0,0,0,0,0,0,0,0,0,0,0,0,0,0,0,0,0,0,0,0,0,0,0,0,0,0,0,0,0,0,0,0,0,0,0,0,0,0,0,8,21,46,3,255,2,4,128,64,5,15,0,0,255,0,0,255,0,5,9,0,8,255,4,0,255,128,7,12,0,7,0,0,13,255,0,14,26,0,0,0,0,7,255,0,7,12,0,0,0,0,0,0,0,0,0,0,0,0,0,0,0,0,11,24,39,6,255,2,3,255,0,5,9,28,0,128,0,0,255,0,7,13,36,9,255,4,7,255,0,8,14,0,0,255,13,6,255,128,9,15,64,0,0,0,0,0,0,0,0,0,13,204,4,22,204,102,6,11,15,8,255,3,4,128,64,6,10,0,5,255,0,0,255,85,5,9,36,0,128,0,0,255,0,0,18,64,10,255,0,4,255,0,16,0,0,0,0,0,0,0,0,0,0,0,16,204,4,6,170,64,9,19,26,0,0,0,7,255,255,0,0,0,9,255,0,10,255,255,5,8,0,4,255,0,0,0,0,0,0,0,0,0,0
255,0,0,221,128,128,12,128,128,7,12,42,9,255,0,11,255,255,12,16,0,12,255,0,13,0,0,0,0,0,0,0,0,0,0,0,0,0,0,0,0,0,0,0,0,0,0,0,0,0,0,0,0,0,0,0,0,0,0,0,0,0,0,24,18,0,18,170,4,8,128,64,8,26,0,0,255,0,12,255,128,0,0,0,0,0,0,0,0,0,0,0,0,0,0,0,0,0,0,0,0,0,0,0,0,0,0,0,0,0,0,0,0,0,0,0,0,0,0,0,0,0,0,0,0,0,8,21,46,3,255,2,4,128,64,5,15,0,0,255,0,0,255,0,5,9,0,8,255,4,0,255,128,7,12,0,7,0,0,13,255,0,14,26,0,0,0,0,7,255,0,7,12,0,0,0,0,0,0,0,0,0,0,0,0,0,0,0,0,11,24,39,6,255,2,3,255,0,5,9,28,4,128,0,0,255,0,7,13,36,9,255,4,7,255,0,8,14,0,0,255,13,6,255,128,9,15,64,0,0,0,0,0,0,0,0,0,13,255,4,22,204,102,6,11,15,8,255,3,4,128,64,6,10,0,5,255,0,0,255,85,5,9,36,0,128,0,0,255,0,0,18,64,10,255,4,4,255,0,16,0,0,0,0,0,0,0,0,0,0,0,16,204,4,6,170,128,9,19,26,0,0,0,7,255,255,0,0,0,9,255,4,10,255,255,5,8,0,4,255,0,5,0,0,0,0,0,0,0,0
255,0,0,221,128,128,12,128,128,7,12,42,9,255,0,11,255,255,12,16,0,12,255,0,13,0,0,0,0,0,0,0,0,0,0,0,0,0,0,0,0,0,0,0,0,0,0,0,0,0,0,0,0,0,0,0,0,0,0,0,0,0,0,24,18,0,18,170,4,8,128,64,8,26,0,0,255,0,12,255,128,0,0,0,0,0,0,0,0,0,0,0,0,0,0,0,0,0,0,0,0,0,0,0,0,0,0,0,0,0,0,0,0,0,0,0,0,0,0,0,0,0,0,0,0,0,8,21,46,3,255,2,4,128,64,5,15,0,0,255,0,0,255,0,5,9,0,8,255,0,0,255,128,7,12,0,7,0,0,13,255,0,14,26,0,0,0,0,7,255,0,7,12,0,0,0,0,0,0,0,0,0,0,0,0,0,0,0,0,11,24,39,6,255,2,3,255,0,5,9,28,0,128,0,0,255,0,7,13,36,9,255,4,7,255,0,8,14,0,0,255,13,6,255,128,9,15,64,0,0,0,0,0,0,0,0,0,13,255,4,22,204,102,6,11,15,8,255,3,4,128,64,6,10,0,5,255,0,0,255,85,5,9,36,0,128,0,0,255,0,0,18,64,10,255,4,4,255,0,16,0,0,0,0,0,0,0,0,0,0,0,16,204,4,6,170,128,9,19,26,0,0,0,7,255,255,0,0,0,9,255,4,10,255,255,5,8,0,4,255,0,5,0,0,0,0,0,0,0,0
216,0,0,221,128,128,12,128,128,7,12,42,9,255,0,11,255,255,12,16,0,12,255,0,13,255,0,0,0,0,0,0,0,0,0,0,0,0,0,0,0,0,0,0,0,0,0,0,0,0,0,0,0,0,0,0,0,0,0,0,0,0,0,24,18,0,18,170,4,8,128,64,8,26,0,0,255,0,12,255,128,9,0,0,0,0,0,0,0,0,0,0,0,0,0,0,0,0,0,0,0,0,0,0,0,0,0,0,0,0,0,0,0,0,0,0,0,0,0,0,0,0,0,0,0,0,8,21,46,3,255,2,4,128,64,5,15,0,0,255,0,0,255,0,5,9,0,8,255,0,0,255,128,7,12,0,7,255,0,13,255,0,14,26,0,0,0,0,7,255,0,7,12,0,7,0,0,0,0,0,0,0,0,0,0,0,0,0,0,11,24,39,6,255,2,3,255,0,5,9,28,4,128,0,0,255,0,7,13,36,9,255,4,7,255,0,8,14,0,0,255,13,6,255,128,9,15,64,0,0,0,0,0,0,0,0,0,13,255,4,22,204,102,6,11,15,8,255,3,4,128,64,6,10,0,5,255,0,0,255,85,5,9,36,0,128,0,0,255,0,0,18,64,10,255,4,4,255,0,16,0,0,0,0,0,0,0,0,0,0,0,16,255,4,6,170,128,9,19,26,0,0,0,7,255,255,0,0,0,9,255,4,10,255,255,5,8,0,4,255,0,5,0,0,0,0,0,0,0,0
0,0,0,221,128,128,12,128,128,7,12,42,9,255,0,11,255,255,12,16,0,12,255,0,13,255,0,0,0,0,0,0,0,0,0,0,0,0,0,0,0,0,0,0,0,0,0,0,0,0,0,0,0,0,0,0,0,0,0,0,0,0,0,24,18,0,18,170,4,8,128,64,8,26,0,0,255,0,12,255,128,9,0,0,0,0,0,0,0,0,0,0,0,0,0,0,0,0,0,0,0,0,0,0,0,0,0,0,0,0,0,0,0,0,0,0,0,0,0,0,0,0,0,0,0,0,8,21,46,3,255,2,4,128,64,5,15,0,0,255,0,0,255,0,5,9,0,8,255,0,0,255,128,7,12,0,7,255,0,13,255,0,14,26,0,0,0,0,7,255,0,7,12,0,7,0,0,0,0,0,0,0,0,0,0,0,0,0,0,11,24,39,6,255,2,3,255,0,5,9,28,0,128,0,0,255,0,7,13,36,9,255,4,7,255,0,8,14,0,0,255,13,6,255,128,9,15,64,0,0,0,0,0,0,0,0,0,13,255,4,22,204,102,6,11,15,8,255,3,4,128,64,6,10,0,5,255,0,0,255,85,5,9,36,0,128,0,0,255,0,0,18,64,10,255,4,4,255,0,16,0,0,0,0,0,0,0,0,0,0,0,16,204,4,6,170,128,9,19,26,0,0,0,7,255,255,0,0,0,9,255,4,10,255,255,5,8,0,4,255,0,0,0,0,0,0,0,0,0,0
0,0,0,227,128,128,12,128,128,7,12,42,9,255,0,11,255,255,12,16,0,12,255,0,13,255,0,0,0,0,0,0,0,0,0,0,0,0,0,0,0,0,0,0,0,0,0,0,0,0,0,0,0,0,0,0,0,0,0,0,0,0,0,24,18,0,18,170,4,8,128,64,8,26,0,0,255,0,12,255,128,9,0,0,0,0,0,0,0,0,0,0,0,0,0,0,0,0,0,0,0,0,0,0,0,0,0,0,0,0,0,0,0,0,0,0,0,0,0,0,0,0,0,0,0,0,8,21,46,3,255,2,4,128,64,5,15,0,0,255,0,0,255,0,5,9,36,8,255,4,0,255,128,7,12,0,7,255,0,13,255,0,14,26,0,0,0,0,7,255,0,7,12,0,7,0,0,0,0,0,0,0,0,0,0,0,0,0,0,11,24,39,6,255,2,3,255,64,5,9,28,0,128,0,0,255,0,7,13,36,9,255,4,7,255,0,8,14,0,0,255,13,6,255,128,9,15,64,0,0,0,0,0,0,0,0,0,13,255,4,22,204,102,6,11,15,8,255,3,4,128,64,6,10,0,5,255,0,0,255,85,5,9,36,0,128,0,0,255,0,0,18,64,10,255,4,4,255,0,16,28,0,0,0,0,0,0,0,0,0,0,16,255,4,6,170,128,9,19,26,0,0,0,7,255,255,0,0,0,9,255,4,10,255,255,5,8,0,4,255,0,0,0,0,0,0,0,0,0,0
0,0,0,221,128,128,12,128,128,7,12,42,9,255,0,11,255,255,12,16,0,12,255,0,13,255,0,0,0,0,0,0,0,0,0,0,0,0,0,0,0,0,0,0,0,0,0,0,0,0,0,0,0,0,0,0,0,0,0,0,0,0,0,24,18,0,18,170,4,8,128,64,8,26,0,0,255,0,12,255,128,9,0,0,0,0,0,0,0,0,0,0,0,0,0,0,0,0,0,0,0,0,0,0,0,0,0,0,0,0,0,0,0,0,0,0,0,0,0,0,0,0,0,0,0,0,8,21,46,3,255,2,4,128,64,5,15,0,0,255,0,0,255,0,5,9,36,8,255,0,0,255,128,7,12,0,7,255,0,13,255,0,14,26,0,0,0,0,7,255,0,7,12,0,0,0,0,0,0,0,0,0,0,0,0,0,0,0,0,11,24,39,6,255,2,3,255,64,5,9,28,0,128,0,0,255,0,7,13,36,9,255,4,7,255,0,8,14,0,0,255,13,6,255,128,9,15,64,0,0,0,0,0,0,0,0,0,13,255,4,22,204,102,6,11,15,8,255,3,4,128,64,6,10,0,5,255,0,0,255,85,5,9,36,0,128,0,0,255,0,0,18,64,10,255,4,4,255,0,16,28,0,0,0,0,0,0,0,0,0,0,16,204,4,6,170,128,9,19,26,0,0,0,7,255,255,0,0,0,9,255,4,10,255,255,5,8,0,4,255,0,0,0,0,0,0,0,0,0,0
0,0,0,221,128,128,12,128,128,7,12,42,9,255,0,11,255,255,12,16,0,12,255,0,13,255,0,0,0,0,0,0,0,0,0,0,0,0,0,0,0,0,0,0,0,0,0,0,0,0,0,0,0,0,0,0,0,0,0,0,0,0,0,24,18,0,18,170,4,8,128,64,8,26,0,0,255,0,12,255,128,9,0,0,0,0,0,0,0,0,0,0,0,0,0,0,0,0,0,0,0,0,0,0,0,0,0,0,0,0,0,0,0,0,0,0,0,0,0,0,0,0,0,0,0,0,8,21,46,3,255,2,4,128,64,5,15,0,0,255,0,0,255,0,5,9,36,8,255,4,0,255,128,7,12,0,7,255,0,13,255,0,14,26,0,0,0,0,7,255,0,7,12,0,7,0,0,0,0,0,0,0,0,0,0,0,0,0,0,11,24,39,6,255,2,3,255,64,5,9,28,4,128,0,0,255,0,7,13,36,9,255,4,7,255,0,8,14,0,0,255,13,6,255,128,9,15,64,0,0,0,0,0,0,0,0,0,13,255,4,22,204,102,6,11,15,8,255,3,4,128,64,6,10,0,5,255,0,0,255,85,5,9,36,0,128,0,0,255,0,0,18,64,10,255,4,4,255,0,16,28,0,0,0,0,0,0,0,0,0,0,16,255,4,6,170,128,9,19,26,0,0,0,7,255,255,0,0,0,9,255,4,10,255,255,5,8,0,4,255,0,5,0,0,7,0,0,0,0,0
22,0,0,215,128,128,12,128,128,7,12,42,9,255,0,11,255,255,12,16,0,12,255,0,13,0,0,0,0,0,0,0,0,0,0,0,0,0,0,0,0,0,0,0,0,0,0,0,0,0,0,0,0,0,0,0,0,0,0,0,0,0,0,24,18,0,18,170,4,8,128,64,8,26,0,0,255,0,12,255,128,0,0,0,0,0,0,0,0,0,0,0,0,0,0,0,0,0,0,0,0,0,0,0,0,0,0,0,0,0,0,0,0,0,0,0,0,0,0,0,0,0,0,0,0,0,8,21,46,3,255,2,4,128,64,5,15,0,0,255,0,0,255,0,5,9,36,8,255,0,0,255,128,7,12,0,7,255,0,13,255,0,14,26,0,0,0,0,7,255,0,7,12,0,0,0,0,0,0,0,0,0,0,0,0,0,0,0,0,11,24,39,6,255,2,3,255,64,5,9,28,0,128,0,0,255,0,7,13,36,9,255,4,7,255,0,8,14,0,0,255,13,6,255,128,9,15,64,0,0,0,0,0,0,0,0,0,13,204,4,22,204,102,6,11,15,8,255,3,4,128,64,6,10,0,5,255,0,0,255,85,5,9,36,0,128,0,0,255,0,0,18,64,10,255,4,4,255,0,16,28,0,0,0,0,0,0,0,0,0,0,16,255,4,6,170,128,9,19,26,0,0,0,7,255,255,0,0,0,9,255,4,10,255,255,5,8,0,4,255,0,0,0,0,7,0,0,0,0,0
255,0,0,221,128,128,12,128,128,7,12,42,9,255,0,11,255,255,12,16,0,12,255,0,13,0,0,0,0,0,0,0,0,0,0,0,0,0,0,0,0,0,0,0,0,0,0,0,0,0,0,0,0,0,0,0,0,0,0,0,0,0,0,24,18,0,18,170,4,8,128,64,8,26,0,0,255,0,12,255,128,9,13,0,0,0,0,0,0,0,0,0,0,0,0,0,0,0,0,0,0,0,0,0,0,0,0,0,0,0,0,0,0,0,0,0,0,0,0,0,0,0,0,0,0,0,8,21,46,3,255,2,4,128,64,5,15,0,0,255,0,0,255,0,5,9,36,8,255,0,0,255,128,7,12,0,7,255,0,13,255,0,14,26,0,0,0,0,7,255,0,7,12,0,7,0,0,0,0,0,0,0,0,0,0,0,0,0,0,11,24,39,6,255,2,3,255,64,5,9,28,0,255,0,0,255,0,7,13,36,9,255,4,7,255,0,8,14,0,0,255,13,6,255,128,9,15,64,0,0,0,0,0,0,0,0,0,13,255,4,22,204,102,6,11,15,8,255,3,4,128,64,6,10,32,5,255,0,0,255,85,5,9,36,0,128,0,0,255,0,0,18,64,10,255,4,4,255,0,16,28,0,0,0,0,0,0,0,0,0,0,16,255,4,6,170,128,9,19,26,0,0,0,7,255,255,0,0,0,9,255,4,10,255,255,5,8,0,4,255,0,5,0,0,7,0,0,0,0,0
255,0,0,221,128,128,12,128,128,7,12,42,9,255,0,11,255,255,12,16,0,12,255,0,13,255,0,0,0,0,0,0,0,0,0,0,0,0,0,0,0,0,0,0,0,0,0,0,0,0,0,0,0,0,0,0,0,0,0,0,0,0,0,24,18,0,18,170,4,8,128,64,8,26,0,0,255,0,12,255,128,9,0,0,0,0,0,0,0,0,0,0,0,0,0,0,0,0,0,0,0,0,0,0,0,0,0,0,0,0,0,0,0,0,0,0,0,0,0,0,0,0,0,0,0,0,8,21,46,3,255,2,4,128,64,5,15,0,0,255,0,0,255,0,5,9,0,8,255,0,0,255,128,7,12,0,7,255,0,13,255,0,14,26,0,0,0,0,7,255,0,7,12,0,7,0,0,0,0,0,0,0,0,0,0,0,0,0,0,11,24,39,6,255,2,3,255,64,5,9,28,0,128,0,0,255,0,7,13,36,9,255,4,7,255,0,8,14,0,0,255,13,6,255,128,9,15,64,0,0,0,0,0,0,0,0,0,13,204,4,22,204,102,6,11,15,8,255,3,4,128,64,6,10,0,5,255,0,0,255,85,5,9,36,0,128,0,0,255,0,0,18,64,10,255,4,4,255,0,16,28,0,0,0,0,0,0,0,0,0,0,16,255,4,6,170,128,9,19,26,0,0,0,7,255,255,0,0,0,9,255,4,10,255,255,5,8,0,4,255,0,5,0,0,7,0,0,0,0,0
255,0,0,215,128,128,12,128,128,7,12,42,9,255,0,11,255,255,12,16,0,12,255,0,13,0,0,0,0,0,0,0,0,0,0,0,0,0,0,0,0,0,0,0,0,0,0,0,0,0,0,0,0,0,0,0,0,0,0,0,0,0,0,24,18,0,18,170,4,8,128,64,8,26,0,0,255,0,12,255,128,9,0,0,0,0,0,0,0,0,0,0,0,0,0,0,0,0,0,0,0,0,0,0,0,0,0,0,0,0,0,0,0,0,0,0,0,0,0,0,0,0,0,0,0,0,8,21,46,3,255,2,4,128,64,5,15,0,0,255,0,0,255,0,5,9,0,8,255,0,0,255,128,7,12,0,7,255,0,13,255,0,14,26,0,0,0,0,7,255,0,7,12,0,7,0,0,0,0,0,0,0,0,0,0,0,0,0,0,11,24,39,6,255,2,3,255,64,5,9,28,4,128,0,0,255,0,7,13,36,9,255,4,7,255,0,8,14,0,0,255,13,6,255,128,9,15,64,0,0,0,0,0,0,0,0,0,13,255,4,22,204,102,6,11,15,8,255,3,4,128,64,6,10,0,5,255,0,0,255,85,5,9,36,0,128,0,0,255,0,0,18,64,10,255,4,4,255,0,16,28,0,0,0,0,0,0,0,0,0,0,16,255,4,6,170,128,9,19,26,0,0,0,7,255,255,0,0,0,9,255,4,10,255,255,5,8,0,4,255,0,5,0,0,7,0,0,0,0,0
255,0,0,221,128,128,12,128,128,7,12,42,9,255,0,11,255,255,12,16,0,12,255,0,13,0,0,0,0,0,0,0,0,0,0,0,0,0,0,0,0,0,0,0,0,0,0,0,0,0,0,0,0,0,0,0,0,0,0,0,0,0,0,24,18,0,18,170,4,8,128,64,8,13,0,0,255,0,12,255,128,9,0,0,0,0,0,0,0,0,0,0,0,0,0,0,0,0,0,0,0,0,0,0,0,0,0,0,0,0,0,0,0,0,0,0,0,0,0,0,0,0,0,0,0,0,8,21,46,3,255,2,4,128,64,5,15,0,0,255,0,0,255,0,5,9,0,8,255,0,0,255,128,7,12,0,7,255,0,13,255,0,14,26,0,0,0,0,7,255,0,7,12,0,7,0,0,0,0,0,0,0,0,0,0,0,0,0,0,11,24,39,6,255,2,3,255,64,5,9,28,0,128,0,0,255,0,7,13,36,9,255,4,7,255,0,8,14,0,0,255,13,6,255,128,9,15,64,0,0,0,0,0,0,0,0,0,13,255,4,22,204,102,6,11,15,8,255,3,4,128,64,6,10,0,5,255,0,0,255,85,5,9,36,0,128,0,0,255,0,0,18,64,10,255,4,4,255,0,16,28,0,0,0,0,0,0,0,0,0,0,16,255,4,6,170,128,9,19,26,0,0,0,7,255,255,0,0,0,9,255,4,10,255,255,5,8,0,4,255,0,5,0,0,7,0,0,0,0,0
255,0,0,215,128,128,12,128,128,7,12,42,9,255,0,11,255,255,12,16,0,12,255,0,13,0,0,0,0,0,0,0,0,0,0,0,0,0,0,0,0,0,0,0,0,0,0,0,0,0,0,0,0,0,0,0,0,0,0,0,0,0,0,24,18,0,18,170,4,8,128,64,8,13,0,0,255,0,12,255,128,9,0,0,0,0,0,0,0,0,0,0,0,0,0,0,0,0,0,0,0,0,0,0,0,0,0,0,0,0,0,0,0,0,0,0,0,0,0,0,0,0,0,0,0,0,8,21,46,3,255,2,4,128,64,5,15,0,0,255,0,0,255,0,5,9,0,8,255,4,0,255,128,7,12,0,7,255,0,13,255,0,14,26,0,0,0,0,7,255,0,7,12,0,7,0,0,0,0,0,0,0,0,0,0,0,0,0,0,11,24,39,6,255,2,3,255,64,5,9,28,4,128,0,0,255,0,7,13,36,9,255,4,7,255,0,8,14,0,0,255,13,6,255,128,9,15,64,0,0,0,0,0,0,0,0,0,13,255,4,22,204,102,6,11,15,8,255,3,4,128,64,6,10,0,5,255,0,0,255,85,5,9,36,0,128,0,0,255,0,0,18,64,10,255,4,4,255,0,16,28,0,0,0,0,0,0,0,0,0,0,16,255,4,6,170,128,9,19,26,0,0,0,7,255,255,0,0,0,9,255,4,10,255,255,5,8,0,4,255,0,5,255,0,7,10,0,0,0,0
255,0,0,215,128,128,12,128,128,7,12,42,9,255,0,11,255,255,12,16,0,12,255,0,13,0,0,0,0,0,0,0,0,0,0,0,0,0,0,0,0,0,0,0,0,0,0,0,0,0,0,0,0,0,0,0,0,0,0,0,0,0,0,24,18,0,18,170,4,8,128,64,8,13,0,0,255,0,12,255,128,9,0,0,0,0,0,0,0,0,0,0,0,0,0,0,0,0,0,0,0,0,0,0,0,0,0,0,0,0,0,0,0,0,0,0,0,0,0,0,0,0,0,0,0,0,8,21,46,3,255,2,4,128,64,5,15,0,0,255,0,0,255,0,5,9,0,8,255,4,0,255,128,7,12,0,7,255,0,13,255,0,14,26,0,0,0,0,7,255,0,7,12,0,0,0,0,0,0,0,0,0,0,0,0,0,0,0,0,11,24,39,6,255,2,7,255,64,5,9,28,4,128,0,0,255,0,7,13,36,9,255,4,7,255,0,8,14,0,0,255,13,6,255,128,9,15,64,0,0,0,0,0,0,0,0,0,13,204,4,27,204,102,6,11,15,8,255,3,13,128,64,6,10,0,5,255,0,0,255,85,5,9,36,0,128,0,12,255,0,0,18,64,10,255,4,4,255,0,16,28,0,0,0,0,0,0,0,0,0,0,16,255,4,21,170,64,13,25,26,0,0,0,13,255,255,0,0,0,9,255,4,20,255,255,5,8,0,4,255,0,14,0,0,7,0,0,0,0,0
255,0,0,221,128,128,205,128,255,0,194,170,0,255,197,200,255,255,0,175,170,0,0,144,191,0,255,0,149,128,0,0,160,217,0,0,0,170,170,0,0,165,207,0,0,0,159,128,0,0,130,232,0,0,0,172,255,0,0,178,191,0,0,8,219,191,0,170,210,175,128,191,0,204,204,0,255,182,197,255,255,0,188,191,0,255,171,137,0,102,10,209,170,0,255,203,135,0,191,12,191,128,0,0,163,204,0,0,0,162,170,0,0,157,224,0,0,0,216,255,0,0,157,184,0,255,0,234,209,0,255,243,207,128,191,0,224,182,0,255,222,218,255,255,0,228,182,0,255,225,246,0,255,0,243,212,0,255,212,217,0,255,14,204,255,0,0,133,255,0,255,0,219,170,0,0,209,178,0,255,0,219,170,0,0,208,243,0,255,0,255,235,0,255,236,217,128,191,0,255,227,0,128,228,228,255,170,0,255,219,0,255,215,229,255,255,0,255,212,0,255,228,249,255,255,0,255,191,0,0,214,217,0,128,0,244,170,0,153,247,201,153,255,0,255,225,0,170,244,226,128,255,0,255,255,0,255,242,231,0,170,0,246,219,0,128,240,206,255,128,0,255,191,0,0,243,255,0,255,0,255,255,0,0,225,184,0,255,0,240,255,0,153,249,219,85,255,0,255,230,0,0,244,255,0,255,0,248,223,0,0,255,255,0,255,0,255,182,0,0,252,255,0,255,0,255,255,0,0,223
249,0,0,215,128,128,224,128,255,0,255,212,0,128,255,244,255,255,0,255,255,0,0,255,255,0,255,0,255,255,0,0,255,255,0,0,0,255,255,0,0,255,239,0,0,0,255,255,0,0,255,255,0,0,0,255,255,0,0,252,246,0,0,8,255,255,0,170,239,175,128,255,0,255,255,0,255,251,209,255,255,0,255,255,0,255,255,157,0,255,10,255,255,0,255,255,135,0,255,12,255,255,0,0,255,235,0,255,0,255,255,0,0,255,245,0,0,0,255,255,0,0,247,227,0,255,0,255,232,0,255,255,211,128,255,0,255,255,0,255,249,218,255,255,0,255,219,0,255,255,246,0,255,0,255,255,0,255,255,217,0,255,0,255,255,0,0,255,255,0,255,0,255,255,0,0,255,191,0,255,0,255,255,0,0,255,243,0,255,0,255,255,0,255,255,217,128,255,0,255,227,0,128,255,228,255,255,0,255,219,0,255,237,229,255,255,0,255,212,0,255,255,249,255,255,0,255,191,0,0,255,226,0,128,0,255,255,0,102,255,201,153,255,0,255,225,0,170,247,226,128,255,0,255,255,0,255,255,225,0,255,0,255,219,0,128,240,206,255,128,0,255,191,0,0,255,255,0,255,0,255,255,0,0,251,184,0,255,0,255,255,0,153,246,216,85,255,0,255,230,0,0,248,255,0,255,0,248,223,0,0,255,255,0,255,0,255,182,0,0,255,255,0,255,0,255,255,0,0,255
249,0,0,215,128,128,224,128,255,0,255,212,0,128,255,244,255,255,0,255,255,0,0,255,242,0,255,0,255,255,0,0,255,255,0,255,0,255,255,0,0,255,239,0,0,0,255,255,0,0,255,255,0,0,0,255,255,0,0,255,242,0,0,8,255,255,0,170,235,175,128,255,0,255,255,0,255,251,209,255,255,0,255,255,0,255,255,157,0,255,10,255,255,0,255,255,135,0,255,12,255,255,0,0,255,235,0,255,0,255,170,0,0,255,245,0,0,0,255,255,0,0,239,227,0,255,0,255,232,0,255,255,207,128,255,0,255,219,0,255,249,218,255,255,0,255,219,0,255,255,246,0,255,0,255,255,0,255,255,217,0,255,0,255,255,0,0,255,255,0,255,0,255,255,0,0,255,191,0,255,0,255,255,0,0,249,255,0,255,0,255,255,0,255,253,221,128,191,0,255,227,0,128,255,228,255,255,0,255,219,0,255,242,229,255,255,0,255,212,0,255,242,249,255,255,0,255,255,0,0,255,236,0,128,0,255,170,0,102,255,201,153,255,0,255,240,0,170,249,226,128,255,0,255,255,0,255,255,225,0,255,0,255,219,0,128,240,206,255,128,0,255,191,0,0,255,255,0,255,0,255,255,0,0,255,194,0,255,0,255,255,0,153,249,219,85,255,0,255,230,0,0,244,255,0,255,0,255,223,0,0,255,255,0,255,0,255,219,0,0,255,255,0,255,0,255,255,0,0,255
22,0,0,215,128,128,224,128,255,0,255,212,0,128,248,244,255,255,0,255,255,0,0,246,242,0,255,0,255,255,0,0,255,255,0,0,0,255,255,0,0,250,239,0,0,0,255,255,0,0,249,255,0,0,0,255,255,0,0,252,246,0,0,8,237,255,0,170,235,175,128,255,0,255,255,0,255,243,209,255,255,0,255,255,0,255,255,157,0,255,10,255,255,0,255,251,135,0,255,0,255,255,0,0,251,235,0,0,0,255,170,0,0,255,235,0,0,0,255,255,0,0,243,212,0,255,0,255,232,0,255,255,207,128,255,0,255,255,0,255,249,218,255,255,0,255,219,0,255,255,246,0,255,0,255,255,0,255,255,217,0,255,0,255,255,0,0,245,255,0,255,0,255,255,0,0,249,191,0,255,0,255,170,0,0,249,255,0,255,0,255,255,0,255,249,217,128,255,0,255,227,0,128,252,223,255,255,0,255,219,0,255,237,229,255,255,0,255,212,0,255,255,249,255,255,0,255,255,0,0,251,231,0,128,0,255,170,0,102,255,201,102,255,0,255,240,0,170,249,226,128,255,0,255,255,0,255,249,225,0,255,0,255,219,0,128,248,206,255,128,0,255,191,0,0,251,247,0,255,0,255,255,0,0,251,184,0,255,0,255,255,0,153,249,219,85,255,0,255,230,0,0,248,255,0,255,0,255,223,0,0,255,255,0,255,0,255,219,0,0,255,255,0,255,0,255,255,0,0,255
0,0,0,210,128,128,224,128,255,0,255,212,0,128,244,222,255,255,0,255,255,0,0,251,242,0,255,0,255,255,0,0,246,242,0,0,0,255,255,0,0,245,239,0,0,0,255,255,0,0,243,255,0,0,0,248,255,0,0,245,242,0,0,8,237,255,0,170,235,175,128,191,0,242,204,0,255,247,209,255,255,0,255,191,0,255,242,147,0,255,10,255,170,0,255,242,135,0,255,0,255,255,0,0,246,224,0,0,0,232,170,0,0,250,235,0,0,0,255,255,0,0,251,212,0,255,0,255,209,0,255,255,207,128,255,0,255,219,0,255,249,218,255,255,0,246,219,0,0,255,246,0,255,0,255,255,0,255,246,204,0,255,0,255,255,0,0,235,248,0,0,0,243,255,0,0,237,178,0,255,0,255,170,0,0,255,232,0,255,0,249,255,0,170,246,217,128,191,0,246,227,0,128,244,223,255,255,0,242,255,0,255,246,229,0,255,0,255,212,0,255,242,243,255,128,0,255,255,0,0,251,221,0,128,0,255,170,0,102,249,190,153,255,0,250,240,0,170,249,230,128,191,0,255,223,0,255,255,225,0,170,0,255,219,0,128,240,206,255,128,0,255,191,0,0,247,243,0,255,0,227,255,0,0,251,184,0,255,0,255,255,0,153,249,219,85,255,0,255,230,0,0,251,248,0,255,0,248,223,0,0,247,245,0,255,0,255,219,0,0,252,246,0,255,0,255,255,0,0,255
0,0,0,210,128,128,218,128,128,0,255,212,0,128,248,222,255,255,0,255,255,0,0,242,242,0,255,0,255,255,0,0,246,242,0,0,0,255,255,0,0,245,239,0,0,0,255,255,0,0,243,252,0,0,0,248,255,0,0,245,242,0,0,8,237,255,0,170,235,175,128,191,0,242,204,0,255,247,209,255,255,0,255,191,0,255,247,147,0,255,10,255,255,0,255,242,135,0,255,0,255,255,0,0,246,224,0,0,0,232,170,0,0,250,235,0,0,0,255,255,0,0,247,212,0,255,0,255,209,0,255,255,203,128,255,0,255,219,0,255,243,218,255,255,0,255,219,0,255,251,246,0,255,0,255,255,0,255,246,204,0,255,0,255,255,0,0,224,248,0,0,0,243,255,0,0,237,178,0,255,0,255,170,0,0,243,232,0,255,0,249,255,0,255,249,217,128,191,0,246,227,0,128,244,223,255,255,0,242,219,0,255,242,229,0,255,0,255,212,0,255,242,243,255,128,0,255,255,0,0,251,221,0,128,0,255,170,0,102,249,190,102,255,0,255,240,0,170,249,226,128,191,0,255,223,0,255,255,225,0,170,0,255,219,0,128,240,206,255,128,0,255,191,0,0,247,247,0,255,0,227,255,0,0,251,184,0,255,0,255,255,0,153,249,213,85,255,0,255,230,0,0,251,248,0,255,0,248,223,0,0,247,235,0,255,0,255,219,0,0,252,246,0,255,0,255,255,0,0,255
0,0,0,210,128,128,211,128,128,0,231,212,0,128,248,222,255,255,0,239,255,0,0,246,230,0,255,0,255,255,0,0,246,242,0,0,0,255,255,0,0,245,223,0,0,0,255,255,0,0,243,239,0,0,0,248,255,0,0,252,234,0,0,8,237,255,0,170,235,175,128,191,0,242,204,0,255,251,197,255,255,0,242,191,0,255,247,147,0,255,10,255,170,0,255,242,120,0,255,0,255,255,0,0,246,214,0,0,0,232,170,0,0,245,224,0,0,0,235,255,0,0,243,212,0,255,0,241,209,0,255,253,195,128,255,0,255,219,0,255,243,218,255,255,0,246,219,0,255,251,230,0,255,0,255,255,0,255,246,204,0,255,0,230,255,0,0,224,241,0,0,0,243,170,0,0,237,178,0,255,0,255,170,0,0,243,243,0,255,0,249,255,0,255,246,217,128,191,0,246,227,0,128,244,223,255,255,0,242,219,0,255,237,229,0,255,0,255,212,0,255,228,243,255,128,0,255,255,0,0,244,226,0,128,0,255,170,0,102,253,184,102,255,0,255,240,0,170,244,230,128,191,0,255,223,0,255,249,225,0,170,0,255,219,0,128,225,206,255,128,0,255,191,0,0,239,243,0,255,0,227,255,0,0,246,184,0,255,0,255,255,0,153,249,211,85,255,0,255,230,0,0,244,248,0,255,0,248,223,0,0,243,245,0,255,0,255,219,0,0,244,241,0,255,0,255,255,0,0,255
0,0,0,153,128,128,162,128,128,0,219,212,0,128,244,177,255,255,0,239,255,0,0,242,204,0,255,0,255,255,0,0,242,178,0,0,0,234,255,0,0,240,175,0,0,0,223,255,0,0,237,216,0,0,0,248,255,0,0,252,221,0,0,8,200,191,0,170,227,112,128,191,0,204,204,0,255,240,139,255,255,0,228,191,0,255,238,108,0,204,0,185,170,0,255,233,75,0,191,0,191,128,0,0,237,143,0,0,0,209,170,0,0,240,163,0,0,0,235,255,0,0,247,184,0,255,0,179,162,0,255,253,120,128,191,0,193,182,0,255,237,135,255,255,0,209,182,0,0,246,170,0,255,0,182,170,0,255,230,115,0,255,0,204,255,0,0,204,159,0,0,0,206,170,0,0,230,115,0,255,0,200,170,0,0,237,151,0,0,0,166,177,0,170,236,107,128,191,0,173,170,0,128,239,122,255,170,0,178,182,0,255,219,137,0,128,0,170,170,0,255,215,128,255,128,0,180,191,0,0,232,144,0,128,0,177,170,0,153,229,98,102,204,0,152,150,0,170,238,105,128,191,0,177,159,0,255,236,109,0,170,0,182,146,0,128,202,97,255,128,0,182,191,0,0,220,134,0,255,0,142,255,0,0,212,92,0,255,0,180,255,0,153,216,83,85,191,0,143,128,0,0,222,111,0,255,0,163,159,0,0,179,112,0,255,0,143,109,0,0,236,102,0,255,0,153,128,0,0,191
0,0,0,11,255,128,12,128,128,7,12,42,0,128,0,11,255,0,12,16,0,0,0,4,0,0,0,0,0,0,0,0,0,0,0,0,0,0,0,0,0,0,0,0,0,0,0,0,0,0,0,0,0,0,0,0,0,0,0,3,0,0,0,8,18,0,6,170,4,8,128,0,8,13,0,0,255,0,12,255,0,0,0,0,0,0,0,0,0,0,0,0,0,0,0,0,0,0,0,0,0,0,0,0,0,0,0,0,0,0,0,0,0,0,0,0,0,0,0,0,0,0,0,0,0,0,8,21,46,3,255,2,4,128,64,0,8,0,0,255,0,0,255,0,5,9,0,8,255,0,0,255,0,7,0,0,0,0,0,0,0,0,0,0,0,0,0,0,7,0,0,0,0,0,0,0,0,0,0,0,0,0,0,0,0,0,0,0,0,11,18,20,6,170,2,3,255,0,5,9,28,0,128,0,0,255,0,7,13,36,9,255,0,7,0,0,8,14,0,0,255,13,6,255,0,9,15,0,0,0,0,0,0,0,0,0,0,10,204,4,16,204,102,6,11,15,4,170,3,4,128,64,6,10,0,5,255,0,0,255,0,5,9,36,0,128,0,0,255,0,0,18,64,10,255,0,4,0,0,0,0,0,0,0,0,0,0,0,0,0,0,16,204,4,6,170,64,9,19,0,0,0,0,7,255,0,0,0,0,9,255,0,10,255,0,5,8,0,0,255,0,0,0,0,0,0,0,0,0,0
0,0,0,11,255,128,6,128,128,7,12,42,0,255,0,11,255,0,12,16,0,12,255,0,0,0,0,0,0,0,0,0,0,0,0,0,0,0,0,0,0,0,0,0,0,0,0,0,0,0,0,0,0,0,0,0,0,0,0,0,0,0,0,8,18,0,6,170,4,8,128,0,8,13,0,0,255,0,12,255,0,0,0,0,0,0,0,0,0,0,0,0,0,0,0,0,0,0,0,0,0,0,0,0,0,0,0,0,0,0,0,0,0,0,0,0,0,0,0,0,0,0,0,0,0,0,8,21,46,3,255,2,4,128,64,5,8,0,0,255,0,0,255,0,5,9,0,8,255,0,0,255,0,7,12,0,0,0,0,0,0,0,0,0,0,0,0,0,7,0,0,0,0,0,0,0,0,0,0,0,0,0,0,0,0,0,0,0,0,11,18,20,6,170,2,3,255,0,5,9,28,0,128,0,0,255,0,7,13,36,9,255,0,7,0,0,8,14,0,0,255,13,6,255,0,9,15,0,0,0,0,0,0,0,0,0,0,10,204,4,16,204,102,6,5,15,4,170,3,4,128,64,6,10,0,5,255,0,0,255,0,5,9,36,0,128,0,0,255,0,0,18,64,10,255,0,4,0,0,0,0,0,0,0,0,0,0,0,0,0,0,16,204,4,6,170,128,9,19,26,0,0,0,7,255,255,0,0,0,9,255,0,10,255,0,5,8,0,0,255,0,0,0,0,0,0,0,0,0,0
0,0,0,11,255,128,12,128,128,7,12,42,0,255,0,11,255,0,12,16,0,12,255,0,0,0,0,0,0,0,0,0,0,0,0,0,0,0,0,0,0,0,0,0,0,0,0,0,0,0,0,0,0,0,0,0,0,0,0,0,0,0,0,8,18,0,6,170,4,8,128,0,8,13,0,0,255,0,12,255,0,0,0,0,0,0,0,0,0,0,0,0,0,0,0,0,0,0,0,0,0,0,0,0,0,0,0,0,0,0,0,0,0,0,0,0,0,0,0,0,0,0,0,0,0,0,8,21,46,3,255,2,4,128,64,5,15,0,0,255,0,0,255,0,5,9,0,8,255,0,0,255,0,7,12,0,0,0,0,13,0,0,0,0,0,0,0,0,7,0,0,0,0,0,0,0,0,0,0,0,0,0,0,0,0,0,0,0,0,11,18,20,6,170,2,3,255,0,5,9,28,0,128,0,0,255,0,7,13,36,9,255,0,7,0,0,8,14,0,0,255,13,6,255,0,9,15,0,0,0,0,0,0,0,0,0,0,13,204,4,16,204,102,6,11,15,4,170,3,4,128,64,6,10,0,5,255,0,0,255,0,5,9,36,0,128,0,0,255,0,0,18,64,10,255,0,4,0,0,0,0,0,0,0,0,0,0,0,0,0,0,16,204,4,6,170,128,9,19,26,0,0,0,7,255,255,0,0,0,9,255,0,10,255,0,5,8,0,0,255,0,0,0,0,0,0,0,0,0,0
0,0,0,11,255,0,12,128,128,7,12,42,0,255,0,11,255,0,12,16,0,12,255,0,0,0,0,0,0,0,0,0,0,0,0,0,0,0,0,0,0,0,0,0,0,0,0,0,0,0,0,0,0,0,0,0,0,0,0,0,0,0,0,8,18,0,6,170,4,8,128,0,8,13,0,0,255,0,12,255,0,0,0,0,0,0,0,0,0,0,0,0,0,0,0,0,0,0,0,0,0,0,0,0,0,0,0,0,0,0,0,0,0,0,0,0,0,0,0,0,0,0,0,0,0,0,8,21,46,3,255,2,4,128,64,5,15,0,0,255,0,0,255,0,5,9,0,8,255,0,0,255,0,7,12,0,0,0,0,13,0,0,0,0,0,0,0,0,7,0,0,0,0,0,0,0,0,0,0,0,0,0,0,0,0,0,0,0,0,11,18,20,6,170,2,3,255,0,5,9,28,0,128,0,0,255,0,7,13,36,9,255,0,7,0,0,8,14,0,0,255,13,6,255,0,9,15,0,0,0,0,0,0,0,0,0,0,13,204,4,16,204,102,6,11,15,4,170,3,4,128,64,6,10,0,5,255,0,0,255,0,5,9,36,0,128,0,0,255,0,0,18,64,10,255,0,4,0,0,0,0,0,0,0,0,0,0,0,0,0,0,16,204,4,6,170,128,9,19,26,0,0,0,7,255,0,0,0,0,9,255,0,10,255,0,5,8,0,0,255,0,0,0,0,0,0,0,0,0,0
0,0,0,11,255,128,12,128,128,7,12,42,0,128,0,11,255,0,12,16,0,12,255,0,0,0,0,0,0,0,0,0,0,0,0,0,0,0,0,0,0,0,0,0,0,0,0,0,0,0,0,0,0,0,0,0,0,0,0,0,0,0,0,8,18,0,6,170,4,8,128,0,8,13,0,0,255,0,12,255,0,0,0,0,0,0,0,0,0,0,0,0,0,0,0,0,0,0,0,0,0,0,0,0,0,0,0,0,0,0,0,0,0,0,0,0,0,0,0,0,0,0,0,0,0,0,8,21,46,3,255,2,4,128,64,5,15,0,0,255,0,0,255,0,5,9,0,8,255,0,0,255,0,7,12,0,0,0,0,13,0,0,0,0,0,0,0,0,7,0,0,0,0,0,0,0,0,0,0,0,0,0,0,0,0,0,0,0,0,11,18,20,6,170,2,3,255,0,5,9,28,0,128,0,0,255,0,7,13,36,9,255,0,7,0,0,8,14,0,0,255,13,6,255,0,9,15,0,0,0,0,0,0,0,0,0,0,13,204,4,16,204,102,6,11,15,4,170,3,4,128,64,6,10,0,5,255,0,0,255,0,5,9,36,0,128,0,0,255,0,0,18,64,10,255,0,4,0,0,16,0,0,0,0,0,0,0,0,0,0,0,16,204,4,6,170,128,9,19,26,0,0,0,7,255,0,0,0,0,9,255,0,10,255,0,5,8,0,0,255,0,0,0,0,0,0,0,0,0,0
0,0,0,11,255,128,6,128,128,7,12,42,0,128,0,11,255,0,12,16,0,12,255,0,0,0,0,0,0,0,0,0,0,0,0,0,0,0,0,0,0,0,0,0,0,0,0,0,0,0,0,0,0,0,0,0,0,0,0,0,0,0,0,8,18,0,6,170,4,8,128,0,0,13,0,0,255,0,12,255,0,0,0,0,0,0,0,0,0,0,0,0,0,0,0,0,0,0,0,0,0,0,0,0,0,0,0,0,0,0,0,0,0,0,0,0,0,0,0,0,0,0,0,0,0,0,8,21,46,3,255,2,4,128,64,5,8,0,0,255,0,0,255,0,5,9,0,8,255,0,0,255,0,7,12,0,0,0,0,0,0,0,0,0,0,0,0,0,7,0,0,0,0,0,0,0,0,0,0,0,0,0,0,0,0,0,0,0,0,11,18,20,3,170,2,3,255,0,5,9,28,0,128,0,0,255,0,7,13,36,9,255,0,7,0,0,8,14,0,0,255,13,6,255,0,9,15,0,0,0,0,0,0,0,0,0,0,13,204,4,16,204,102,6,11,15,4,170,3,4,128,64,6,10,0,5,255,0,0,255,0,5,9,36,0,128,0,0,255,0,0,18,64,10,255,0,4,0,0,0,0,0,0,0,0,0,0,0,0,0,0,16,204,4,6,170,64,9,19,26,0,0,0,7,255,0,0,0,0,9,255,0,10,255,0,5,8,0,0,255,0,0,0,0,0,0,0,0,0,0
0,0,0,11,255,128,12,128,128,7,12,42,0,128,0,11,255,0,12,16,0,12,255,0,0,0,0,0,0,0,0,0,0,0,0,0,0,0,0,0,0,0,0,0,0,0,0,0,0,0,0,0,0,0,0,0,0,0,0,0,0,0,0,8,18,0,6,170,4,8,128,0,0,13,0,0,255,0,12,255,0,0,0,0,0,0,0,0,0,0,0,0,0,0,0,0,0,0,0,0,0,0,0,0,0,0,0,0,0,0,0,0,0,0,0,0,0,0,0,0,0,0,0,0,0,0,8,21,46,3,255,2,4,128,64,5,8,0,0,255,0,0,255,0,5,9,0,8,255,0,0,255,0,7,12,0,0,0,0,0,0,0,0,0,0,0,0,0,7,0,0,0,0,0,0,0,0,0,0,0,0,0,0,0,0,0,0,0,0,11,18,20,3,170,2,3,255,0,5,9,28,0,128,0,0,255,0,7,13,36,9,255,4,7,0,0,8,14,0,0,255,13,6,255,0,9,15,0,0,0,0,0,0,0,0,0,0,13,204,4,16,204,102,6,11,15,4,170,3,4,128,64,6,10,0,5,255,0,0,255,0,5,9,36,0,128,0,0,255,0,0,18,64,10,255,0,4,0,0,0,0,0,0,0,0,0,0,0,0,0,0,16,204,4,6,170,128,9,19,26,0,0,0,7,255,0,0,0,0,9,255,0,10,255,0,5,8,0,0,255,0,0,0,0,0,0,0,0,0,0
0,0,0,11,255,128,12,128,128,7,12,42,0,128,0,11,255,0,12,16,0,12,255,0,0,0,0,0,0,0,0,0,0,0,0,0,0,0,0,0,0,0,0,0,0,0,0,0,0,0,0,0,0,0,0,0,0,0,0,0,0,0,0,8,18,0,6,170,4,8,128,0,0,13,0,0,255,0,12,255,0,0,0,0,0,0,0,0,0,0,0,0,0,0,0,0,0,0,0,0,0,0,0,0,0,0,0,0,0,0,0,0,0,0,0,0,0,0,0,0,0,0,0,0,0,0,8,21,46,3,255,2,4,128,64,0,8,0,0,255,0,0,255,0,5,9,0,8,255,0,0,255,0,7,12,0,0,0,0,0,0,0,0,0,0,0,0,0,0,0,0,0,0,0,0,0,0,0,0,0,0,0,0,0,0,0,0,0,0,11,18,20,3,170,2,3,255,0,5,9,28,0,128,0,0,255,0,7,13,36,9,255,0,7,0,0,8,14,0,0,255,13,6,255,0,9,15,0,0,0,0,0,0,0,0,0,0,10,204,4,16,204,102,6,11,15,4,170,3,4,128,64,6,10,0,5,255,0,0,255,0,5,9,36,0,128,0,0,255,0,0,18,64,10,255,0,4,0,0,0,0,0,0,0,0,0,0,0,0,0,0,16,204,4,6,170,64,9,19,0,0,0,0,7,255,0,0,0,0,9,255,0,10,255,0,5,8,0,0,255,0,0,0,0,0,0,0,0,0,0
0,0,0,11,255,0,6,128,128,7,12,42,0,128,0,11,255,0,12,16,0,12,255,0,0,0,0,0,0,0,0,0,0,0,0,0,0,0,0,0,0,0,0,0,0,0,0,0,0,0,0,0,0,0,0,0,0,0,0,0,0,0,0,8,18,0,6,170,4,8,128,0,0,13,0,0,255,0,12,255,0,0,0,0,0,0,0,0,0,0,0,0,0,0,0,0,0,0,0,0,0,0,0,0,0,0,0,0,0,0,0,0,0,0,0,0,0,0,0,0,0,0,0,0,0,0,8,21,46,3,255,2,4,128,64,0,8,0,0,255,0,0,255,0,5,9,0,8,255,0,0,255,0,7,12,0,0,0,0,0,0,0,0,0,0,0,0,0,0,0,0,0,0,0,0,0,0,0,0,0,0,0,0,0,0,0,0,0,0,11,18,20,3,170,2,3,255,0,5,9,0,0,128,0,0,255,0,7,13,36,9,255,4,7,0,0,8,14,0,0,255,13,6,255,0,9,15,0,0,0,0,0,0,0,0,0,0,13,204,4,16,204,102,6,11,15,4,170,3,4,128,64,6,10,0,5,255,0,0,255,0,5,9,36,0,128,0,0,255,0,0,18,64,10,255,0,4,0,0,0,0,0,0,0,0,0,0,0,0,0,0,16,204,4,6,170,64,9,19,26,0,0,0,7,255,0,0,0,0,9,255,0,10,255,0,5,8,0,0,0,0,0,0,0,0,0,0,0,0,0
0,0,0,11,255,0,6,128,128,7,12,42,0,128,0,11,255,0,12,16,0,12,255,0,0,0,0,0,0,0,0,0,0,0,0,0,0,0,0,0,0,0,0,0,0,0,0,0,0,0,0,0,0,0,0,0,0,0,0,0,0,0,0,8,18,0,6,170,4,8,128,0,0,13,0,0,255,0,12,255,0,0,0,0,0,0,0,0,0,0,0,0,0,0,0,0,0,0,0,0,0,0,0,0,0,0,0,0,0,0,0,0,0,0,0,0,0,0,0,0,0,0,0,0,0,0,8,21,46,3,255,2,4,128,64,0,8,0,0,255,0,0,255,0,5,9,0,8,255,0,0,255,0,7,12,0,0,0,0,0,0,0,0,0,0,0,0,0,0,0,0,0,0,0,0,0,0,0,0,0,0,0,0,0,0,0,0,0,0,11,18,20,3,170,2,3,255,0,5,9,0,0,128,0,0,255,0,7,13,36,9,255,0,7,0,0,8,14,0,0,255,13,6,255,0,9,15,0,0,0,0,0,0,0,0,0,0,10,204,4,16,204,102,6,11,15,4,170,3,4,128,64,6,10,0,5,255,0,0,255,0,5,9,36,0,128,0,0,255,0,0,18,64,10,255,0,4,0,0,0,0,0,0,0,0,0,0,0,0,0,0,12,204,4,6,170,64,9,19,26,0,0,0,7,255,0,0,0,0,9,255,0,10,255,0,5,8,0,0,0,0,0,0,0,0,0,0,0,0,0
0,0,0,11,128,0,6,128,128,7,12,42,0,128,0,11,255,0,12,0,0,12,0,0,0,0,0,0,0,0,0,0,0,0,0,0,0,0,0,0,0,0,0,0,0,0,0,0,0,0,0,0,0,0,0,0,0,0,0,0,0,0,0,8,18,0,6,170,4,8,128,0,0,13,0,0,255,0,12,255,0,0,0,0,0,0,0,0,0,0,0,0,0,0,0,0,0,0,0,0,0,0,0,0,0,0,0,0,0,0,0,0,0,0,0,0,0,0,0,0,0,0,0,0,0,0,8,21,46,3,128,2,4,128,64,0,8,0,0,255,0,0,255,0,0,9,0,8,255,0,0,255,0,7,12,0,0,0,0,0,0,0,0,0,0,0,0,0,0,0,0,0,0,0,0,0,0,0,0,0,0,0,0,0,0,0,0,0,0,11,18,20,3,170,2,3,255,0,5,9,0,0,128,0,0,255,0,7,13,36,9,255,0,7,0,0,8,14,0,0,255,13,6,255,0,9,15,0,0,0,0,0,0,0,0,0,0,10,204,4,16,204,102,6,11,15,4,170,3,4,128,64,6,10,0,5,255,0,0,255,0,5,9,36,0,128,0,0,255,0,0,18,64,10,255,0,0,0,0,0,0,0,0,0,0,0,0,0,0,0,0,16,204,4,6,170,64,9,19,26,0,0,0,7,255,0,0,0,0,9,255,0,10,255,0,5,8,0,0,0,0,0,0,0,0,0,0,0,0,0
0,0,0,6,128,0,6,128,128,7,12,0,0,128,0,11,255,0,12,0,0,12,0,0,0,0,0,0,0,0,0,0,0,0,0,0,0,0,0,0,0,0,0,0,0,0,0,0,0,0,0,0,0,0,0,0,0,0,0,0,0,0,0,8,18,0,6,170,4,8,128,0,0,13,0,0,255,0,12,255,0,0,0,0,0,0,0,0,0,0,0,0,0,0,0,0,0,0,0,0,0,0,0,0,0,0,0,0,0,0,0,0,0,0,0,0,0,0,0,0,0,0,0,0,0,0,8,21,46,3,128,2,4,128,64,0,8,0,0,255,0,0,255,0,0,0,0,8,255,0,0,255,0,7,0,0,0,0,0,0,0,0,0,0,0,0,0,0,0,0,0,0,0,0,0,0,0,0,0,0,0,0,0,0,0,0,0,0,0,11,18,20,3,170,2,0,128,0,5,9,0,0,128,0,0,255,0,7,13,36,9,255,0,7,0,0,8,14,0,0,255,13,6,255,0,9,15,0,0,0,0,0,0,0,0,0,0,10,204,4,16,204,102,3,11,15,4,170,3,4,128,64,6,10,0,5,255,0,0,255,0,5,9,36,0,128,0,0,255,0,0,18,64,10,0,0,0,0,0,0,0,0,0,0,0,0,0,0,0,0,0,16,204,4,3,170,64,9,19,26,0,0,0,7,255,0,0,0,0,9,255,0,10,255,0,5,0,0,0,0,0,0,0,0,0,0,0,0,0,0
0,0,0,11,128,0,6,128,0,7,12,0,0,128,0,11,255,0,12,0,0,12,0,0,0,0,0,0,0,0,0,0,0,0,0,0,0,0,0,0,0,0,0,0,0,0,0,0,0,0,0,0,0,0,0,0,0,0,0,0,0,0,0,8,18,0,6,170,4,8,128,0,0,13,0,0,255,0,12,255,0,0,0,0,0,0,0,0,0,0,0,0,0,0,0,0,0,0,0,0,0,0,0,0,0,0,0,0,0,0,0,0,0,0,0,0,0,0,0,0,0,0,0,0,0,0,8,21,46,3,128,2,4,128,64,0,8,0,0,255,0,0,255,0,0,0,0,8,255,0,0,255,0,7,0,0,0,0,0,0,0,0,0,0,0,0,0,0,0,0,0,0,0,0,0,0,0,0,0,0,0,0,0,0,0,0,0,0,0,11,18,20,3,170,2,0,128,0,5,9,0,0,128,0,0,255,0,7,13,0,9,255,0,0,0,0,8,0,0,0,255,13,6,255,0,9,15,0,0,0,0,0,0,0,0,0,0,10,204,4,16,204,102,3,5,15,4,170,3,4,128,64,6,10,0,5,255,0,0,255,0,5,9,36,0,128,0,0,255,0,0,18,64,10,0,0,0,0,0,0,0,0,0,0,0,0,0,0,0,0,0,12,204,4,6,170,64,9,19,26,0,0,0,7,255,0,0,0,0,9,255,0,10,255,0,5,0,0,0,0,0,0,0,0,0,0,0,0,0,0
0,0,0,6,128,0,6,128,0,7,12,0,0,128,0,11,255,0,0,0,0,0,0,0,0,0,0,0,0,0,0,0,0,0,0,0,0,0,0,0,0,0,0,0,0,0,0,0,0,0,0,0,0,0,0,0,0,0,0,0,0,0,0,8,18,0,6,170,4,8,128,0,0,13,0,0,255,0,12,255,0,0,0,0,0,0,0,0,0,0,0,0,0,0,0,0,0,0,0,0,0,0,0,0,0,0,0,0,0,0,0,0,0,0,0,0,0,0,0,0,0,0,0,0,0,0,8,21,46,0,128,2,4,128,64,0,8,0,0,255,0,0,255,0,0,0,0,8,255,0,0,255,0,7,0,0,0,0,0,0,0,0,0,0,0,0,0,0,0,0,0,0,0,0,0,0,0,0,0,0,0,0,0,0,0,0,0,0,0,7,18,20,3,170,2,0,128,0,5,9,0,0,128,0,0,255,0,7,13,0,9,255,0,0,0,0,8,0,0,0,255,13,6,255,0,9,0,0,0,0,0,0,0,0,0,0,0,10,204,2,16,153,102,3,5,15,4,170,0,4,128,64,0,0,0,5,255,0,0,255,0,5,9,36,0,128,0,0,255,0,0,18,64,0,0,0,0,0,0,0,0,0,0,0,0,0,0,0,0,0,0,12,204,4,3,170,64,9,19,0,0,0,0,7,255,0,0,0,0,0,0,0,10,255,0,0,0,0,0,0,0,0,0,0,0,0,0,0,0,0
0,0,0,11,128,0,6,128,0,7,12,0,0,128,0,11,255,0,0,0,0,0,0,0,0,0,0,0,0,0,0,0,0,0,0,0,0,0,0,0,0,0,0,0,0,0,0,0,0,0,0,0,0,0,0,0,0,0,0,0,0,0,0,8,18,0,6,170,4,8,128,0,0,13,0,0,255,0,12,0,0,0,0,0,0,0,0,0,0,0,0,0,0,0,0,0,0,0,0,0,0,0,0,0,0,0,0,0,0,0,0,0,0,0,0,0,0,0,0,0,0,0,0,0,0,0,8,14,46,0,128,2,4,128,64,0,8,0,0,255,0,0,255,0,0,0,0,8,255,0,0,255,0,7,0,0,0,0,0,0,0,0,0,0,0,0,0,0,0,0,0,0,0,0,0,0,0,0,0,0,0,0,0,0,0,0,0,0,0,7,18,20,3,170,2,0,128,0,5,9,0,0,128,0,0,255,0,7,13,0,9,255,0,0,0,0,8,0,0,0,255,13,6,255,0,9,0,0,0,0,0,0,0,0,0,0,0,10,204,4,16,153,102,3,5,15,4,170,0,4,128,64,0,0,0,5,255,0,0,255,0,5,9,36,0,128,0,0,255,0,0,18,64,0,0,0,0,0,0,0,0,0,0,0,0,0,0,0,0,0,0,12,204,4,3,170,64,9,19,0,0,0,0,7,255,0,0,0,0,0,0,0,10,255,0,0,0,0,0,0,0,0,0,0,0,0,0,0,0,0
0,0,0,6,128,0,6,128,0,7,12,0,0,128,0,11,0,0,0,0,0,0,0,0,0,0,0,0,0,0,0,0,0,0,0,0,0,0,0,0,0,0,0,0,0,0,0,0,0,0,0,0,0,0,0,0,0,0,0,0,0,0,0,8,18,0,6,170,4,8,128,0,0,13,0,0,255,0,12,0,0,0,0,0,0,0,0,0,0,0,0,0,0,0,0,0,0,0,0,0,0,0,0,0,0,0,0,0,0,0,0,0,0,0,0,0,0,0,0,0,0,0,0,0,0,0,8,14,46,0,128,2,4,128,64,0,8,0,0,255,0,0,255,0,0,0,0,8,0,0,0,255,0,0,0,0,0,0,0,0,0,0,0,0,0,0,0,0,0,0,0,0,0,0,0,0,0,0,0,0,0,0,0,0,0,0,0,0,0,7,18,20,3,170,2,0,128,0,5,9,0,0,128,0,0,255,0,7,13,0,9,255,0,0,0,0,8,0,0,0,255,13,6,255,0,9,0,0,0,0,0,0,0,0,0,0,0,10,204,4,16,153,102,3,5,15,4,170,0,4,128,64,0,0,0,5,255,0,0,255,0,5,9,0,0,128,0,0,255,0,0,18,64,0,0,0,0,0,0,0,0,0,0,0,0,0,0,0,0,0,0,12,204,4,3,170,64,9,12,0,0,0,0,7,255,0,0,0,0,0,0,0,10,0,0,0,0,0,0,0,0,0,0,0,0,0,0,0,0,0
0,0,0,6,128,0,6,128,0,7,12,0,0,128,0,11,0,0,0,0,0,0,0,0,0,0,0,0,0,0,0,0,0,0,0,0,0,0,0,0,0,0,0,0,0,0,0,0,0,0,0,0,0,0,0,0,0,0,0,0,0,0,0,8,18,0,6,170,4,8,128,0,0,13,0,0,255,0,12,0,0,0,0,0,0,0,0,0,0,0,0,0,0,0,0,0,0,0,0,0,0,0,0,0,0,0,0,0,0,0,0,0,0,0,0,0,0,0,0,0,0,0,0,0,0,0,8,14,46,0,128,2,4,128,64,0,8,0,0,255,0,0,255,0,0,0,0,8,0,0,0,255,0,0,0,0,0,0,0,0,0,0,0,0,0,0,0,0,0,0,0,0,0,0,0,0,0,0,0,0,0,0,0,0,0,0,0,0,0,7,18,20,3,170,2,0,128,0,5,9,0,0,128,0,0,255,0,7,13,0,9,255,0,0,0,0,0,0,0,0,255,13,6,255,0,9,0,0,0,0,0,0,0,0,0,0,0,10,204,4,16,153,102,3,5,15,4,170,0,4,128,64,0,0,0,5,255,0,0,255,0,5,9,0,0,128,0,0,255,0,0,18,64,0,0,0,0,0,0,0,0,0,0,0,0,0,0,0,0,0,0,12,204,4,3,170,64,9,12,0,0,0,0,7,0,0,0,0,0,0,0,0,10,0,0,0,0,0,0,0,0,0,0,0,0,0,0,0,0,0
0,0,0,6,128,0,6,128,0,7,12,0,0,128,0,0,0,0,0,0,0,0,0,0,0,0,0,0,0,0,0,0,0,0,0,0,0,0,0,0,0,0,0,0,0,0,0,0,0,0,0,0,0,0,0,0,0,0,0,0,0,0,0,8,18,0,6,170,4,8,128,0,0,13,0,0,255,0,12,0,0,0,0,0,0,0,0,0,0,0,0,0,0,0,0,0,0,0,0,0,0,0,0,0,0,0,0,0,0,0,0,0,0,0,0,0,0,0,0,0,0,0,0,0,0,0,8,14,23,0,128,2,4,128,64,0,8,0,0,255,0,0,255,0,0,0,0,0,0,0,0,255,0,0,0,0,0,0,0,0,0,0,0,0,0,0,0,0,0,0,0,0,0,0,0,0,0,0,0,0,0,0,0,0,0,0,0,0,0,7,18,20,3,170,2,0,128,0,5,9,0,0,128,0,0,255,0,7,13,0,9,255,0,0,0,0,0,0,0,0,255,13,6,255,0,9,0,0,0,0,0,0,0,0,0,0,0,10,204,4,16,153,102,3,5,15,4,170,0,4,128,64,0,0,0,5,255,0,0,255,0,5,9,0,0,128,0,0,255,0,0,18,64,0,0,0,0,0,0,0,0,0,0,0,0,0,0,0,0,0,0,12,204,4,3,170,64,9,12,26,0,0,0,7,0,0,0,0,0,0,0,0,0,0,0,0,0,0,0,0,0,0,0,0,0,0,0,0,0,0
0,0,0,11,128,0,6,128,128,7,12,0,0,128,0,11,0,0,0,0,0,0,0,0,0,0,0,0,0,0,0,0,0,0,0,0,0,0,0,0,0,0,0,0,0,0,0,0,0,0,0,0,0,0,0,0,0,0,0,0,0,0,0,8,18,0,6,170,4,8,128,0,0,13,0,0,255,0,12,0,0,0,0,0,0,0,0,0,0,0,0,0,0,0,0,0,0,0,0,0,0,0,0,0,0,0,0,0,0,0,0,0,0,0,0,0,0,0,0,0,0,0,0,0,0,0,8,14,46,0,128,2,4,128,64,0,8,0,0,255,0,0,255,0,0,0,0,0,0,0,0,255,0,0,0,0,0,0,0,0,0,0,0,0,0,0,0,0,0,0,0,0,0,0,0,0,0,0,0,0,0,0,0,0,0,0,0,0,0,7,18,20,3,170,2,0,128,0,5,9,0,0,128,0,0,255,0,7,13,0,9,255,0,0,0,0,0,0,0,0,255,13,6,255,0,9,0,0,0,0,0,0,0,0,0,0,0,10,204,4,16,153,102,3,5,15,4,170,0,4,128,64,0,0,0,5,255,0,0,255,0,5,9,0,0,128,0,0,255,0,0,18,64,0,0,0,0,0,0,0,0,0,0,0,0,0,0,0,0,0,0,12,204,4,3,170,64,9,12,26,0,0,0,7,0,0,0,0,0,0,0,0,0,0,0,0,0,0,0,0,0,0,0,0,0,0,0,0,0,0
0,0,0,6,128,0,6,128,128,7,12,0,0,128,0,0,0,0,0,0,0,0,0,0,0,0,0,0,0,0,0,0,0,0,0,0,0,0,0,0,0,0,0,0,0,0,0,0,0,0,0,0,0,0,0,0,0,0,0,0,0,0,0,8,18,0,6,170,4,8,128,0,0,13,0,0,255,0,12,0,0,0,0,0,0,0,0,0,0,0,0,0,0,0,0,0,0,0,0,0,0,0,0,0,0,0,0,0,0,0,0,0,0,0,0,0,0,0,0,0,0,0,0,0,0,0,8,14,46,0,128,2,4,128,64,0,8,0,0,255,0,0,255,0,0,0,0,0,0,0,0,255,0,0,0,0,0,0,0,0,0,0,0,0,0,0,0,0,0,0,0,0,0,0,0,0,0,0,0,0,0,0,0,0,0,0,0,0,0,7,18,20,3,170,2,0,128,0,5,9,0,0,128,0,0,255,0,7,13,0,9,255,0,0,0,0,0,0,0,0,255,13,6,0,0,9,0,0,0,0,0,0,0,0,0,0,0,10,204,4,16,153,102,3,5,15,4,170,0,4,128,64,0,0,0,5,255,0,0,0,0,5,9,0,0,128,0,0,255,0,0,18,64,0,0,0,0,0,0,0,0,0,0,0,0,0,0,0,0,0,0,12,204,4,3,170,64,9,12,26,0,0,0,7,0,0,0,0,0,0,0,0,0,0,0,0,0,0,0,0,0,0,0,0,0,0,0,0,0,0
0,0,0,11,128,0,6,128,128,7,12,0,0,128,0,11,0,0,0,0,0,0,0,0,0,0,0,0,0,0,0,0,0,0,0,0,0,0,0,0,0,0,0,0,0,0,0,0,0,0,0,0,0,0,0,0,0,0,0,0,0,0,0,8,18,0,6,170,4,8,128,0,0,13,0,0,255,0,12,0,0,0,0,0,0,0,0,0,0,0,0,0,0,0,0,0,0,0,0,0,0,0,0,0,0,0,0,0,0,0,0,0,0,0,0,0,0,0,0,0,0,0,0,0,0,0,8,14,46,0,128,2,4,128,64,0,8,0,0,255,0,0,255,0,0,0,0,0,0,0,0,0,0,0,0,0,0,0,0,0,0,0,0,0,0,0,0,0,0,0,0,0,0,0,0,0,0,0,0,0,0,0,0,0,0,0,0,0,0,7,18,20,3,170,2,0,128,0,5,9,0,0,128,0,0,255,0,7,13,0,9,255,0,0,0,0,0,0,0,0,255,13,6,0,0,0,0,0,0,0,0,0,0,0,0,0,0,10,204,4,16,153,102,3,5,15,4,170,3,4,128,64,0,0,0,5,255,0,0,0,0,5,9,0,0,128,0,0,255,0,0,18,64,0,0,0,0,0,0,0,0,0,0,0,0,0,0,0,0,0,0,12,204,4,3,170,64,9,12,26,0,0,0,7,0,0,0,0,0,0,0,0,0,0,0,0,0,0,0,0,0,0,0,0,0,0,0,0,0,0
0,0,0,6,128,0,6,128,128,7,12,0,0,128,0,11,0,0,0,0,0,0,0,0,0,0,0,0,0,0,0,0,0,0,0,0,0,0,0,0,0,0,0,0,0,0,0,0,0,0,0,0,0,0,0,0,0,0,0,0,0,0,0,8,18,0,6,170,4,8,128,0,0,13,0,0,255,0,12,0,0,0,0,0,0,0,0,0,0,0,0,0,0,0,0,0,0,0,0,0,0,0,0,0,0,0,0,0,0,0,0,0,0,0,0,0,0,0,0,0,0,0,0,0,0,0,8,14,46,0,128,2,4,128,64,0,8,0,0,255,0,0,255,0,0,0,0,0,0,0,0,0,0,0,0,0,0,0,0,0,0,0,0,0,0,0,0,0,0,0,0,0,0,0,0,0,0,0,0,0,0,0,0,0,0,0,0,0,0,7,18,20,3,170,2,0,128,0,5,9,0,0,128,0,0,255,0,7,13,0,9,0,0,0,0,0,0,0,0,0,255,13,0,0,0,0,0,0,0,0,0,0,0,0,0,0,0,10,204,4,16,153,102,3,5,15,4,170,3,4,128,64,0,0,0,5,255,0,0,0,0,5,9,0,0,128,0,0,255,0,0,18,0,0,0,0,0,0,0,0,0,0,0,0,0,0,0,0,0,0,0,12,204,4,3,170,64,9,12,26,0,0,0,0,0,0,0,0,0,0,0,0,0,0,0,0,0,0,0,0,0,0,0,0,0,0,0,0,0,0
0,0,0,11,128,0,6,128,128,7,12,0,0,128,0,11,0,0,0,0,0,0,0,0,0,0,0,0,0,0,0,0,0,0,0,0,0,0,0,0,0,0,0,0,0,0,0,0,0,0,0,0,0,0,0,0,0,0,0,0,0,0,0,8,18,0,6,170,4,8,128,0,0,13,0,0,255,0,12,0,0,0,0,0,0,0,0,0,0,0,0,0,0,0,0,0,0,0,0,0,0,0,0,0,0,0,0,0,0,0,0,0,0,0,0,0,0,0,0,0,0,0,0,0,0,0,8,14,46,0,128,2,4,128,64,0,8,0,0,255,0,0,255,0,0,0,0,0,0,0,0,0,0,0,0,0,0,0,0,0,0,0,0,0,0,0,0,0,0,0,0,0,0,0,0,0,0,0,0,0,0,0,0,0,0,0,0,0,0,7,18,20,3,170,2,0,128,0,5,9,0,0,128,0,0,255,0,7,13,0,9,0,0,0,0,0,0,0,0,0,255,13,0,0,0,0,0,0,0,0,0,0,0,0,0,0,0,10,204,4,16,153,102,3,5,15,4,170,3,4,128,64,6,10,0,5,255,0,0,255,0,5,9,0,0,128,0,0,255,0,0,18,0,0,0,0,0,0,0,0,0,0,0,0,0,0,0,0,0,0,0,12,204,4,3,170,64,9,12,26,0,0,0,7,0,0,0,0,0,0,0,0,0,0,0,0,0,0,0,0,0,0,0,0,0,0,0,0,0,0
0,0,0,6,128,0,6,128,128,7,12,0,0,128,0,11,255,0,0,0,0,0,0,0,0,0,0,0,0,0,0,0,0,0,0,0,0,0,0,0,0,0,0,0,0,0,0,0,0,0,0,0,0,0,0,0,0,0,0,0,0,0,0,8,18,0,6,170,4,8,128,0,0,13,0,0,255,0,12,0,0,0,0,0,0,0,0,0,0,0,0,0,0,0,0,0,0,0,0,0,0,0,0,0,0,0,0,0,0,0,0,0,0,0,0,0,0,0,0,0,0,0,0,0,0,0,8,14,46,0,128,2,4,128,64,0,8,0,0,255,0,0,255,0,0,0,0,0,0,0,0,0,0,0,0,0,0,0,0,0,0,0,0,0,0,0,0,0,0,0,0,0,0,0,0,0,0,0,0,0,0,0,0,0,0,0,0,0,0,7,18,20,3,170,2,0,128,0,5,9,0,0,128,0,0,255,0,7,13,0,9,255,0,0,0,0,0,0,0,0,255,13,0,0,0,0,0,0,0,0,0,0,0,0,0,0,0,10,204,4,16,153,102,3,5,15,4,170,3,4,128,64,6,10,0,5,255,0,0,255,0,5,9,0,0,128,0,0,255,0,0,18,0,0,0,0,0,0,0,0,0,0,0,0,0,0,0,0,0,0,0,12,204,4,3,170,64,9,12,26,0,0,0,0,0,0,0,0,0,0,0,0,0,0,0,0,0,0,0,0,0,0,0,0,0,0,0,0,0,0
0,0,0,6,128,0,6,128,128,7,12,0,0,128,0,11,255,0,0,0,0,0,0,0,0,0,0,0,0,0,0,0,0,0,0,0,0,0,0,0,0,0,0,0,0,0,0,0,0,0,0,0,0,0,0,0,0,0,0,0,0,0,0,8,18,0,6,170,4,8,128,0,0,13,0,0,255,0,12,255,0,0,0,0,0,0,0,0,0,0,0,0,0,0,0,0,0,0,0,0,0,0,0,0,0,0,0,0,0,0,0,0,0,0,0,0,0,0,0,0,0,0,0,0,0,0,8,14,46,0,128,2,4,128,64,0,8,0,0,255,0,0,255,0,0,0,0,0,0,0,0,0,0,0,0,0,0,0,0,0,0,0,0,0,0,0,0,0,0,0,0,0,0,0,0,0,0,0,0,0,0,0,0,0,0,0,0,0,0,7,18,20,3,170,2,0,128,0,5,9,0,0,128,0,0,255,0,7,13,0,9,255,0,0,0,0,0,0,0,0,255,13,0,0,0,0,0,0,0,0,0,0,0,0,0,0,0,10,204,4,16,153,102,3,5,15,4,170,3,4,128,64,6,10,0,5,255,0,0,255,0,5,9,0,0,128,0,0,255,0,0,18,64,0,0,0,0,0,0,0,0,0,0,0,0,0,0,0,0,0,0,12,153,4,3,170,128,9,12,26,0,0,0,0,0,0,0,0,0,0,0,0,0,0,0,0,0,0,0,0,0,0,0,0,0,0,0,0,0,0
0,0,0,6,128,0,6,128,128,7,12,0,0,128,0,11,255,0,0,0,0,0,0,0,0,0,0,0,0,0,0,0,0,0,0,0,0,0,0,0,0,0,0,0,0,0,0,0,0,0,0,0,0,0,0,0,0,0,0,0,0,0,0,8,18,0,6,170,4,8,128,0,0,13,0,0,255,0,12,255,0,0,0,0,0,0,0,0,0,0,0,0,0,0,0,0,0,0,0,0,0,0,0,0,0,0,0,0,0,0,0,0,0,0,0,0,0,0,0,0,0,0,0,0,0,0,8,14,46,0,128,2,4,128,64,0,8,0,0,255,0,0,255,0,0,0,0,0,0,0,0,0,0,0,0,0,0,0,0,0,0,0,0,0,0,0,0,0,0,0,0,0,0,0,0,0,0,0,0,0,0,0,0,0,0,0,0,0,0,7,18,20,3,170,2,0,128,0,5,9,0,0,128,0,0,255,0,7,13,0,9,255,0,0,0,0,0,0,0,0,255,0,0,0,0,0,0,0,0,0,0,0,0,0,0,0,0,10,153,4,16,153,102,3,5,15,4,170,3,4,128,64,6,10,0,5,255,0,0,255,0,5,9,0,0,128,0,0,255,0,0,18,0,0,0,0,0,0,0,0,0,0,0,0,0,0,0,0,0,0,0,12,153,4,3,170,64,9,12,26,0,0,0,0,0,0,0,0,0,0,0,0,0,0,0,0,0,0,0,0,0,0,0,0,0,0,0,0,0,0
0,0,0,6,128,0,6,128,128,7,12,0,0,128,0,11,255,0,0,0,0,0,0,0,0,0,0,0,0,0,0,0,0,0,0,0,0,0,0,0,0,0,0,0,0,0,0,0,0,0,0,0,0,0,0,0,0,0,0,0,0,0,0,8,18,0,6,170,4,8,128,0,0,13,0,0,255,0,12,255,0,0,0,0,0,0,0,0,0,0,0,0,0,0,0,0,0,0,0,0,0,0,0,0,0,0,0,0,0,0,0,0,0,0,0,0,0,0,0,0,0,0,0,0,0,0,8,14,46,0,128,2,4,128,64,0,8,0,0,255,0,0,255,0,0,0,0,0,0,0,0,0,0,0,0,0,0,0,0,0,0,0,0,0,0,0,0,0,0,0,0,0,0,0,0,0,0,0,0,0,0,0,0,0,0,0,0,0,0,7,18,20,3,170,2,0,128,0,5,9,0,0,128,0,0,255,0,7,13,0,9,255,0,0,0,0,0,0,0,0,255,13,0,0,0,0,0,0,0,0,0,0,0,0,0,0,0,10,153,4,16,153,102,3,5,15,4,170,3,4,128,64,6,10,0,5,255,0,0,255,0,5,9,0,0,128,0,0,255,0,0,18,0,0,0,0,0,0,0,0,0,0,0,0,0,0,0,0,0,0,0,12,153,4,3,170,64,9,12,26,0,0,0,0,0,0,0,0,0,0,0,0,0,0,0,0,0,0,0,0,0,0,0,0,0,0,0,0,0,0
0,0,0,6,128,0,6,128,128,7,12,0,0,128,0,11,255,0,0,0,0,0,0,0,0,0,0,0,0,0,0,0,0,0,0,0,0,0,0,0,0,0,0,0,0,0,0,0,0,0,0,0,0,0,0,0,0,0,0,0,0,0,0,8,18,0,6,170,4,8,128,0,0,13,0,0,255,0,12,255,0,0,0,0,0,0,0,0,0,0,0,0,0,0,0,0,0,0,0,0,0,0,0,0,0,0,0,0,0,0,0,0,0,0,0,0,0,0,0,0,0,0,0,0,0,0,8,14,46,0,128,2,4,128,64,0,8,0,0,255,0,0,255,0,0,0,0,0,0,0,0,0,0,0,0,0,0,0,0,0,0,0,0,0,0,0,0,0,0,0,0,0,0,0,0,0,0,0,0,0,0,0,0,0,0,0,0,0,0,7,18,20,3,170,2,0,128,0,5,9,0,0,128,0,0,255,0,7,13,0,9,255,0,0,0,0,0,0,0,0,255,0,0,0,0,0,0,0,0,0,0,0,0,0,0,0,0,10,153,2,16,153,102,3,5,15,4,170,3,4,128,64,6,10,0,5,255,0,0,255,0,5,9,0,0,128,0,0,255,0,0,18,0,0,0,0,0,0,0,0,0,0,0,0,0,0,0,0,0,0,0,12,153,4,3,170,64,9,12,26,0,0,0,0,0,0,0,0,0,0,0,0,0,0,0,0,0,0,0,0,0,0,0,0,0,0,0,0,0,0
0,0,0,6,128,0,6,128,128,7,12,0,0,128,0,11,255,0,0,0,0,0,0,0,0,0,0,0,0,0,0,0,0,0,0,0,0,0,0,0,0,0,0,0,0,0,0,0,0,0,0,0,0,0,0,0,0,0,0,0,0,0,0,8,18,0,6,170,4,8,128,0,0,13,0,0,255,0,12,255,0,0,0,0,0,0,0,0,0,0,0,0,0,0,0,0,0,0,0,0,0,0,0,0,0,0,0,0,0,0,0,0,0,0,0,0,0,0,0,0,0,0,0,0,0,0,8,14,46,0,128,2,4,128,64,0,8,0,0,255,0,0,255,0,0,0,0,0,0,0,0,0,0,0,0,0,0,0,0,0,0,0,0,0,0,0,0,0,0,0,0,0,0,0,0,0,0,0,0,0,0,0,0,0,0,0,0,0,0,7,18,20,3,170,2,0,128,0,5,9,0,0,128,0,0,255,0,7,13,36,9,255,0,0,0,0,0,0,0,0,255,0,0,0,0,0,0,0,0,0,0,0,0,0,0,0,0,10,153,4,16,153,102,3,5,15,4,170,3,4,128,64,6,10,0,5,255,0,0,255,0,5,9,0,0,128,0,0,255,0,0,18,0,0,0,0,0,0,0,0,0,0,0,0,0,0,0,0,0,0,0,12,153,4,3,170,64,9,12,26,0,0,0,0,0,0,0,0,0,0,0,0,0,0,0,0,0,0,0,0,0,0,0,0,0,0,0,0,0,0
0,0,0,6,128,0,6,128,0,7,12,0,0,128,0,11,255,0,0,0,0,0,0,0,0,0,0,0,0,0,0,0,0,0,0,0,0,0,0,0,0,0,0,0,0,0,0,0,0,0,0,0,0,0,0,0,0,0,0,0,0,0,0,8,18,0,6,170,4,8,128,0,0,13,0,0,255,0,12,255,0,0,0,0,0,0,0,0,0,0,0,0,0,0,0,0,0,0,0,0,0,0,0,0,0,0,0,0,0,0,0,0,0,0,0,0,0,0,0,0,0,0,0,0,0,0,8,14,46,0,128,2,4,128,64,0,8,0,0,255,0,0,255,0,0,0,0,0,0,0,0,0,0,0,0,0,0,0,0,0,0,0,0,0,0,0,0,0,0,0,0,0,0,0,0,0,0,0,0,0,0,0,0,0,0,0,0,0,0,7,18,20,3,170,2,0,128,0,5,9,0,0,128,0,0,255,0,7,13,0,9,255,0,0,0,0,0,0,0,0,255,0,0,0,0,0,0,0,0,0,0,0,0,0,0,0,0,10,153,2,16,153,102,3,5,15,4,170,3,4,128,64,6,10,0,5,255,0,0,255,0,5,9,0,0,128,0,0,255,0,0,18,0,0,0,0,0,0,0,0,0,0,0,0,0,0,0,0,0,0,0,12,153,4,3,170,64,9,12,26,0,0,0,0,0,0,0,0,0,0,0,0,0,0,0,0,0,0,0,0,0,0,0,0,0,0,0,0,0,0
0,0,0,6,128,0,6,128,0,7,12,0,0,128,0,11,255,0,0,0,0,0,0,0,0,0,0,0,0,0,0,0,0,0,0,0,0,0,0,0,0,0,0,0,0,0,0,0,0,0,0,0,0,0,0,0,0,0,0,0,0,0,0,8,18,0,0,85,4,8,128,0,0,13,0,0,255,0,12,255,0,0,0,0,0,0,0,0,0,0,0,0,0,0,0,0,0,0,0,0,0,0,0,0,0,0,0,0,0,0,0,0,0,0,0,0,0,0,0,0,0,0,0,0,0,0,4,14,23,0,128,2,4,128,64,0,8,0,0,255,0,0,255,0,0,0,0,0,0,0,0,255,0,0,0,0,0,0,0,0,0,0,0,0,0,0,0,0,0,0,0,0,0,0,0,0,0,0,0,0,0,0,0,0,0,0,0,0,0,7,18,20,3,170,2,0,128,0,5,9,0,0,128,0,0,255,0,7,13,36,9,255,0,0,0,0,0,0,0,0,255,0,0,0,0,0,0,0,0,0,0,0,0,0,0,0,0,10,153,2,16,153,102,3,5,15,4,170,3,4,128,64,6,10,0,5,255,0,0,255,0,5,9,0,0,128,0,0,255,0,0,18,0,0,0,0,0,0,0,0,0,0,0,0,0,0,0,0,0,0,0,12,153,4,3,170,64,9,12,26,0,0,0,0,0,0,0,0,0,0,0,0,0,0,0,0,0,0,0,0,0,0,0,0,0,0,0,0,0,0
0,0,0,0,0,0,6,128,0,0,0,0,0,128,0,11,0,0,0,0,0,0,0,0,0,0,0,0,0,0,0,0,0,0,0,0,0,0,0,0,0,0,0,0,0,0,0,0,0,0,0,0,0,0,0,0,0,0,0,0,0,0,0,8,0,0,0,85,4,8,128,0,0,13,0,0,255,0,12,255,0,0,0,0,0,0,0,0,0,0,0,0,0,0,0,0,0,0,0,0,0,0,0,0,0,0,0,0,0,0,0,0,0,0,0,0,0,0,0,0,0,0,0,0,0,0,4,14,23,0,128,2,4,128,64,0,8,0,0,255,0,0,255,0,0,0,0,0,0,0,0,0,0,0,0,0,0,0,0,0,0,0,0,0,0,0,0,0,0,0,0,0,0,0,0,0,0,0,0,0,0,0,0,0,0,0,0,0,0,7,18,20,3,170,2,0,128,0,5,9,0,0,128,0,0,255,0,7,13,36,9,255,0,0,0,0,0,0,0,0,255,0,0,0,0,0,0,0,0,0,0,0,0,0,0,0,0,7,153,2,11,153,102,3,5,15,4,170,3,4,128,64,6,10,0,5,255,0,0,255,0,5,9,0,0,128,0,0,255,0,0,18,0,0,0,0,0,0,0,0,0,0,0,0,0,0,0,0,0,0,0,8,153,4,3,170,64,9,12,26,0,0,0,0,0,0,0,0,0,0,0,0,0,0,0,0,0,0,0,0,0,0,0,0,0,0,0,0,0,0
0,0,0,0,0,0,6,128,0,0,0,0,0,128,0,11,0,0,0,0,0,0,0,0,0,0,0,0,0,0,0,0,0,0,0,0,0,0,0,0,0,0,0,0,0,0,0,0,0,0,0,0,0,0,0,0,0,0,0,0,0,0,0,8,0,0,0,85,4,8,128,0,0,13,0,0,255,0,12,255,0,0,0,0,0,0,0,0,0,0,0,0,0,0,0,0,0,0,0,0,0,0,0,0,0,0,0,0,0,0,0,0,0,0,0,0,0,0,0,0,0,0,0,0,0,0,4,14,23,0,128,2,4,128,64,0,8,0,0,255,0,0,255,0,0,0,0,0,0,0,0,0,0,0,0,0,0,0,0,0,0,0,0,0,0,0,0,0,0,0,0,0,0,0,0,0,0,0,0,0,0,0,0,0,0,0,0,0,0,7,12,20,3,170,0,0,128,0,5,9,0,0,128,0,0,255,0,7,13,36,9,255,0,0,0,0,0,0,0,0,255,0,0,0,0,0,0,0,0,0,0,0,0,0,0,0,0,7,153,2,16,153,102,3,5,15,4,170,3,4,128,64,6,10,0,5,255,0,0,255,0,5,9,36,0,128,0,0,255,0,0,18,0,0,0,0,0,0,0,0,0,0,0,0,0,0,0,0,0,0,0,8,153,2,3,170,64,9,12,26,0,0,0,0,0,0,0,0,0,0,0,0,0,0,0,0,0,0,0,0,0,0,0,0,0,0,0,0,0,0
0,0,0,0,0,0,6,128,0,0,0,0,0,128,0,0,0,0,0,0,0,0,0,0,0,0,0,0,0,0,0,0,0,0,0,0,0,0,0,0,0,0,0,0,0,0,0,0,0,0,0,0,0,0,0,0,0,0,0,0,0,0,0,8,0,0,0,85,0,8,0,0,0,13,0,0,255,0,12,255,0,0,0,0,0,0,0,0,0,0,0,0,0,0,0,0,0,0,0,0,0,0,0,0,0,0,0,0,0,0,0,0,0,0,0,0,0,0,0,0,0,0,0,0,0,0,4,7,23,0,128,2,4,128,0,0,8,0,0,255,0,0,255,0,0,0,0,0,0,0,0,0,0,0,0,0,0,0,0,0,0,0,0,0,0,0,0,0,0,0,0,0,0,0,0,0,0,0,0,0,0,0,0,0,0,0,0,0,0,4,12,20,3,170,0,0,128,0,5,9,0,0,128,0,0,255,0,7,13,36,9,255,0,0,0,0,0,0,0,0,255,0,0,0,0,0,0,0,0,0,0,0,0,0,0,0,0,7,153,2,11,153,102,3,5,15,4,170,3,4,128,64,6,10,0,5,255,0,0,255,0,5,9,36,0,128,0,0,255,0,0,18,0,0,0,0,0,0,0,0,0,0,0,0,0,0,0,0,0,0,0,8,153,2,3,85,64,9,12,26,0,0,0,0,0,0,0,0,0,0,0,0,0,0,0,0,0,0,0,0,0,0,0,0,0,0,0,0,0,0
0,0,0,0,0,0,6,0,0,0,0,0,0,128,0,0,0,0,0,0,0,0,0,0,0,0,0,0,0,0,0,0,0,0,0,0,0,0,0,0,0,0,0,0,0,0,0,0,0,0,0,0,0,0,0,0,0,0,0,0,0,0,0,0,0,0,0,85,4,0,0,0,0,13,0,0,255,0,12,0,0,0,0,0,0,0,0,0,0,0,0,0,0,0,0,0,0,0,0,0,0,0,0,0,0,0,0,0,0,0,0,0,0,0,0,0,0,0,0,0,0,0,0,0,0,0,0,7,23,0,128,2,4,128,0,0,8,0,0,255,0,0,255,0,0,0,0,0,0,0,0,0,0,0,0,0,0,0,0,0,0,0,0,0,0,0,0,0,0,0,0,0,0,0,0,0,0,0,0,0,0,0,0,0,0,0,0,0,0,4,12,0,3,170,0,0,128,0,5,9,0,0,128,0,0,255,0,7,13,36,9,255,0,0,0,0,0,0,0,0,255,0,0,0,0,0,0,0,0,0,0,0,0,0,0,0,0,7,153,2,11,153,51,3,5,15,4,170,3,4,128,64,6,10,0,5,255,0,0,255,0,5,9,36,0,128,0,0,255,0,0,18,0,0,0,0,0,0,0,0,0,0,0,0,0,0,0,0,0,0,0,8,153,2,3,85,64,9,12,26,0,0,0,0,0,0,0,0,0,0,0,0,0,0,0,0,0,0,0,0,0,0,0,0,0,0,0,0,0,0
0,0,0,0,0,0,6,0,0,0,0,0,0,128,0,0,0,0,0,0,0,0,0,0,0,0,0,0,0,0,0,0,0,0,0,0,0,0,0,0,0,0,0,0,0,0,0,0,0,0,0,0,0,0,0,0,0,0,0,0,0,0,0,0,0,0,0,85,0,0,0,0,0,13,0,0,255,0,0,0,0,0,0,0,0,0,0,0,0,0,0,0,0,0,0,0,0,0,0,0,0,0,0,0,0,0,0,0,0,0,0,0,0,0,0,0,0,0,0,0,0,0,0,0,0,0,0,7,23,0,128,2,4,128,0,0,8,0,0,255,0,0,255,0,0,0,0,0,0,0,0,0,0,0,0,0,0,0,0,0,0,0,0,0,0,0,0,0,0,0,0,0,0,0,0,0,0,0,0,0,0,0,0,0,0,0,0,0,0,4,12,0,3,170,0,0,128,0,5,9,0,0,128,0,0,255,0,7,13,36,9,255,0,0,0,0,0,0,0,0,255,0,0,0,0,0,0,0,0,0,0,0,0,0,0,0,0,7,102,0,11,102,51,3,5,15,4,170,3,4,128,64,0,0,0,5,255,0,0,255,0,5,9,36,0,128,0,0,255,0,0,18,0,0,0,0,0,0,0,0,0,0,0,0,0,0,0,0,0,0,0,8,153,2,3,85,64,9,12,0,0,0,0,0,0,0,0,0,0,0,0,0,0,0,0,0,0,0,0,0,0,0,0,0,0,0,0,0,0,0
0,0,0,0,0,0,6,0,0,0,0,0,0,128,0,0,0,0,0,0,0,0,0,0,0,0,0,0,0,0,0,0,0,0,0,0,0,0,0,0,0,0,0,0,0,0,0,0,0,0,0,0,0,0,0,0,0,0,0,0,0,0,0,0,0,0,0,85,0,0,0,0,0,13,0,0,255,0,0,0,0,0,0,0,0,0,0,0,0,0,0,0,0,0,0,0,0,0,0,0,0,0,0,0,0,0,0,0,0,0,0,0,0,0,0,0,0,0,0,0,0,0,0,0,0,0,0,7,23,0,128,2,4,128,0,0,8,0,0,255,0,0,255,0,0,0,0,0,0,0,0,0,0,0,0,0,0,0,0,0,0,0,0,0,0,0,0,0,0,0,0,0,0,0,0,0,0,0,0,0,0,0,0,0,0,0,0,0,0,4,12,0,0,85,0,0,128,0,5,9,0,0,128,0,0,255,0,7,13,36,9,255,0,0,0,0,0,0,0,0,255,0,0,0,0,0,0,0,0,0,0,0,0,0,0,0,0,3,102,0,5,102,51,3,5,15,4,170,3,4,128,64,0,0,0,5,255,0,0,255,0,5,9,36,0,128,0,0,255,0,0,18,0,0,0,0,0,0,0,0,0,0,0,0,0,0,0,0,0,0,0,8,102,2,3,85,64,4,12,0,0,0,0,0,0,0,0,0,0,0,0,0,0,0,0,0,0,0,0,0,0,0,0,0,0,0,0,0,0,0
0,0,0,0,0,0,6,0,0,0,0,0,0,128,0,0,0,0,0,0,0,0,0,0,0,0,0,0,0,0,0,0,0,0,0,0,0,0,0,0,0,0,0,0,0,0,0,0,0,0,0,0,0,0,0,0,0,0,0,0,0,0,0,0,0,0,0,85,0,0,0,0,0,13,0,0,255,0,0,0,0,0,0,0,0,0,0,0,0,0,0,0,0,0,0,0,0,0,0,0,0,0,0,0,0,0,0,0,0,0,0,0,0,0,0,0,0,0,0,0,0,0,0,0,0,0,0,7,0,0,128,2,0,0,0,0,8,0,0,255,0,0,255,0,0,0,0,0,0,0,0,0,0,0,0,0,0,0,0,0,0,0,0,0,0,0,0,0,0,0,0,0,0,0,0,0,0,0,0,0,0,0,0,0,0,0,0,0,0,4,6,0,0,85,0,0,128,0,5,9,0,0,128,0,0,255,0,7,13,0,9,255,0,0,0,0,0,0,0,0,255,0,0,0,0,0,0,0,0,0,0,0,0,0,0,0,0,3,102,0,5,102,51,3,5,15,4,170,3,4,128,0,0,0,0,5,255,0,0,255,0,5,9,36,0,128,0,0,255,0,0,18,0,0,0,0,0,0,0,0,0,0,0,0,0,0,0,0,0,0,0,4,102,2,3,85,64,4,12,0,0,0,0,0,0,0,0,0,0,0,0,0,0,0,0,0,0,0,0,0,0,0,0,0,0,0,0,0,0,0
0,0,0,0,0,0,6,0,0,0,0,0,0,128,0,0,0,0,0,0,0,0,0,0,0,0,0,0,0,0,0,0,0,0,0,0,0,0,0,0,0,0,0,0,0,0,0,0,0,0,0,0,0,0,0,0,0,0,0,0,0,0,0,0,0,0,0,85,0,0,0,0,0,13,0,0,255,0,0,0,0,0,0,0,0,0,0,0,0,0,0,0,0,0,0,0,0,0,0,0,0,0,0,0,0,0,0,0,0,0,0,0,0,0,0,0,0,0,0,0,0,0,0,0,0,0,0,7,0,0,128,2,0,0,0,0,8,0,0,255,0,0,255,0,0,0,0,0,0,0,0,0,0,0,0,0,0,0,0,0,0,0,0,0,0,0,0,0,0,0,0,0,0,0,0,0,0,0,0,0,0,0,0,0,0,0,0,0,0,4,6,0,0,85,0,0,128,0,5,0,0,0,128,0,0,255,0,7,13,0,9,255,0,0,0,0,0,0,0,0,255,0,0,0,0,0,0,0,0,0,0,0,0,0,0,0,0,3,102,0,5,102,51,3,5,15,4,170,0,4,128,64,0,0,0,5,255,0,0,255,0,5,9,36,0,128,0,0,255,0,0,18,0,0,0,0,0,0,0,0,0,0,0,0,0,0,0,0,0,0,0,4,102,0,3,85,64,4,12,0,0,0,0,0,0,0,0,0,0,0,0,0,0,0,0,0,0,0,0,0,0,0,0,0,0,0,0,0,0,0
0,0,0,0,0,0,0,0,0,0,0,0,0,128,0,0,0,0,0,0,0,0,0,0,0,0,0,0,0,0,0,0,0,0,0,0,0,0,0,0,0,0,0,0,0,0,0,0,0,0,0,0,0,0,0,0,0,0,0,0,0,0,0,0,0,0,0,85,0,0,0,0,0,13,0,0,255,0,0,0,0,0,0,0,0,0,0,0,0,0,0,0,0,0,0,0,0,0,0,0,0,0,0,0,0,0,0,0,0,0,0,0,0,0,0,0,0,0,0,0,0,0,0,0,0,0,0,7,0,0,128,2,0,0,0,0,8,0,0,255,0,0,255,0,0,0,0,0,0,0,0,255,0,0,0,0,0,0,0,0,0,0,0,0,0,0,0,0,0,0,0,0,0,0,0,0,0,0,0,0,0,0,0,0,0,0,0,0,0,0,6,0,0,85,0,0,128,0,0,0,0,0,128,0,0,255,0,7,13,0,9,255,0,0,0,0,0,0,0,0,255,0,0,0,0,0,0,0,0,0,0,0,0,0,0,0,0,3,102,0,5,102,51,3,5,0,4,170,0,4,128,0,0,0,0,5,255,0,0,255,0,5,9,36,0,128,0,0,255,0,0,18,0,0,0,0,0,0,0,0,0,0,0,0,0,0,0,0,0,0,0,4,102,0,3,85,64,4,12,0,0,0,0,0,0,0,0,0,0,0,0,0,0,0,0,0,0,0,0,0,0,0,0,0,0,0,0,0,0,0
0,0,0,0,0,0,0,0,0,0,0,0,0,128,0,0,0,0,0,0,0,0,0,0,0,0,0,0,0,0,0,0,0,0,0,0,0,0,0,0,0,0,0,0,0,0,0,0,0,0,0,0,0,0,0,0,0,0,0,0,0,0,0,0,0,0,0,85,0,0,0,0,0,13,0,0,255,0,0,0,0,0,0,0,0,0,0,0,0,0,0,0,0,0,0,0,0,0,0,0,0,0,0,0,0,0,0,0,0,0,0,0,0,0,0,0,0,0,0,0,0,0,0,0,0,0,0,7,0,0,128,2,0,0,0,0,8,0,0,255,0,0,255,0,0,0,0,0,0,0,0,255,0,0,0,0,0,0,0,0,0,0,0,0,0,0,0,0,0,0,0,0,0,0,0,0,0,0,0,0,0,0,0,0,0,0,0,0,0,0,6,0,0,85,0,0,128,0,0,0,0,0,128,0,0,255,0,7,13,36,9,255,0,0,0,0,0,0,0,0,255,0,0,0,0,0,0,0,0,0,0,0,0,0,0,0,0,3,102,0,5,102,51,3,5,0,0,85,0,4,128,0,0,0,0,5,255,0,0,255,0,5,9,36,0,128,0,0,255,0,0,18,0,0,0,0,0,0,0,0,0,0,0,0,0,0,0,0,0,0,0,4,102,0,3,85,64,4,12,0,0,0,0,0,0,0,0,0,0,0,0,0,0,0,0,0,0,0,0,0,0,0,0,0,0,0,0,0,0,0
0,0,0,0,0,0,0,0,0,0,0,0,0,128,0,0,0,0,0,0,0,0,0,0,0,0,0,0,0,0,0,0,0,0,0,0,0,0,0,0,0,0,0,0,0,0,0,0,0,0,0,0,0,0,0,0,0,0,0,0,0,0,0,0,0,0,0,85,0,0,0,0,0,13,0,0,255,0,0,0,0,0,0,0,0,0,0,0,0,0,0,0,0,0,0,0,0,0,0,0,0,0,0,0,0,0,0,0,0,0,0,0,0,0,0,0,0,0,0,0,0,0,0,0,0,0,0,7,0,0,128,2,0,0,0,0,8,0,0,255,0,0,255,0,0,0,0,0,0,0,0,255,0,0,0,0,0,0,0,0,0,0,0,0,0,0,0,0,0,0,0,0,0,0,0,0,0,0,0,0,0,0,0,0,0,0,0,0,0,0,6,0,0,85,0,0,128,0,0,0,0,0,128,0,0,255,0,7,13,0,9,255,0,0,0,0,0,0,0,0,255,0,0,0,0,0,0,0,0,0,0,0,0,0,0,0,0,3,102,0,5,51,0,0,0,0,0,85,0,4,128,0,0,0,0,5,255,0,0,255,0,5,9,0,0,128,0,0,255,0,0,18,0,0,0,0,0,0,0,0,0,0,0,0,0,0,0,0,0,0,0,4,102,0,0,85,64,4,6,0,0,0,0,0,0,0,0,0,0,0,0,0,0,0,0,0,0,0,0,0,0,0,0,0,0,0,0,0,0,0
0,0,0,0,0,0,0,0,0,0,0,0,0,128,0,0,0,0,0,0,0,0,0,0,0,0,0,0,0,0,0,0,0,0,0,0,0,0,0,0,0,0,0,0,0,0,0,0,0,0,0,0,0,0,0,0,0,0,0,0,0,0,0,0,0,0,0,85,0,0,0,0,0,13,0,0,255,0,0,0,0,0,0,0,0,0,0,0,0,0,0,0,0,0,0,0,0,0,0,0,0,0,0,0,0,0,0,0,0,0,0,0,0,0,0,0,0,0,0,0,0,0,0,0,0,0,0,7,0,0,128,2,0,0,0,0,8,0,0,255,0,0,255,0,0,0,0,0,0,0,0,255,0,0,0,0,0,0,0,0,0,0,0,0,0,0,0,0,0,0,0,0,0,0,0,0,0,0,0,0,0,0,0,0,0,0,0,0,0,0,6,0,0,85,0,0,128,0,0,0,0,0,128,0,0,255,0,7,13,36,9,255,0,0,0,0,0,0,0,0,255,0,0,0,0,0,0,0,0,0,0,0,0,0,0,0,0,3,102,0,0,51,0,0,0,0,0,85,0,4,128,0,0,0,0,5,255,0,0,255,0,5,9,36,0,128,0,0,255,0,0,18,0,0,0,0,0,0,0,0,0,0,0,0,0,0,0,0,0,0,0,4,102,0,0,85,0,4,6,0,0,0,0,0,0,0,0,0,0,0,0,0,0,0,0,0,0,0,0,0,0,0,0,0,0,0,0,0,0,0
0,0,0,0,0,0,0,0,0,0,0,0,0,128,0,0,0,0,0,0,0,0,0,0,0,0,0,0,0,0,0,0,0,0,0,0,0,0,0,0,0,0,0,0,0,0,0,0,0,0,0,0,0,0,0,0,0,0,0,0,0,0,0,0,0,0,0,85,0,0,0,0,0,13,0,0,255,0,0,0,0,0,0,0,0,0,0,0,0,0,0,0,0,0,0,0,0,0,0,0,0,0,0,0,0,0,0,0,0,0,0,0,0,0,0,0,0,0,0,0,0,0,0,0,0,0,0,7,0,0,128,2,0,0,0,0,8,0,0,255,0,0,255,0,0,0,0,0,0,0,0,255,0,0,0,0,0,0,0,0,0,0,0,0,0,0,0,0,0,0,0,0,0,0,0,0,0,0,0,0,0,0,0,0,0,0,0,0,0,0,6,0,0,85,0,0,128,0,0,0,0,0,128,0,0,255,0,7,13,0,9,255,0,0,0,0,0,0,0,0,255,0,0,0,0,0,0,0,0,0,0,0,0,0,0,0,0,3,102,0,0,51,0,0,0,0,0,85,0,4,128,0,0,0,0,5,255,0,0,255,0,5,9,0,0,128,0,0,255,0,0,18,0,0,0,0,0,0,0,0,0,0,0,0,0,0,0,0,0,0,0,4,51,0,0,85,0,0,6,0,0,0,0,0,0,0,0,0,0,0,0,0,0,0,0,0,0,0,0,0,0,0,0,0,0,0,0,0,0,0
0,0,0,0,0,0,0,0,0,0,0,0,0,128,0,0,0,0,0,0,0,0,0,0,0,0,0,0,0,0,0,0,0,0,0,0,0,0,0,0,0,0,0,0,0,0,0,0,0,0,0,0,0,0,0,0,0,0,0,0,0,0,0,0,0,0,0,85,0,0,0,0,0,13,0,0,255,0,0,0,0,0,0,0,0,0,0,0,0,0,0,0,0,0,0,0,0,0,0,0,0,0,0,0,0,0,0,0,0,0,0,0,0,0,0,0,0,0,0,0,0,0,0,0,0,0,0,7,0,0,128,2,0,0,0,0,8,0,0,255,0,0,255,0,0,0,0,0,0,0,0,255,0,0,0,0,0,0,0,0,0,0,0,0,0,0,0,0,0,0,0,0,0,0,0,0,0,0,0,0,0,0,0,0,0,0,0,0,0,0,6,0,0,85,0,0,128,0,0,0,0,0,128,0,0,255,0,7,13,0,9,255,0,0,0,0,0,0,0,0,255,0,0,0,0,0,0,0,0,0,0,0,0,0,0,0,0,3,102,0,0,51,0,0,0,0,0,85,0,4,0,0,0,0,0,5,255,0,0,255,0,5,9,36,0,128,0,0,255,0,0,18,0,0,0,0,0,0,0,0,0,0,0,0,0,0,0,0,0,0,0,4,51,0,0,0,0,0,6,0,0,0,0,0,0,0,0,0,0,0,0,0,0,0,0,0,0,0,0,0,0,0,0,0,0,0,0,0,0,0
0,0,0,0,0,0,0,0,0,0,0,0,0,128,0,0,0,0,0,0,0,0,0,0,0,0,0,0,0,0,0,0,0,0,0,0,0,0,0,0,0,0,0,0,0,0,0,0,0,0,0,0,0,0,0,0,0,0,0,0,0,0,0,0,0,0,0,85,0,0,0,0,0,13,0,0,255,0,0,0,0,0,0,0,0,0,0,0,0,0,0,0,0,0,0,0,0,0,0,0,0,0,0,0,0,0,0,0,0,0,0,0,0,0,0,0,0,0,0,0,0,0,0,0,0,0,0,7,0,0,128,2,0,0,0,0,8,0,0,255,0,0,255,0,0,0,0,0,0,0,0,255,0,0,0,0,0,0,0,0,0,0,0,0,0,0,0,0,0,0,0,0,0,0,0,0,0,0,0,0,0,0,0,0,0,0,0,0,0,0,6,0,0,85,0,0,128,0,0,0,0,0,128,0,0,255,0,7,13,0,9,255,0,0,0,0,0,0,0,0,255,13,0,0,0,0,0,0,0,0,0,0,0,0,0,0,0,3,51,0,0,51,0,0,0,0,0,85,0,0,0,0,0,0,0,5,255,0,0,255,0,5,9,36,0,128,0,0,255,0,0,18,0,0,0,0,0,0,0,0,0,0,0,0,0,0,0,0,0,0,0,4,51,0,0,0,0,0,6,0,0,0,0,0,0,0,0,0,0,0,0,0,0,0,0,0,0,0,0,0,0,0,0,0,0,0,0,0,0,0
0,0,0,0,0,0,0,0,0,0,0,0,0,128,0,0,0,0,0,0,0,0,0,0,0,0,0,0,0,0,0,0,0,0,0,0,0,0,0,0,0,0,0,0,0,0,0,0,0,0,0,0,0,0,0,0,0,0,0,0,0,0,0,0,0,0,0,85,0,0,0,0,0,13,0,0,255,0,0,0,0,0,0,0,0,0,0,0,0,0,0,0,0,0,0,0,0,0,0,0,0,0,0,0,0,0,0,0,0,0,0,0,0,0,0,0,0,0,0,0,0,0,0,0,0,0,0,7,0,0,128,2,0,0,0,0,8,0,0,255,0,0,255,0,0,0,0,0,0,0,0,255,0,0,0,0,0,0,0,0,0,0,0,0,0,0,0,0,0,0,0,0,0,0,0,0,0,0,0,0,0,0,0,0,0,0,0,0,0,0,6,0,0,85,0,0,128,0,0,0,0,0,128,0,0,255,0,7,13,0,9,255,0,0,0,0,0,0,0,0,255,13,0,0,0,0,0,0,0,0,0,0,0,0,0,0,0,3,51,0,0,51,0,0,0,0,0,85,0,0,0,0,0,0,0,5,255,0,0,255,0,5,9,36,0,128,0,0,255,0,0,18,0,0,0,0,0,0,0,0,0,0,0,0,0,0,0,0,0,0,0,4,51,0,0,0,0,0,6,0,0,0,0,0,0,0,0,0,0,0,0,0,0,0,0,0,0,0,0,0,0,0,0,0,0,0,0,0,0,0
0,0,0,0,0,0,0,0,0,0,0,0,0,128,0,0,0,0,0,0,0,0,0,0,0,0,0,0,0,0,0,0,0,0,0,0,0,0,0,0,0,0,0,0,0,0,0,0,0,0,0,0,0,0,0,0,0,0,0,0,0,0,0,0,0,0,0,85,0,0,0,0,0,13,0,0,255,0,0,0,0,0,0,0,0,0,0,0,0,0,0,0,0,0,0,0,0,0,0,0,0,0,0,0,0,0,0,0,0,0,0,0,0,0,0,0,0,0,0,0,0,0,0,0,0,0,0,7,0,0,128,0,0,0,0,0,8,0,0,255,0,0,255,0,0,0,0,0,0,0,0,255,0,0,0,0,0,0,0,0,0,0,0,0,0,0,0,0,0,0,0,0,0,0,0,0,0,0,0,0,0,0,0,0,0,0,0,0,0,0,6,0,0,85,0,0,128,0,0,0,0,0,128,0,0,255,0,7,13,0,9,255,0,0,0,0,0,0,0,0,255,13,0,0,0,0,0,0,0,0,0,0,0,0,0,0,0,3,51,0,0,51,0,0,0,0,0,85,0,0,0,0,0,0,0,5,255,0,0,255,0,5,9,36,0,128,0,0,255,0,0,18,0,0,0,0,0,0,0,0,0,0,0,0,0,0,0,0,0,0,0,4,51,0,0,0,0,0,6,0,0,0,0,0,0,0,0,0,0,0,0,0,0,0,0,0,0,0,0,0,0,0,0,0,0,0,0,0,0,0
0,0,0,0,0,0,0,0,0,0,0,0,0,128,0,0,0,0,0,0,0,0,0,0,0,0,0,0,0,0,0,0,0,0,0,0,0,0,0,0,0,0,0,0,0,0,0,0,0,0,0,0,0,0,0,0,0,0,0,0,0,0,0,0,0,0,0,85,0,0,0,0,0,13,0,0,255,0,0,0,0,0,0,0,0,0,0,0,0,0,0,0,0,0,0,0,0,0,0,0,0,0,0,0,0,0,0,0,0,0,0,0,0,0,0,0,0,0,0,0,0,0,0,0,0,0,0,7,0,0,128,2,0,0,0,0,8,0,0,255,0,0,255,0,0,0,0,0,0,0,0,255,0,0,0,0,0,0,0,0,0,0,0,0,0,0,0,0,0,0,0,0,0,0,0,0,0,0,0,0,0,0,0,0,0,0,0,0,0,0,6,0,0,85,0,0,128,0,0,0,0,0,128,0,0,255,0,7,13,0,9,255,0,0,0,0,0,0,0,0,255,13,0,0,0,0,0,0,0,0,0,0,0,0,0,0,0,3,51,0,0,51,0,0,0,0,0,85,0,0,0,0,0,0,0,5,255,0,0,255,0,5,9,36,0,128,0,0,255,0,0,18,0,0,0,0,0,0,0,0,0,0,0,0,0,0,0,0,0,0,0,4,51,0,0,0,0,0,6,0,0,0,0,0,0,0,0,0,0,0,0,0,0,0,0,0,0,0,0,0,0,0,0,0,0,0,0,0,0,0
0,0,0,0,0,0,0,0,0,0,0,0,0,128,0,0,0,0,0,0,0,0,0,0,0,0,0,0,0,0,0,0,0,0,0,0,0,0,0,0,0,0,0,0,0,0,0,0,0,0,0,0,0,0,0,0,0,0,0,0,0,0,0,0,0,0,0,85,0,0,0,0,0,13,0,0,255,0,0,0,0,0,0,0,0,0,0,0,0,0,0,0,0,0,0,0,0,0,0,0,0,0,0,0,0,0,0,0,0,0,0,0,0,0,0,0,0,0,0,0,0,0,0,0,0,0,0,7,0,0,128,0,0,0,0,0,8,0,0,255,0,0,255,0,0,0,0,0,0,0,0,255,0,0,0,0,0,0,0,0,0,0,0,0,0,0,0,0,0,0,0,0,0,0,0,0,0,0,0,0,0,0,0,0,0,0,0,0,0,0,6,0,0,85,0,0,128,0,0,0,0,0,128,0,0,255,0,7,13,0,9,255,0,0,0,0,0,0,0,0,255,13,0,0,0,0,0,0,0,0,0,0,0,0,0,0,0,3,51,0,0,51,0,0,0,0,0,85,0,0,0,0,0,0,0,5,255,0,0,255,0,5,9,0,0,128,0,0,255,0,0,18,0,0,0,0,0,0,0,0,0,0,0,0,0,0,0,0,0,0,0,0,51,0,0,0,0,0,6,0,0,0,0,0,0,0,0,0,0,0,0,0,0,0,0,0,0,0,0,0,0,0,0,0,0,0,0,0,0,0
0,0,0,0,0,0,0,0,0,0,0,0,0,128,0,0,0,0,0,0,0,0,0,0,0,0,0,0,0,0,0,0,0,0,0,0,0,0,0,0,0,0,0,0,0,0,0,0,0,0,0,0,0,0,0,0,0,0,0,0,0,0,0,0,0,0,0,85,0,0,0,0,0,13,0,0,255,0,0,0,0,0,0,0,0,0,0,0,0,0,0,0,0,0,0,0,0,0,0,0,0,0,0,0,0,0,0,0,0,0,0,0,0,0,0,0,0,0,0,0,0,0,0,0,0,0,0,7,0,0,128,0,0,0,0,0,8,0,0,255,0,0,255,0,0,0,0,0,0,0,0,255,0,0,0,0,0,0,0,0,0,0,0,0,0,0,0,0,0,0,0,0,0,0,0,0,0,0,0,0,0,0,0,0,0,0,0,0,0,0,6,0,0,85,0,0,128,0,0,0,0,0,128,0,0,255,0,7,13,0,9,255,0,0,0,0,0,0,0,0,255,13,0,0,0,0,0,0,0,0,0,0,0,0,0,0,0,3,51,0,0,51,0,0,0,0,0,85,0,0,0,0,0,0,0,5,255,0,0,255,0,5,9,0,0,128,0,0,255,0,0,18,0,0,0,0,0,0,0,0,0,0,0,0,0,0,0,0,0,0,0,0,51,0,0,0,0,0,6,0,0,0,0,0,0,0,0,0,0,0,0,0,0,0,0,0,0,0,0,0,0,0,0,0,0,0,0,0,0,0
0,0,0,0,0,0,0,0,0,0,0,0,0,128,0,0,0,0,0,0,0,0,0,0,0,0,0,0,0,0,0,0,0,0,0,0,0,0,0,0,0,0,0,0,0,0,0,0,0,0,0,0,0,0,0,0,0,0,0,0,0,0,0,0,0,0,0,85,0,0,0,0,0,13,0,0,255,0,0,0,0,0,0,0,0,0,0,0,0,0,0,0,0,0,0,0,0,0,0,0,0,0,0,0,0,0,0,0,0,0,0,0,0,0,0,0,0,0,0,0,0,0,0,0,0,0,0,7,0,0,128,0,0,0,0,0,8,0,0,255,0,0,255,0,0,0,0,0,0,0,0,255,0,0,0,0,0,0,0,0,0,0,0,0,0,0,0,0,0,0,0,0,0,0,0,0,0,0,0,0,0,0,0,0,0,0,0,0,0,0,6,0,0,85,0,0,128,0,0,0,0,0,128,0,0,255,0,7,13,0,9,255,0,0,0,0,0,0,0,0,255,0,0,0,0,0,0,0,0,0,0,0,0,0,0,0,0,3,51,0,0,51,0,0,0,0,0,85,0,0,0,0,0,0,0,5,255,0,0,255,0,5,9,0,0,128,0,0,255,0,0,18,0,0,0,0,0,0,0,0,0,0,0,0,0,0,0,0,0,0,0,0,51,0,0,0,0,0,6,0,0,0,0,0,0,0,0,0,0,0,0,0,0,0,0,0,0,0,0,0,0,0,0,0,0,0,0,0,0,0
0,0,0,0,0,0,0,0,0,0,0,0,0,128,0,0,0,0,0,0,0,0,0,0,0,0,0,0,0,0,0,0,0,0,0,0,0,0,0,0,0,0,0,0,0,0,0,0,0,0,0,0,0,0,0,0,0,0,0,0,0,0,0,0,0,0,0,85,0,0,0,0,0,13,0,0,255,0,0,0,0,0,0,0,0,0,0,0,0,0,0,0,0,0,0,0,0,0,0,0,0,0,0,0,0,0,0,0,0,0,0,0,0,0,0,0,0,0,0,0,0,0,0,0,0,0,0,7,0,0,128,2,0,0,0,0,8,0,0,255,0,0,255,0,0,0,0,0,0,0,0,255,0,0,0,0,0,0,0,0,0,0,0,0,0,0,0,0,0,0,0,0,0,0,0,0,0,0,0,0,0,0,0,0,0,0,0,0,0,0,6,0,0,85,0,0,128,0,0,0,0,0,128,0,0,255,0,7,13,0,9,255,0,0,0,0,0,0,0,0,255,13,0,0,0,0,0,0,0,0,0,0,0,0,0,0,0,3,51,0,0,51,0,0,0,0,0,85,0,0,0,0,0,0,0,5,255,0,0,255,0,5,9,0,0,128,0,0,255,0,0,18,0,0,0,0,0,0,0,0,0,0,0,0,0,0,0,0,0,0,0,0,51,0,0,0,0,0,6,0,0,0,0,0,0,0,0,0,0,0,0,0,0,0,0,0,0,0,0,0,0,0,0,0,0,0,0,0,0,0
0,0,0,0,0,0,0,0,0,0,0,0,0,128,0,0,0,0,0,0,0,0,0,0,0,0,0,0,0,0,0,0,0,0,0,0,0,0,0,0,0,0,0,0,0,0,0,0,0,0,0,0,0,0,0,0,0,0,0,0,0,0,0,0,0,0,0,85,0,0,0,0,0,13,0,0,255,0,0,0,0,0,0,0,0,0,0,0,0,0,0,0,0,0,0,0,0,0,0,0,0,0,0,0,0,0,0,0,0,0,0,0,0,0,0,0,0,0,0,0,0,0,0,0,0,0,0,7,0,0,128,0,0,0,0,0,8,0,0,255,0,0,255,0,0,0,0,0,0,0,0,0,0,0,0,0,0,0,0,0,0,0,0,0,0,0,0,0,0,0,0,0,0,0,0,0,0,0,0,0,0,0,0,0,0,0,0,0,0,0,6,0,0,85,0,0,128,0,0,0,0,0,128,0,0,255,0,7,13,0,9,255,0,0,0,0,0,0,0,0,255,13,0,0,0,0,0,0,0,0,0,0,0,0,0,0,0,3,51,0,0,51,0,0,0,0,0,85,0,0,0,0,0,0,0,5,255,0,0,255,0,5,9,0,0,128,0,0,255,0,0,18,0,0,0,0,0,0,0,0,0,0,0,0,0,0,0,0,0,0,0,4,51,0,0,0,0,0,6,0,0,0,0,0,0,0,0,0,0,0,0,0,0,0,0,0,0,0,0,0,0,0,0,0,0,0,0,0,0,0
0,0,0,0,0,0,0,0,0,0,0,0,0,128,0,0,0,0,0,0,0,0,0,0,0,0,0,0,0,0,0,0,0,0,0,0,0,0,0,0,0,0,0,0,0,0,0,0,0,0,0,0,0,0,0,0,0,0,0,0,0,0,0,0,0,0,0,85,0,0,0,0,0,13,0,0,255,0,0,0,0,0,0,0,0,0,0,0,0,0,0,0,0,0,0,0,0,0,0,0,0,0,0,0,0,0,0,0,0,0,0,0,0,0,0,0,0,0,0,0,0,0,0,0,0,0,0,7,0,0,128,2,0,0,0,0,8,0,0,255,0,0,255,0,0,0,0,0,0,0,0,255,0,0,0,0,0,0,0,0,0,0,0,0,0,0,0,0,0,0,0,0,0,0,0,0,0,0,0,0,0,0,0,0,0,0,0,0,0,0,6,0,0,85,0,0,128,0,0,0,0,0,128,0,0,255,0,7,13,0,9,255,0,0,0,0,0,0,0,0,255,13,0,0,0,0,0,0,0,0,0,0,0,0,0,0,0,3,51,0,0,51,0,0,0,0,0,85,0,0,0,0,0,0,0,5,255,0,0,255,0,5,9,0,0,128,0,0,255,0,0,18,0,0,0,0,0,0,0,0,0,0,0,0,0,0,0,0,0,0,0,4,51,0,0,0,0,0,6,0,0,0,0,0,0,0,0,0,0,0,0,0,0,0,0,0,0,0,0,0,0,0,0,0,0,0,0,0,0,0
0,0,0,0,0,0,0,0,0,0,0,0,0,128,0,0,0,0,0,0,0,0,0,0,0,0,0,0,0,0,0,0,0,0,0,0,0,0,0,0,0,0,0,0,0,0,0,0,0,0,0,0,0,0,0,0,0,0,0,0,0,0,0,0,0,0,0,85,0,0,0,0,0,13,0,0,255,0,0,0,0,0,0,0,0,0,0,0,0,0,0,0,0,0,0,0,0,0,0,0,0,0,0,0,0,0,0,0,0,0,0,0,0,0,0,0,0,0,0,0,0,0,0,0,0,0,0,7,0,0,128,0,0,0,0,0,8,0,0,255,0,0,255,0,0,0,0,0,0,0,0,0,0,0,0,0,0,0,0,0,0,0,0,0,0,0,0,0,0,0,0,0,0,0,0,0,0,0,0,0,0,0,0,0,0,0,0,0,0,0,6,0,0,85,0,0,128,0,0,0,0,0,128,0,0,255,0,7,13,0,9,255,0,0,0,0,0,0,0,0,255,13,0,0,0,0,0,0,0,0,0,0,0,0,0,0,0,3,51,0,0,51,0,0,0,0,0,85,0,0,0,0,0,0,0,5,255,0,0,255,0,5,9,0,0,128,0,0,255,0,0,18,0,0,0,0,0,0,0,0,0,0,0,0,0,0,0,0,0,0,0,0,51,0,0,0,0,0,6,0,0,0,0,0,0,0,0,0,0,0,0,0,0,0,0,0,0,0,0,0,0,0,0,0,0,0,0,0,0,0
0,0,0,0,0,0,0,0,0,0,0,0,0,128,0,0,0,0,0,0,0,0,0,0,0,0,0,0,0,0,0,0,0,0,0,0,0,0,0,0,0,0,0,0,0,0,0,0,0,0,0,0,0,0,0,0,0,0,0,0,0,0,0,0,0,0,0,85,0,0,0,0,0,13,0,0,255,0,0,0,0,0,0,0,0,0,0,0,0,0,0,0,0,0,0,0,0,0,0,0,0,0,0,0,0,0,0,0,0,0,0,0,0,0,0,0,0,0,0,0,0,0,0,0,0,0,0,7,0,0,128,0,0,0,0,0,8,0,0,255,0,0,255,0,0,0,0,0,0,0,0,255,0,0,0,0,0,0,0,0,0,0,0,0,0,0,0,0,0,0,0,0,0,0,0,0,0,0,0,0,0,0,0,0,0,0,0,0,0,0,6,0,0,85,0,0,128,0,0,0,0,0,128,0,0,255,0,7,13,0,9,255,0,0,0,0,0,0,0,0,255,13,0,0,0,0,0,0,0,0,0,0,0,0,0,0,0,3,51,0,0,51,0,0,0,0,0,85,0,0,0,0,0,0,0,5,255,0,0,0,0,5,9,0,0,128,0,0,255,0,0,18,0,0,0,0,0,0,0,0,0,0,0,0,0,0,0,0,0,0,0,0,51,0,0,0,0,0,6,0,0,0,0,0,0,0,0,0,0,0,0,0,0,0,0,0,0,0,0,0,0,0,0,0,0,0,0,0,0,0
0,0,0,0,0,0,0,0,0,0,0,0,0,128,0,0,0,0,0,0,0,0,0,0,0,0,0,0,0,0,0,0,0,0,0,0,0,0,0,0,0,0,0,0,0,0,0,0,0,0,0,0,0,0,0,0,0,0,0,0,0,0,0,0,0,0,0,85,0,0,0,0,0,13,0,0,255,0,0,0,0,0,0,0,0,0,0,0,0,0,0,0,0,0,0,0,0,0,0,0,0,0,0,0,0,0,0,0,0,0,0,0,0,0,0,0,0,0,0,0,0,0,0,0,0,0,0,7,0,0,128,0,0,0,0,0,8,0,0,255,0,0,255,0,0,0,0,0,0,0,0,255,0,0,0,0,0,0,0,0,0,0,0,0,0,0,0,0,0,0,0,0,0,0,0,0,0,0,0,0,0,0,0,0,0,0,0,0,0,0,6,0,0,85,0,0,128,0,0,0,0,0,128,0,0,255,0,7,13,0,9,255,0,0,0,0,0,0,0,0,255,13,0,0,0,0,0,0,0,0,0,0,0,0,0,0,0,3,51,0,0,51,0,0,0,0,0,85,0,0,0,0,0,0,0,5,255,0,0,0,0,5,9,0,0,128,0,0,255,0,0,18,0,0,0,0,0,0,0,0,0,0,0,0,0,0,0,0,0,0,0,0,51,0,0,0,0,0,6,0,0,0,0,0,0,0,0,0,0,0,0,0,0,0,0,0,0,0,0,0,0,0,0,0,0,0,0,0,0,0
0,0,0,0,0,0,0,0,0,0,0,0,0,128,0,0,0,0,0,0,0,0,0,0,0,0,0,0,0,0,0,0,0,0,0,0,0,0,0,0,0,0,0,0,0,0,0,0,0,0,0,0,0,0,0,0,0,0,0,0,0,0,0,0,0,0,0,85,0,0,0,0,0,13,0,0,255,0,0,0,0,0,0,0,0,0,0,0,0,0,0,0,0,0,0,0,0,0,0,0,0,0,0,0,0,0,0,0,0,0,0,0,0,0,0,0,0,0,0,0,0,0,0,0,0,0,0,7,0,0,128,0,0,0,0,0,8,0,0,255,0,0,255,0,0,0,0,0,0,0,0,255,0,0,0,0,0,0,0,0,0,0,0,0,0,0,0,0,0,0,0,0,0,0,0,0,0,0,0,0,0,0,0,0,0,0,0,0,0,0,6,0,0,85,0,0,128,0,0,0,0,0,128,0,0,255,0,7,13,0,9,255,0,0,0,0,0,0,0,0,255,13,0,0,0,0,0,0,0,0,0,0,0,0,0,0,0,3,51,0,0,51,0,0,0,0,0,85,0,0,0,0,0,0,0,5,255,0,0,255,0,5,9,0,0,128,0,0,255,0,0,18,0,0,0,0,0,0,0,0,0,0,0,0,0,0,0,0,0,0,0,0,51,0,0,0,0,0,6,0,0,0,0,0,0,0,0,0,0,0,0,0,0,0,0,0,0,0,0,0,0,0,0,0,0,0,0,0,0,0
0,0,0,0,0,0,0,0,0,0,0,0,0,128,0,0,0,0,0,0,0,0,0,0,0,0,0,0,0,0,0,0,0,0,0,0,0,0,0,0,0,0,0,0,0,0,0,0,0,0,0,0,0,0,0,0,0,0,0,0,0,0,0,0,0,0,0,85,0,0,0,0,0,13,0,0,255,0,0,0,0,0,0,0,0,0,0,0,0,0,0,0,0,0,0,0,0,0,0,0,0,0,0,0,0,0,0,0,0,0,0,0,0,0,0,0,0,0,0,0,0,0,0,0,0,0,0,7,0,0,128,0,0,0,0,0,8,0,0,255,0,0,255,0,0,0,0,0,0,0,0,0,0,0,0,0,0,0,0,0,0,0,0,0,0,0,0,0,0,0,0,0,0,0,0,0,0,0,0,0,0,0,0,0,0,0,0,0,0,0,6,0,0,85,0,0,128,0,0,0,0,0,128,0,0,255,0,7,13,0,9,255,0,0,0,0,0,0,0,0,255,13,0,0,0,0,0,0,0,0,0,0,0,0,0,0,0,3,51,0,0,51,0,0,0,0,0,85,0,0,0,0,0,0,0,5,255,0,0,255,0,5,9,0,0,128,0,0,255,0,0,18,0,0,0,0,0,0,0,0,0,0,0,0,0,0,0,0,0,0,0,0,51,0,0,0,0,0,6,0,0,0,0,0,0,0,0,0,0,0,0,0,0,0,0,0,0,0,0,0,0,0,0,0,0,0,0,0,0,0
0,0,0,0,0,0,0,0,0,0,0,0,0,128,0,0,0,0,0,0,0,0,0,0,0,0,0,0,0,0,0,0,0,0,0,0,0,0,0,0,0,0,0,0,0,0,0,0,0,0,0,0,0,0,0,0,0,0,0,0,0,0,0,0,0,0,0,85,0,0,0,0,0,13,0,0,255,0,0,0,0,0,0,0,0,0,0,0,0,0,0,0,0,0,0,0,0,0,0,0,0,0,0,0,0,0,0,0,0,0,0,0,0,0,0,0,0,0,0,0,0,0,0,0,0,0,0,7,0,0,128,0,0,0,0,0,8,0,0,255,0,0,255,0,0,0,0,0,0,0,0,255,0,0,0,0,0,0,0,0,0,0,0,0,0,0,0,0,0,0,0,0,0,0,0,0,0,0,0,0,0,0,0,0,0,0,0,0,0,0,6,0,0,85,0,0,128,0,0,0,0,0,128,0,0,255,0,7,13,0,9,255,0,0,0,0,0,0,0,0,255,13,0,0,0,0,0,0,0,0,0,0,0,0,0,0,0,3,51,0,0,51,0,0,0,0,0,85,0,0,0,0,0,0,0,5,255,0,0,255,0,5,9,0,0,128,0,0,255,0,0,18,0,0,0,0,0,0,0,0,0,0,0,0,0,0,0,0,0,0,0,0,51,0,0,0,0,0,6,0,0,0,0,0,0,0,0,0,0,0,0,0,0,0,0,0,0,0,0,0,0,0,0,0,0,0,0,0,0,0
0,0,0,0,0,0,0,0,0,0,0,0,0,128,0,0,0,0,0,0,0,0,0,0,0,0,0,0,0,0,0,0,0,0,0,0,0,0,0,0,0,0,0,0,0,0,0,0,0,0,0,0,0,0,0,0,0,0,0,0,0,0,0,0,0,0,0,85,0,0,0,0,0,13,0,0,255,0,0,0,0,0,0,0,0,0,0,0,0,0,0,0,0,0,0,0,0,0,0,0,0,0,0,0,0,0,0,0,0,0,0,0,0,0,0,0,0,0,0,0,0,0,0,0,0,0,0,7,0,0,128,0,0,0,0,0,8,0,0,255,0,0,255,0,0,0,0,0,0,0,0,255,0,0,0,0,0,0,0,0,0,0,0,0,0,0,0,0,0,0,0,0,0,0,0,0,0,0,0,0,0,0,0,0,0,0,0,0,0,0,6,0,0,85,0,0,128,0,0,0,0,0,128,0,0,255,0,7,13,0,9,255,0,0,0,0,0,0,0,0,255,13,0,0,0,0,0,0,0,0,0,0,0,0,0,0,0,3,51,0,0,51,0,0,0,0,0,85,0,0,0,0,0,0,0,5,255,0,0,0,0,5,9,0,0,128,0,0,255,0,0,18,0,0,0,0,0,0,0,0,0,0,0,0,0,0,0,0,0,0,0,0,51,0,0,0,0,0,6,0,0,0,0,0,0,0,0,0,0,0,0,0,0,0,0,0,0,0,0,0,0,0,0,0,0,0,0,0,0,0
0,0,0,0,0,0,6,0,0,0,0,0,0,128,0,0,0,0,0,0,0,0,0,0,0,0,0,0,0,0,0,0,0,0,0,0,0,0,0,0,0,0,0,0,0,0,0,0,0,0,0,0,0,0,0,0,0,0,0,0,0,0,0,0,0,0,0,85,0,0,0,0,0,13,0,0,255,0,0,0,0,0,0,0,0,0,0,0,0,0,0,0,0,0,0,0,0,0,0,0,0,0,0,0,0,0,0,0,0,0,0,0,0,0,0,0,0,0,0,0,0,0,0,0,0,0,0,7,0,0,128,0,0,0,0,0,8,0,0,255,0,0,255,0,0,0,0,0,0,0,0,255,0,0,0,0,0,0,0,0,0,0,0,0,0,0,0,0,0,0,0,0,0,0,0,0,0,0,0,0,0,0,0,0,0,0,0,0,0,0,6,0,0,85,0,0,128,0,0,0,0,0,128,0,0,255,0,7,13,0,9,255,0,0,0,0,0,0,0,0,255,13,0,0,0,0,0,0,0,0,0,0,0,0,0,0,0,3,51,0,0,51,0,0,0,0,0,85,0,0,0,0,0,0,0,5,255,0,0,0,0,5,9,0,0,128,0,0,255,0,0,18,64,0,0,0,0,0,0,0,0,0,0,0,0,0,0,0,0,0,0,0,51,0,0,0,0,0,6,0,0,0,0,0,0,0,0,0,0,0,0,0,0,0,0,0,0,0,0,0,0,0,0,0,0,0,0,0,0,0
0,0,0,0,0,0,0,0,0,0,0,0,0,128,0,0,0,0,0,0,0,0,0,0,0,0,0,0,0,0,0,0,0,0,0,0,0,0,0,0,0,0,0,0,0,0,0,0,0,0,0,0,0,0,0,0,0,0,0,0,0,0,0,0,0,0,0,85,0,0,0,0,0,13,0,0,255,0,0,0,0,0,0,0,0,0,0,0,0,0,0,0,0,0,0,0,0,0,0,0,0,0,0,0,0,0,0,0,0,0,0,0,0,0,0,0,0,0,0,0,0,0,0,0,0,0,0,7,0,0,128,0,0,0,0,0,8,0,0,255,0,0,255,0,0,0,0,0,0,0,0,255,0,0,0,0,0,0,0,0,0,0,0,0,0,0,0,0,0,0,0,0,0,0,0,0,0,0,0,0,0,0,0,0,0,0,0,0,0,0,6,0,0,85,0,0,128,0,0,0,0,0,128,0,0,255,0,7,13,0,9,255,0,0,0,0,0,0,0,0,255,13,0,0,0,0,0,0,0,0,0,0,0,0,0,0,0,3,51,0,0,51,0,0,0,0,0,85,0,0,0,0,0,0,0,5,255,0,0,0,0,5,9,0,0,128,0,0,255,0,0,18,64,0,0,0,0,0,0,0,0,0,0,0,0,0,0,0,0,0,0,0,51,0,0,0,0,0,6,0,0,0,0,0,0,0,0,0,0,0,0,0,0,0,0,0,0,0,0,0,0,0,0,0,0,0,0,0,0,0
0,0,0,0,0,0,6,0,0,0,0,0,0,128,0,0,0,0,0,0,0,0,0,0,0,0,0,0,0,0,0,0,0,0,0,0,0,0,0,0,0,0,0,0,0,0,0,0,0,0,0,0,0,0,0,0,0,0,0,0,0,0,0,0,0,0,0,85,0,0,0,0,0,13,0,0,255,0,0,0,0,0,0,0,0,0,0,0,0,0,0,0,0,0,0,0,0,0,0,0,0,0,0,0,0,0,0,0,0,0,0,0,0,0,0,0,0,0,0,0,0,0,0,0,0,0,0,7,0,0,128,0,0,0,0,0,8,0,0,255,0,0,255,0,0,0,0,0,0,0,0,255,0,0,0,0,0,0,0,0,0,0,0,0,0,0,0,0,0,0,0,0,0,0,0,0,0,0,0,0,0,0,0,0,0,0,0,0,0,0,6,0,0,85,0,0,128,0,0,0,0,0,128,0,0,255,0,7,13,0,9,255,0,0,0,0,0,0,0,0,255,13,0,0,0,0,0,0,0,0,0,0,0,0,0,0,0,3,51,0,0,51,0,0,0,0,0,85,0,0,0,0,0,0,0,5,255,0,0,0,0,5,9,0,0,128,0,0,255,0,0,18,64,0,0,0,0,0,0,0,0,0,0,0,0,0,0,0,0,0,0,0,51,0,0,0,0,0,6,0,0,0,0,0,0,0,0,0,0,0,0,0,0,0,0,0,0,0,0,0,0,0,0,0,0,0,0,0,0,0
0,0,0,0,0,0,6,0,0,0,0,0,0,128,0,0,0,0,0,0,0,0,0,0,0,0,0,0,0,0,0,0,0,0,0,0,0,0,0,0,0,0,0,0,0,0,0,0,0,0,0,0,0,0,0,0,0,0,0,0,0,0,0,0,0,0,0,85,0,0,0,0,0,13,0,0,255,0,0,0,0,0,0,0,0,0,0,0,0,0,0,0,0,0,0,0,0,0,0,0,0,0,0,0,0,0,0,0,0,0,0,0,0,0,0,0,0,0,0,0,0,0,0,0,0,0,0,7,0,0,128,0,0,0,0,0,8,0,0,255,0,0,255,0,0,0,0,0,0,0,0,255,0,0,0,0,0,0,0,0,0,0,0,0,0,0,0,0,0,0,0,0,0,0,0,0,0,0,0,0,0,0,0,0,0,0,0,0,0,0,6,0,0,85,0,0,128,0,0,0,0,0,128,0,0,255,0,7,13,0,9,255,0,0,0,0,0,0,0,0,255,13,0,0,0,0,0,0,0,0,0,0,0,0,0,0,0,3,51,0,0,51,0,0,0,0,0,85,0,0,0,0,0,0,0,5,255,0,0,0,0,5,9,0,0,128,0,0,255,0,0,18,64,0,0,0,0,0,0,0,0,0,0,0,0,0,0,0,0,0,0,0,51,0,0,0,0,0,6,0,0,0,0,0,0,0,0,0,0,0,0,0,0,0,0,0,0,0,0,0,0,0,0,0,0,0,0,0,0,0
0,0,0,0,0,0,6,0,0,0,0,0,0,128,0,0,0,0,0,0,0,0,0,0,0,0,0,0,0,0,0,0,0,0,0,0,0,0,0,0,0,0,0,0,0,0,0,0,0,0,0,0,0,0,0,0,0,0,0,0,0,0,0,0,0,0,0,85,0,0,0,0,0,13,0,0,255,0,0,0,0,0,0,0,0,0,0,0,0,0,0,0,0,0,0,0,0,0,0,0,0,0,0,0,0,0,0,0,0,0,0,0,0,0,0,0,0,0,0,0,0,0,0,0,0,0,0,7,0,0,128,0,0,0,0,0,8,0,0,255,0,0,255,0,0,0,0,0,0,0,0,255,0,0,0,0,0,0,0,0,0,0,0,0,0,0,0,0,0,0,0,0,0,0,0,0,0,0,0,0,0,0,0,0,0,0,0,0,0,0,6,0,0,85,0,0,128,0,0,0,0,0,128,0,0,255,0,7,13,0,9,255,0,0,0,0,0,0,0,0,255,13,0,0,0,0,0,0,0,0,0,0,0,0,0,0,0,3,51,0,0,51,0,0,0,0,0,85,0,0,0,0,0,0,0,5,255,0,0,0,0,5,9,0,0,128,0,0,255,0,0,18,64,0,0,0,0,0,0,0,0,0,0,0,0,0,0,0,0,0,0,0,51,0,0,0,0,0,6,0,0,0,0,0,0,0,0,0,0,0,0,0,0,0,0,0,0,0,0,0,0,0,0,0,0,0,0,0,0,0
0,0,0,0,0,0,6,0,0,0,0,0,0,128,0,0,0,0,0,0,0,0,0,0,0,0,0,0,0,0,0,0,0,0,0,0,0,0,0,0,0,0,0,0,0,0,0,0,0,0,0,0,0,0,0,0,0,0,0,0,0,0,0,0,0,0,0,85,0,0,0,0,0,13,0,0,255,0,0,0,0,0,0,0,0,0,0,0,0,0,0,0,0,0,0,0,0,0,0,0,0,0,0,0,0,0,0,0,0,0,0,0,0,0,0,0,0,0,0,0,0,0,0,0,0,0,0,7,0,0,128,0,0,0,0,0,8,0,0,255,0,0,255,0,0,0,0,0,0,0,0,255,0,0,0,0,0,0,0,0,0,0,0,0,0,0,0,0,0,0,0,0,0,0,0,0,0,0,0,0,0,0,0,0,0,0,0,0,0,0,6,0,0,85,0,0,128,0,0,0,0,0,128,0,0,255,0,7,13,0,9,0,0,0,0,0,0,0,0,0,255,13,0,0,0,0,0,0,0,0,0,0,0,0,0,0,0,3,51,0,0,51,0,0,0,0,0,85,0,0,0,0,0,0,0,5,255,0,0,0,0,5,9,0,0,128,0,0,255,0,0,18,64,0,0,0,0,0,0,0,0,0,0,0,0,0,0,0,0,0,0,0,51,0,0,0,0,0,6,0,0,0,0,0,0,0,0,0,0,0,0,0,0,0,0,0,0,0,0,0,0,0,0,0,0,0,0,0,0,0
0,0,0,0,0,0,6,0,0,0,0,0,0,128,0,0,0,0,0,0,0,0,0,0,0,0,0,0,0,0,0,0,0,0,0,0,0,0,0,0,0,0,0,0,0,0,0,0,0,0,0,0,0,0,0,0,0,0,0,0,0,0,0,0,0,0,0,85,0,0,0,0,0,13,0,0,255,0,0,0,0,0,0,0,0,0,0,0,0,0,0,0,0,0,0,0,0,0,0,0,0,0,0,0,0,0,0,0,0,0,0,0,0,0,0,0,0,0,0,0,0,0,0,0,0,0,0,7,0,0,128,0,0,0,0,0,8,0,0,255,0,0,255,0,0,0,0,0,0,0,0,255,0,0,0,0,0,0,0,0,0,0,0,0,0,0,0,0,0,0,0,0,0,0,0,0,0,0,0,0,0,0,0,0,0,0,0,0,0,0,6,0,0,85,0,0,128,0,0,0,0,0,128,0,0,255,0,7,13,0,9,255,0,0,0,0,0,0,0,0,255,13,0,0,0,0,0,0,0,0,0,0,0,0,0,0,0,3,51,0,0,51,0,0,0,0,0,85,0,0,0,0,0,0,0,5,255,0,0,0,0,5,9,0,0,128,0,0,255,0,0,18,64,0,0,0,0,0,0,0,0,0,0,0,0,0,0,0,0,0,0,0,51,0,0,0,0,0,6,0,0,0,0,0,0,0,0,0,0,0,0,0,0,0,0,0,0,0,0,0,0,0,0,0,0,0,0,0,0,0
0,0,0,0,0,0,0,0,0,0,0,0,0,128,0,0,0,0,0,0,0,0,0,0,0,0,0,0,0,0,0,0,0,0,0,0,0,0,0,0,0,0,0,0,0,0,0,0,0,0,0,0,0,0,0,0,0,0,0,0,0,0,0,0,0,0,0,85,0,0,0,0,0,13,0,0,255,0,0,0,0,0,0,0,0,0,0,0,0,0,0,0,0,0,0,0,0,0,0,0,0,0,0,0,0,0,0,0,0,0,0,0,0,0,0,0,0,0,0,0,0,0,0,0,0,0,0,7,0,0,128,0,0,0,0,0,8,0,0,255,0,0,255,0,0,0,0,0,0,0,0,255,0,0,0,0,0,0,0,0,0,0,0,0,0,0,0,0,0,0,0,0,0,0,0,0,0,0,0,0,0,0,0,0,0,0,0,0,0,0,6,0,0,85,0,0,128,0,0,0,0,0,128,0,0,255,0,7,13,0,9,0,0,0,0,0,0,0,0,0,255,13,0,0,0,0,0,0,0,0,0,0,0,0,0,0,0,0,51,0,0,51,0,0,0,0,0,85,0,0,0,0,0,0,0,5,255,0,0,0,0,5,9,0,0,128,0,0,255,0,0,18,64,0,0,0,0,0,0,0,0,0,0,0,0,0,0,0,0,0,0,0,51,0,0,0,0,0,6,0,0,0,0,0,0,0,0,0,0,0,0,0,0,0,0,0,0,0,0,0,0,0,0,0,0,0,0,0,0,0
0,0,0,0,0,0,6,0,0,0,0,0,0,128,0,0,0,0,0,0,0,0,0,0,0,0,0,0,0,0,0,0,0,0,0,0,0,0,0,0,0,0,0,0,0,0,0,0,0,0,0,0,0,0,0,0,0,0,0,0,0,0,0,0,0,0,0,85,0,0,0,0,0,13,0,0,255,0,0,0,0,0,0,0,0,0,0,0,0,0,0,0,0,0,0,0,0,0,0,0,0,0,0,0,0,0,0,0,0,0,0,0,0,0,0,0,0,0,0,0,0,0,0,0,0,0,0,7,23,0,128,0,0,0,0,0,8,0,0,255,0,0,255,0,0,0,0,0,0,0,0,255,0,0,0,0,0,0,0,0,0,0,0,0,0,0,0,0,0,0,0,0,0,0,0,0,0,0,0,0,0,0,0,0,0,0,0,0,0,0,6,0,0,85,0,0,128,0,0,0,0,0,128,0,0,255,0,7,13,0,9,0,0,0,0,0,0,0,0,0,255,13,0,0,0,0,0,0,0,0,0,0,0,0,0,0,0,3,51,0,0,51,0,0,0,0,0,85,0,0,0,0,0,0,0,5,255,0,0,0,0,5,9,0,0,128,0,0,255,0,0,18,64,0,0,0,0,0,0,0,0,0,0,0,0,0,0,0,0,0,0,4,51,0,0,0,0,0,6,0,0,0,0,0,0,0,0,0,0,0,0,0,0,0,0,0,0,0,0,0,0,0,0,0,0,0,0,0,0,0
0,0,0,0,0,0,6,0,0,0,0,0,0,128,0,0,0,0,0,0,0,0,0,0,0,0,0,0,0,0,0,0,0,0,0,0,0,0,0,0,0,0,0,0,0,0,0,0,0,0,0,0,0,0,0,0,0,0,0,0,0,0,0,0,0,0,0,85,0,0,0,0,0,13,0,0,255,0,0,0,0,0,0,0,0,0,0,0,0,0,0,0,0,0,0,0,0,0,0,0,0,0,0,0,0,0,0,0,0,0,0,0,0,0,0,0,0,0,0,0,0,0,0,0,0,0,0,7,0,0,128,0,0,0,0,0,8,0,0,255,0,0,255,0,0,0,0,0,0,0,0,255,0,0,0,0,0,0,0,0,0,0,0,0,0,0,0,0,0,0,0,0,0,0,0,0,0,0,0,0,0,0,0,0,0,0,0,0,0,0,6,0,0,85,0,0,128,0,0,0,0,0,128,0,0,255,0,7,13,0,9,0,0,0,0,0,0,0,0,0,255,0,0,0,0,0,0,0,0,0,0,0,0,0,0,0,0,3,51,0,0,51,0,0,0,0,0,85,0,0,0,0,0,0,0,5,255,0,0,0,0,5,9,0,0,128,0,0,255,0,0,18,64,0,0,0,0,0,0,0,0,0,0,0,0,0,0,0,0,0,0,0,51,0,0,0,0,0,6,0,0,0,0,0,0,0,0,0,0,0,0,0,0,0,0,0,0,0,0,0,0,0,0,0,0,0,0,0,0,0
0,0,0,0,0,0,6,0,0,0,0,0,0,128,0,0,0,0,0,0,0,0,0,0,0,0,0,0,0,0,0,0,0,0,0,0,0,0,0,0,0,0,0,0,0,0,0,0,0,0,0,0,0,0,0,0,0,0,0,0,0,0,0,0,0,0,0,85,0,0,0,0,0,13,0,0,255,0,0,0,0,0,0,0,0,0,0,0,0,0,0,0,0,0,0,0,0,0,0,0,0,0,0,0,0,0,0,0,0,0,0,0,0,0,0,0,0,0,0,0,0,0,0,0,0,0,0,7,23,0,128,0,0,0,0,0,8,0,0,255,0,0,255,0,0,0,0,0,0,0,0,255,0,0,0,0,0,0,0,0,0,0,0,0,0,0,0,0,0,0,0,0,0,0,0,0,0,0,0,0,0,0,0,0,0,0,0,0,0,0,6,0,0,85,0,0,128,0,0,0,0,0,128,0,0,255,0,7,13,0,9,0,0,0,0,0,0,0,0,0,255,13,0,0,0,0,0,0,0,0,0,0,0,0,0,0,0,3,51,0,0,51,0,0,0,0,0,85,0,0,0,0,0,0,0,5,255,0,0,0,0,5,9,0,0,128,0,0,255,0,0,18,64,0,0,0,0,0,0,0,0,0,0,0,0,0,0,0,0,0,0,0,51,0,0,0,0,0,6,0,0,0,0,0,0,0,0,0,0,0,0,0,0,0,0,0,0,0,0,0,0,0,0,0,0,0,0,0,0,0
0,0,0,0,0,0,6,0,0,0,0,0,0,128,0,0,0,0,0,0,0,0,0,0,0,0,0,0,0,0,0,0,0,0,0,0,0,0,0,0,0,0,0,0,0,0,0,0,0,0,0,0,0,0,0,0,0,0,0,0,0,0,0,0,0,0,0,85,0,0,0,0,0,13,0,0,255,0,0,0,0,0,0,0,0,0,0,0,0,0,0,0,0,0,0,0,0,0,0,0,0,0,0,0,0,0,0,0,0,0,0,0,0,0,0,0,0,0,0,0,0,0,0,0,0,0,0,7,0,0,128,0,0,0,0,0,8,0,0,255,0,0,255,0,0,0,0,0,0,0,0,0,0,0,0,0,0,0,0,0,0,0,0,0,0,0,0,0,0,0,0,0,0,0,0,0,0,0,0,0,0,0,0,0,0,0,0,0,0,0,6,0,0,85,0,0,128,0,0,0,0,0,128,0,0,255,0,7,13,0,9,255,0,0,0,0,0,0,0,0,255,13,0,0,0,0,0,0,0,0,0,0,0,0,0,0,0,3,51,0,0,51,0,0,0,0,0,85,0,0,0,0,0,0,0,5,255,0,0,0,0,5,9,0,0,128,0,0,255,0,0,18,64,0,0,0,0,0,0,0,0,0,0,0,0,0,0,0,0,0,0,0,51,0,0,0,0,0,6,0,0,0,0,0,0,0,0,0,0,0,0,0,0,0,0,0,0,0,0,0,0,0,0,0,0,0,0,0,0,0
0,0,0,0,0,0,6,0,0,0,0,0,0,128,0,0,0,0,0,0,0,0,0,0,0,0,0,0,0,0,0,0,0,0,0,0,0,0,0,0,0,0,0,0,0,0,0,0,0,0,0,0,0,0,0,0,0,0,0,0,0,0,0,0,0,0,0,85,0,0,0,0,0,13,0,0,255,0,0,0,0,0,0,0,0,0,0,0,0,0,0,0,0,0,0,0,0,0,0,0,0,0,0,0,0,0,0,0,0,0,0,0,0,0,0,0,0,0,0,0,0,0,0,0,0,0,0,7,0,0,128,0,0,0,0,0,8,0,0,255,0,0,255,0,0,0,0,0,0,0,0,255,0,0,0,0,0,0,0,0,0,0,0,0,0,0,0,0,0,0,0,0,0,0,0,0,0,0,0,0,0,0,0,0,0,0,0,0,0,0,6,0,0,85,0,0,128,0,0,0,0,0,128,0,0,255,0,7,13,36,9,255,0,0,0,0,0,0,0,0,255,13,0,0,0,0,0,0,0,0,0,0,0,0,0,0,0,3,51,0,0,51,0,0,0,0,0,85,0,0,0,0,0,0,0,5,255,0,0,0,0,5,9,0,0,128,0,0,255,0,0,18,64,0,0,0,0,0,0,0,0,0,0,0,0,0,0,0,0,0,0,0,51,0,0,0,0,0,6,0,0,0,0,0,0,0,0,0,0,0,0,0,0,0,0,0,0,0,0,0,0,0,0,0,0,0,0,0,0,0
0,0,0,0,0,0,6,0,0,0,0,0,0,128,0,0,0,0,0,0,0,0,0,0,0,0,0,0,0,0,0,0,0,0,0,0,0,0,0,0,0,0,0,0,0,0,0,0,0,0,0,0,0,0,0,0,0,0,0,0,0,0,0,0,0,0,0,85,0,0,0,0,0,13,0,0,255,0,0,0,0,0,0,0,0,0,0,0,0,0,0,0,0,0,0,0,0,0,0,0,0,0,0,0,0,0,0,0,0,0,0,0,0,0,0,0,0,0,0,0,0,0,0,0,0,0,0,7,0,0,128,0,0,0,0,0,8,0,0,255,0,0,255,0,0,0,0,0,0,0,0,255,0,0,0,0,0,0,0,0,0,0,0,0,0,0,0,0,0,0,0,0,0,0,0,0,0,0,0,0,0,0,0,0,0,0,0,0,0,0,6,0,0,85,0,0,128,0,0,0,0,0,128,0,0,255,0,7,13,0,9,0,0,0,0,0,0,0,0,0,255,13,0,0,0,0,0,0,0,0,0,0,0,0,0,0,0,3,51,0,0,51,0,0,0,0,0,85,0,0,0,0,0,0,0,5,255,0,0,0,0,5,9,0,0,128,0,0,255,0,0,18,64,0,0,0,0,0,0,0,0,0,0,0,0,0,0,0,0,0,0,0,51,0,0,0,0,0,6,0,0,0,0,0,0,0,0,0,0,0,0,0,0,0,0,0,0,0,0,0,0,0,0,0,0,0,0,0,0,0
0,0,0,0,0,0,6,0,0,0,0,0,0,128,0,0,0,0,0,0,0,0,0,0,0,0,0,0,0,0,0,0,0,0,0,0,0,0,0,0,0,0,0,0,0,0,0,0,0,0,0,0,0,0,0,0,0,0,0,0,0,0,0,0,0,0,0,85,0,0,0,0,0,13,0,0,255,0,0,0,0,0,0,0,0,0,0,0,0,0,0,0,0,0,0,0,0,0,0,0,0,0,0,0,0,0,0,0,0,0,0,0,0,0,0,0,0,0,0,0,0,0,0,0,0,0,0,7,23,0,128,0,0,0,0,0,8,0,0,255,0,0,255,0,0,0,0,0,0,0,0,255,0,0,0,0,0,0,0,0,0,0,0,0,0,0,0,0,0,0,0,0,0,0,0,0,0,0,0,0,0,0,0,0,0,0,0,0,0,0,6,0,0,85,0,0,128,0,0,0,0,0,128,0,0,255,0,7,13,0,9,0,0,0,0,0,0,0,0,0,255,13,0,0,0,0,0,0,0,0,0,0,0,0,0,0,0,3,51,0,0,51,0,0,0,0,0,85,0,0,0,0,0,0,0,5,255,0,0,0,0,5,9,0,0,128,0,0,255,0,0,18,64,0,0,0,0,0,0,0,0,0,0,0,0,0,0,0,0,0,0,0,51,0,0,0,0,0,6,0,0,0,0,0,0,0,0,0,0,0,0,0,0,0,0,0,0,0,0,0,0,0,0,0,0,0,0,0,0,0
0,0,0,0,0,0,6,0,0,0,0,0,0,128,0,0,0,0,0,0,0,0,0,0,0,0,0,0,0,0,0,0,0,0,0,0,0,0,0,0,0,0,0,0,0,0,0,0,0,0,0,0,0,0,0,0,0,0,0,0,0,0,0,0,0,0,0,85,0,0,0,0,0,13,0,0,255,0,0,0,0,0,0,0,0,0,0,0,0,0,0,0,0,0,0,0,0,0,0,0,0,0,0,0,0,0,0,0,0,0,0,0,0,0,0,0,0,0,0,0,0,0,0,0,0,0,0,7,0,0,128,0,0,0,0,0,8,0,0,255,0,0,255,0,0,0,0,0,0,0,0,255,0,0,0,0,0,0,0,0,0,0,0,0,0,0,0,0,0,0,0,0,0,0,0,0,0,0,0,0,0,0,0,0,0,0,0,0,0,0,6,0,0,85,0,0,0,0,0,0,0,0,128,0,0,255,0,7,13,0,9,0,0,0,0,0,0,0,0,0,255,13,0,0,0,0,0,0,0,0,0,0,0,0,0,0,0,3,51,0,0,51,0,0,0,0,0,85,0,0,0,0,0,0,0,5,255,0,0,0,0,5,9,0,0,128,0,0,255,0,0,18,64,0,0,0,0,0,0,0,0,0,0,0,0,0,0,0,0,0,0,0,51,0,0,0,0,0,6,0,0,0,0,0,0,0,0,0,0,0,0,0,0,0,0,0,0,0,0,0,0,0,0,0,0,0,0,0,0,0
0,0,0,0,0,0,6,0,0,0,0,0,0,128,0,0,0,0,0,0,0,0,0,0,0,0,0,0,0,0,0,0,0,0,0,0,0,0,0,0,0,0,0,0,0,0,0,0,0,0,0,0,0,0,0,0,0,0,0,0,0,0,0,0,0,0,0,85,0,0,0,0,0,13,0,0,255,0,0,0,0,0,0,0,0,0,0,0,0,0,0,0,0,0,0,0,0,0,0,0,0,0,0,0,0,0,0,0,0,0,0,0,0,0,0,0,0,0,0,0,0,0,0,0,0,0,0,7,0,0,128,0,0,0,0,0,8,0,0,255,0,0,255,0,0,0,0,0,0,0,0,255,0,0,0,0,0,0,0,0,0,0,0,0,0,0,0,0,0,0,0,0,0,0,0,0,0,0,0,0,0,0,0,0,0,0,0,0,0,0,6,0,0,85,0,0,128,0,0,0,0,0,128,0,0,255,0,7,13,0,9,255,0,0,0,0,0,0,0,0,255,13,0,0,0,0,0,0,0,0,0,0,0,0,0,0,0,3,51,0,0,51,0,0,0,0,0,85,0,0,0,0,0,0,0,5,255,0,0,0,0,5,9,0,0,128,0,0,255,0,0,18,64,0,0,0,0,0,0,0,0,0,0,0,0,0,0,0,0,0,0,0,51,0,0,0,0,0,6,0,0,0,0,0,0,0,0,0,0,0,0,0,0,0,0,0,0,0,0,0,0,0,0,0,0,0,0,0,0,0
0,0,0,0,0,0,6,0,0,0,0,0,0,128,0,0,0,0,0,0,0,0,0,0,0,0,0,0,0,0,0,0,0,0,0,0,0,0,0,0,0,0,0,0,0,0,0,0,0,0,0,0,0,0,0,0,0,0,0,0,0,0,0,0,0,0,0,85,0,0,0,0,0,13,0,0,255,0,0,0,0,0,0,0,0,0,0,0,0,0,0,0,0,0,0,0,0,0,0,0,0,0,0,0,0,0,0,0,0,0,0,0,0,0,0,0,0,0,0,0,0,0,0,0,0,0,0,7,0,0,128,0,0,0,0,0,8,0,0,255,0,0,255,0,0,0,0,0,0,0,0,255,0,0,0,0,0,0,0,0,0,0,0,0,0,0,0,0,0,0,0,0,0,0,0,0,0,0,0,0,0,0,0,0,0,0,0,0,0,0,6,0,0,85,0,0,128,0,0,0,0,0,128,0,0,255,0,7,13,0,9,0,0,0,0,0,0,0,0,0,255,13,0,0,0,0,0,0,0,0,0,0,0,0,0,0,0,3,51,0,0,51,0,0,0,0,0,85,0,0,0,0,0,0,0,5,255,0,0,0,0,5,9,0,0,128,0,0,255,0,0,18,64,0,0,0,0,0,0,0,0,0,0,0,0,0,0,0,0,0,0,0,51,0,0,0,0,0,6,0,0,0,0,0,0,0,0,0,0,0,0,0,0,0,0,0,0,0,0,0,0,0,0,0,0,0,0,0,0,0
0,0,0,0,0,0,6,0,0,0,0,0,0,128,0,0,0,0,0,0,0,0,0,0,0,0,0,0,0,0,0,0,0,0,0,0,0,0,0,0,0,0,0,0,0,0,0,0,0,0,0,0,0,0,0,0,0,0,0,0,0,0,0,0,0,0,0,85,0,0,0,0,0,13,0,0,255,0,0,0,0,0,0,0,0,0,0,0,0,0,0,0,0,0,0,0,0,0,0,0,0,0,0,0,0,0,0,0,0,0,0,0,0,0,0,0,0,0,0,0,0,0,0,0,0,0,0,7,0,0,128,0,0,0,0,0,8,0,0,255,0,0,255,0,0,0,0,0,0,0,0,255,0,0,0,0,0,0,0,0,0,0,0,0,0,0,0,0,0,0,0,0,0,0,0,0,0,0,0,0,0,0,0,0,0,0,0,0,0,0,6,0,0,85,0,0,128,0,0,0,0,0,128,0,0,255,0,7,13,0,9,0,0,0,0,0,0,0,0,0,255,13,0,0,0,0,0,0,0,0,0,0,0,0,0,0,0,3,51,0,0,51,0,0,0,0,0,85,0,0,0,0,0,0,0,5,255,0,0,0,0,5,9,0,0,128,0,0,255,0,0,18,64,0,0,0,0,0,0,0,0,0,0,0,0,0,0,0,0,0,0,0,51,0,0,0,0,0,6,0,0,0,0,0,0,0,0,0,0,0,0,0,0,0,0,0,0,0,0,0,0,0,0,0,0,0,0,0,0,0
0,0,0,0,0,0,6,0,0,0,0,0,0,128,0,0,0,0,0,0,0,0,0,0,0,0,0,0,0,0,0,0,0,0,0,0,0,0,0,0,0,0,0,0,0,0,0,0,0,0,0,0,0,0,0,0,0,0,0,0,0,0,0,0,0,0,0,85,0,0,0,0,0,13,0,0,255,0,0,0,0,0,0,0,0,0,0,0,0,0,0,0,0,0,0,0,0,0,0,0,0,0,0,0,0,0,0,0,0,0,0,0,0,0,0,0,0,0,0,0,0,0,0,0,0,0,0,7,0,0,128,0,0,0,0,0,8,0,0,255,0,0,255,0,0,0,0,0,0,0,0,255,0,0,0,0,0,0,0,0,0,0,0,0,0,0,0,0,0,0,0,0,0,0,0,0,0,0,0,0,0,0,0,0,0,0,0,0,0,0,6,0,0,85,0,0,128,0,0,0,0,0,128,0,0,255,0,7,13,36,9,0,0,0,0,0,0,0,0,0,255,13,0,0,0,0,0,0,0,0,0,0,0,0,0,0,0,3,51,0,0,51,0,0,0,0,0,85,0,0,0,0,0,0,0,5,255,0,0,0,0,5,9,0,0,128,0,0,255,0,0,18,64,0,0,0,0,0,0,0,0,0,0,0,0,0,0,0,0,0,0,0,51,0,0,0,0,0,6,0,0,0,0,0,0,0,0,0,0,0,0,0,0,0,0,0,0,0,0,0,0,0,0,0,0,0,0,0,0,0
0,0,0,0,0,0,6,0,0,0,0,0,0,128,0,0,0,0,0,0,0,0,0,0,0,0,0,0,0,0,0,0,0,0,0,0,0,0,0,0,0,0,0,0,0,0,0,0,0,0,0,0,0,0,0,0,0,0,0,0,0,0,0,0,0,0,0,85,0,0,0,0,0,13,0,0,255,0,0,0,0,0,0,0,0,0,0,0,0,0,0,0,0,0,0,0,0,0,0,0,0,0,0,0,0,0,0,0,0,0,0,0,0,0,0,0,0,0,0,0,0,0,0,0,0,0,0,7,0,0,128,0,0,0,0,0,8,0,0,255,0,0,255,0,0,0,0,0,0,0,0,255,0,0,0,0,0,0,0,0,0,0,0,0,0,0,0,0,0,0,0,0,0,0,0,0,0,0,0,0,0,0,0,0,0,0,0,0,0,0,6,0,0,85,0,0,128,0,0,0,0,0,128,0,0,255,0,7,13,36,9,0,0,0,0,0,0,0,0,0,255,13,0,0,0,0,0,0,0,0,0,0,0,0,0,0,0,3,51,0,0,51,0,0,0,0,0,85,0,0,0,0,0,0,0,5,255,0,0,0,0,5,9,0,0,128,0,0,255,0,0,18,64,0,0,0,0,0,0,0,0,0,0,0,0,0,0,0,0,0,0,0,51,0,0,0,0,0,6,0,0,0,0,0,0,0,0,0,0,0,0,0,0,0,0,0,0,0,0,0,0,0,0,0,0,0,0,0,0,0
0,0,0,0,0,0,6,0,0,0,0,0,0,128,0,0,0,0,0,0,0,0,0,0,0,0,0,0,0,0,0,0,0,0,0,0,0,0,0,0,0,0,0,0,0,0,0,0,0,0,0,0,0,0,0,0,0,0,0,0,0,0,0,0,0,0,0,85,0,0,0,0,0,13,0,0,255,0,0,0,0,0,0,0,0,0,0,0,0,0,0,0,0,0,0,0,0,0,0,0,0,0,0,0,0,0,0,0,0,0,0,0,0,0,0,0,0,0,0,0,0,0,0,0,0,0,0,7,0,0,128,0,0,0,0,0,8,0,0,255,0,0,255,0,0,0,0,0,0,0,0,255,0,0,0,0,0,0,0,0,0,0,0,0,0,0,0,0,0,0,0,0,0,0,0,0,0,0,0,0,0,0,0,0,0,0,0,0,0,0,6,0,0,85,0,0,128,0,0,0,0,0,128,0,0,255,0,7,13,0,9,0,0,0,0,0,0,0,0,0,255,13,0,0,0,0,0,0,0,0,0,0,0,0,0,0,0,3,51,0,0,51,0,0,0,0,0,85,0,0,0,0,0,0,0,5,255,0,0,0,0,5,9,0,0,128,0,0,255,0,0,18,64,0,0,0,0,0,0,0,0,0,0,0,0,0,0,0,0,0,0,0,51,0,0,0,0,0,6,0,0,0,0,0,0,0,0,0,0,0,0,0,0,0,0,0,0,0,0,0,0,0,0,0,0,0,0,0,0,0
0,0,0,0,0,0,6,0,0,0,0,0,0,128,0,0,0,0,0,0,0,0,0,0,0,0,0,0,0,0,0,0,0,0,0,0,0,0,0,0,0,0,0,0,0,0,0,0,0,0,0,0,0,0,0,0,0,0,0,0,0,0,0,0,0,0,0,85,0,0,0,0,0,13,0,0,255,0,0,0,0,0,0,0,0,0,0,0,0,0,0,0,0,0,0,0,0,0,0,0,0,0,0,0,0,0,0,0,0,0,0,0,0,0,0,0,0,0,0,0,0,0,0,0,0,0,0,7,0,0,128,0,0,0,0,0,8,0,0,255,0,0,255,0,0,0,0,0,0,0,0,255,0,0,0,0,0,0,0,0,0,0,0,0,0,0,0,0,0,0,0,0,0,0,0,0,0,0,0,0,0,0,0,0,0,0,0,0,0,0,6,0,0,85,0,0,128,0,0,0,0,0,128,0,0,255,0,7,13,0,9,0,0,0,0,0,0,0,0,0,255,13,0,0,0,0,0,0,0,0,0,0,0,0,0,0,0,3,51,0,0,51,0,0,0,0,0,85,0,0,0,0,0,0,0,5,255,0,0,0,0,5,9,0,0,128,0,0,255,0,0,18,64,0,0,0,0,0,0,0,0,0,0,0,0,0,0,0,0,0,0,0,51,0,0,0,0,0,6,0,0,0,0,0,0,0,0,0,0,0,0,0,0,0,0,0,0,0,0,0,0,0,0,0,0,0,0,0,0,0
0,0,0,0,0,0,0,0,0,0,0,0,0,128,0,0,0,0,0,0,0,0,0,0,0,0,0,0,0,0,0,0,0,0,0,0,0,0,0,0,0,0,0,0,0,0,0,0,0,0,0,0,0,0,0,0,0,0,0,0,0,0,0,0,0,0,0,85,0,0,0,0,0,13,0,0,255,0,0,0,0,0,0,0,0,0,0,0,0,0,0,0,0,0,0,0,0,0,0,0,0,0,0,0,0,0,0,0,0,0,0,0,0,0,0,0,0,0,0,0,0,0,0,0,0,0,0,7,0,0,128,0,0,0,0,0,8,0,0,255,0,0,255,0,0,0,0,0,0,0,0,0,0,0,0,0,0,0,0,0,0,0,0,0,0,0,0,0,0,0,0,0,0,0,0,0,0,0,0,0,0,0,0,0,0,0,0,0,0,0,6,0,0,85,0,0,128,0,0,0,0,0,128,0,0,255,0,7,13,0,9,0,0,0,0,0,0,0,0,0,255,13,0,0,0,0,0,0,0,0,0,0,0,0,0,0,0,3,51,0,0,51,0,0,0,0,0,85,0,0,0,0,0,0,0,5,255,0,0,0,0,5,9,0,0,128,0,0,255,0,0,18,64,0,0,0,0,0,0,0,0,0,0,0,0,0,0,0,0,0,0,0,51,0,0,0,0,0,6,0,0,0,0,0,0,0,0,0,0,0,0,0,0,0,0,0,0,0,0,0,0,0,0,0,0,0,0,0,0,0
0,0,0,0,0,0,0,0,0,0,0,0,0,128,0,0,0,0,0,0,0,0,0,0,0,0,0,0,0,0,0,0,0,0,0,0,0,0,0,0,0,0,0,0,0,0,0,0,0,0,0,0,0,0,0,0,0,0,0,0,0,0,0,0,0,0,0,85,0,0,0,0,0,13,0,0,255,0,0,0,0,0,0,0,0,0,0,0,0,0,0,0,0,0,0,0,0,0,0,0,0,0,0,0,0,0,0,0,0,0,0,0,0,0,0,0,0,0,0,0,0,0,0,0,0,0,0,7,23,0,128,0,0,0,0,0,8,0,0,255,0,0,255,0,0,0,0,0,0,0,0,255,0,0,0,0,0,0,0,0,0,0,0,0,0,0,0,0,0,0,0,0,0,0,0,0,0,0,0,0,0,0,0,0,0,0,0,0,0,0,6,0,0,85,0,0,128,0,0,0,0,0,128,0,0,255,0,7,13,0,9,0,0,0,0,0,0,0,0,0,255,13,0,0,0,0,0,0,0,0,0,0,0,0,0,0,0,3,51,0,0,51,0,0,0,0,0,85,0,0,0,0,0,0,0,5,255,0,0,0,0,5,9,0,0,128,0,0,255,0,0,18,64,0,0,0,0,0,0,0,0,0,0,0,0,0,0,0,0,0,0,0,51,0,0,0,0,0,6,0,0,0,0,0,0,0,0,0,0,0,0,0,0,0,0,0,0,0,0,0,0,0,0,0,0,0,0,0,0,0
0,0,0,0,0,0,0,0,0,0,0,0,0,128,0,0,0,0,0,0,0,0,0,0,0,0,0,0,0,0,0,0,0,0,0,0,0,0,0,0,0,0,0,0,0,0,0,0,0,0,0,0,0,0,0,0,0,0,0,0,0,0,0,0,0,0,0,85,0,0,0,0,0,13,0,0,255,0,0,0,0,0,0,0,0,0,0,0,0,0,0,0,0,0,0,0,0,0,0,0,0,0,0,0,0,0,0,0,0,0,0,0,0,0,0,0,0,0,0,0,0,0,0,0,0,0,0,7,0,0,128,0,0,0,0,0,8,0,0,255,0,0,255,0,0,0,0,0,0,0,0,0,0,0,0,0,0,0,0,0,0,0,0,0,0,0,0,0,0,0,0,0,0,0,0,0,0,0,0,0,0,0,0,0,0,0,0,0,0,0,6,0,0,85,0,0,128,0,0,0,0,0,128,0,0,255,0,7,13,0,9,0,0,0,0,0,0,0,0,0,255,13,0,0,0,0,0,0,0,0,0,0,0,0,0,0,0,3,51,0,0,51,0,0,0,0,0,85,0,0,0,0,0,0,0,5,255,0,0,0,0,5,9,0,0,128,0,0,255,0,0,18,64,0,0,0,0,0,0,0,0,0,0,0,0,0,0,0,0,0,0,0,51,0,0,0,0,0,6,0,0,0,0,0,0,0,0,0,0,0,0,0,0,0,0,0,0,0,0,0,0,0,0,0,0,0,0,0,0,0
0,0,0,0,0,0,6,0,0,0,0,0,0,128,0,0,0,0,0,0,0,0,0,0,0,0,0,0,0,0,0,0,0,0,0,0,0,0,0,0,0,0,0,0,0,0,0,0,0,0,0,0,0,0,0,0,0,0,0,0,0,0,0,0,0,0,0,85,0,0,0,0,0,13,0,0,255,0,0,0,0,0,0,0,0,0,0,0,0,0,0,0,0,0,0,0,0,0,0,0,0,0,0,0,0,0,0,0,0,0,0,0,0,0,0,0,0,0,0,0,0,0,0,0,0,0,0,7,23,0,128,0,0,0,0,0,8,0,0,255,0,0,255,0,0,0,0,0,0,0,0,255,0,0,0,0,0,0,0,0,0,0,0,0,0,0,0,0,0,0,0,0,0,0,0,0,0,0,0,0,0,0,0,0,0,0,0,0,0,0,6,0,0,85,0,0,128,0,0,0,0,0,128,0,0,255,0,7,13,0,9,0,0,0,0,0,0,0,0,0,255,13,0,0,0,0,0,0,0,0,0,0,0,0,0,0,0,3,51,0,0,51,0,0,0,0,0,85,0,0,0,0,0,0,0,5,255,0,0,0,0,5,9,0,0,128,0,0,255,0,0,18,64,0,0,0,0,0,0,0,0,0,0,0,0,0,0,0,0,0,0,0,51,0,0,0,0,0,6,0,0,0,0,0,0,0,0,0,0,0,0,0,0,0,0,0,0,0,0,0,0,0,0,0,0,0,0,0,0,0
0,0,0,0,0,0,6,0,0,0,0,0,0,128,0,0,0,0,0,0,0,0,0,0,0,0,0,0,0,0,0,0,0,0,0,0,0,0,0,0,0,0,0,0,0,0,0,0,0,0,0,0,0,0,0,0,0,0,0,0,0,0,0,0,0,0,0,85,0,0,0,0,0,13,0,0,255,0,0,0,0,0,0,0,0,0,0,0,0,0,0,0,0,0,0,0,0,0,0,0,0,0,0,0,0,0,0,0,0,0,0,0,0,0,0,0,0,0,0,0,0,0,0,0,0,0,0,7,0,0,128,0,0,0,0,0,8,0,0,255,0,0,255,0,0,0,0,0,0,0,0,0,0,0,0,0,0,0,0,0,0,0,0,0,0,0,0,0,0,0,0,0,0,0,0,0,0,0,0,0,0,0,0,0,0,0,0,0,0,0,6,0,0,85,0,0,128,0,0,0,0,0,128,0,0,255,0,7,13,0,9,0,0,0,0,0,0,0,0,0,255,13,0,0,0,0,0,0,0,0,0,0,0,0,0,0,0,3,51,0,0,51,0,0,0,0,0,85,0,0,0,0,0,0,0,5,255,0,0,0,0,5,9,0,0,128,0,0,255,0,0,18,64,0,0,0,0,0,0,0,0,0,0,0,0,0,0,0,0,0,0,0,51,0,0,0,0,0,6,0,0,0,0,0,0,0,0,0,0,0,0,0,0,0,0,0,0,0,0,0,0,0,0,0,0,0,0,0,0,0
0,0,0,0,0,0,6,0,0,0,0,0,0,128,0,0,0,0,0,0,0,0,0,0,0,0,0,0,0,0,0,0,0,0,0,0,0,0,0,0,0,0,0,0,0,0,0,0,0,0,0,0,0,0,0,0,0,0,0,0,0,0,0,0,0,0,0,85,0,0,0,0,0,13,0,0,255,0,0,0,0,0,0,0,0,0,0,0,0,0,0,0,0,0,0,0,0,0,0,0,0,0,0,0,0,0,0,0,0,0,0,0,0,0,0,0,0,0,0,0,0,0,0,0,0,0,0,7,0,0,128,0,0,0,0,0,8,0,0,255,0,0,255,0,0,0,0,0,0,0,0,0,0,0,0,0,0,0,0,0,0,0,0,0,0,0,0,0,0,0,0,0,0,0,0,0,0,0,0,0,0,0,0,0,0,0,0,0,0,0,6,0,0,85,0,0,128,0,0,0,0,0,128,0,0,255,0,7,13,0,9,255,0,0,0,0,0,0,0,0,255,13,0,0,0,0,0,0,0,0,0,0,0,0,0,0,0,3,51,0,0,51,0,0,0,0,0,85,0,0,0,0,0,0,0,5,255,0,0,0,0,5,9,0,0,128,0,0,255,0,0,18,64,0,0,0,0,0,0,0,0,0,0,0,0,0,0,0,0,0,0,4,51,0,0,0,0,0,6,0,0,0,0,0,0,0,0,0,0,0,0,0,0,0,0,0,0,0,0,0,0,0,0,0,0,0,0,0,0,0
0,0,0,0,0,0,6,0,0,0,0,0,0,128,0,0,0,0,0,0,0,0,0,0,0,0,0,0,0,0,0,0,0,0,0,0,0,0,0,0,0,0,0,0,0,0,0,0,0,0,0,0,0,0,0,0,0,0,0,0,0,0,0,0,0,0,0,85,0,0,0,0,0,13,0,0,255,0,0,0,0,0,0,0,0,0,0,0,0,0,0,0,0,0,0,0,0,0,0,0,0,0,0,0,0,0,0,0,0,0,0,0,0,0,0,0,0,0,0,0,0,0,0,0,0,0,0,7,0,0,128,2,0,0,0,0,8,0,0,255,0,0,255,0,0,0,0,0,0,0,0,0,0,0,0,0,0,0,0,0,0,0,0,0,0,0,0,0,0,0,0,0,0,0,0,0,0,0,0,0,0,0,0,0,0,0,0,0,0,0,6,0,0,85,0,0,128,0,0,0,0,0,128,0,0,255,0,7,13,0,9,0,0,0,0,0,0,0,0,0,255,13,0,0,0,0,0,0,0,0,0,0,0,0,0,0,0,3,51,0,0,51,0,0,0,0,0,85,0,0,0,0,0,0,0,5,255,0,0,0,0,5,9,0,0,128,0,0,255,0,0,18,64,0,0,0,0,0,0,0,0,0,0,0,0,0,0,0,0,0,0,0,51,0,0,0,0,0,6,0,0,0,0,0,0,0,0,0,0,0,0,0,0,0,0,0,0,0,0,0,0,0,0,0,0,0,0,0,0,0
0,0,0,0,0,0,6,0,0,0,0,0,0,128,0,0,0,0,0,0,0,0,0,0,0,0,0,0,0,0,0,0,0,0,0,0,0,0,0,0,0,0,0,0,0,0,0,0,0,0,0,0,0,0,0,0,0,0,0,0,0,0,0,0,0,0,0,85,0,0,0,0,0,13,0,0,255,0,0,0,0,0,0,0,0,0,0,0,0,0,0,0,0,0,0,0,0,0,0,0,0,0,0,0,0,0,0,0,0,0,0,0,0,0,0,0,0,0,0,0,0,0,0,0,0,0,0,7,0,0,128,2,0,0,0,0,8,0,0,255,0,0,255,0,0,0,0,0,0,0,0,255,0,0,0,0,0,0,0,0,0,0,0,0,0,0,0,0,0,0,0,0,0,0,0,0,0,0,0,0,0,0,0,0,0,0,0,0,0,0,6,0,0,85,0,0,128,0,0,0,0,0,128,0,0,255,0,7,13,36,9,0,0,0,0,0,0,0,0,0,255,13,0,0,0,0,0,0,0,0,0,0,0,0,0,0,0,3,51,0,0,51,0,0,0,0,0,85,0,0,0,0,0,0,0,5,255,0,0,0,0,5,9,0,0,128,0,0,255,0,0,18,64,0,0,0,0,0,0,0,0,0,0,0,0,0,0,0,0,0,0,0,51,0,0,0,0,0,6,0,0,0,0,0,0,0,0,0,0,0,0,0,0,0,0,0,0,0,0,0,0,0,0,0,0,0,0,0,0,0
0,0,0,0,0,0,0,0,0,0,0,0,0,128,0,0,0,0,0,0,0,0,0,0,0,0,0,0,0,0,0,0,0,0,0,0,0,0,0,0,0,0,0,0,0,0,0,0,0,0,0,0,0,0,0,0,0,0,0,0,0,0,0,0,0,0,0,85,0,0,0,0,0,13,0,0,255,0,0,0,0,0,0,0,0,0,0,0,0,0,0,0,0,0,0,0,0,0,0,0,0,0,0,0,0,0,0,0,0,0,0,0,0,0,0,0,0,0,0,0,0,0,0,0,0,0,0,7,0,0,128,0,0,0,0,0,8,0,0,255,0,0,255,0,0,0,0,0,0,0,0,255,0,0,0,0,0,0,0,0,0,0,0,0,0,0,0,0,0,0,0,0,0,0,0,0,0,0,0,0,0,0,0,0,0,0,0,0,0,0,6,0,0,85,0,0,128,0,0,0,0,0,128,0,0,255,0,7,13,36,9,0,0,0,0,0,0,0,0,0,255,13,0,0,0,0,0,0,0,0,0,0,0,0,0,0,0,3,51,0,0,51,0,0,0,0,0,85,0,0,0,0,0,0,0,5,255,0,0,0,0,5,9,0,0,128,0,0,255,0,0,18,64,0,0,0,0,0,0,0,0,0,0,0,0,0,0,0,0,0,0,0,51,0,0,0,0,0,6,0,0,0,0,0,0,0,0,0,0,0,0,0,0,0,0,0,0,0,0,0,0,0,0,0,0,0,0,0,0,0
0,0,0,0,0,0,6,0,0,0,0,0,0,128,0,0,0,0,0,0,0,0,0,0,0,0,0,0,0,0,0,0,0,0,0,0,0,0,0,0,0,0,0,0,0,0,0,0,0,0,0,0,0,0,0,0,0,0,0,0,0,0,0,0,0,0,0,85,0,0,0,0,0,13,0,0,255,0,0,0,0,0,0,0,0,0,0,0,0,0,0,0,0,0,0,0,0,0,0,0,0,0,0,0,0,0,0,0,0,0,0,0,0,0,0,0,0,0,0,0,0,0,0,0,0,0,0,7,0,0,128,2,0,0,0,0,8,0,0,255,0,0,255,0,0,0,0,0,0,0,0,255,0,0,0,0,0,0,0,0,0,0,0,0,0,0,0,0,0,0,0,0,0,0,0,0,0,0,0,0,0,0,0,0,0,0,0,0,0,0,6,0,0,85,0,0,128,0,0,0,0,0,128,0,0,255,0,7,13,0,9,255,0,0,0,0,0,0,0,0,255,13,0,0,0,0,0,0,0,0,0,0,0,0,0,0,0,3,51,0,0,51,0,0,0,0,0,85,0,0,0,0,0,0,0,5,255,0,0,0,0,5,9,0,0,128,0,0,255,0,0,18,64,0,0,0,0,0,0,0,0,0,0,0,0,0,0,0,0,0,0,0,51,0,0,0,0,0,6,0,0,0,0,0,0,0,0,0,0,0,0,0,0,0,0,0,0,0,0,0,0,0,0,0,0,0,0,0,0,0
0,0,0,0,0,0,6,0,0,0,0,0,0,128,0,0,0,0,0,0,0,0,0,0,0,0,0,0,0,0,0,0,0,0,0,0,0,0,0,0,0,0,0,0,0,0,0,0,0,0,0,0,0,0,0,0,0,0,0,0,0,0,0,0,0,0,0,85,0,0,0,0,0,13,0,0,255,0,0,0,0,0,0,0,0,0,0,0,0,0,0,0,0,0,0,0,0,0,0,0,0,0,0,0,0,0,0,0,0,0,0,0,0,0,0,0,0,0,0,0,0,0,0,0,0,0,0,7,0,0,0,0,0,0,0,0,8,0,0,255,0,0,255,0,0,0,0,0,0,0,0,255,0,0,0,0,0,0,0,0,0,0,0,0,0,0,0,0,0,0,0,0,0,0,0,0,0,0,0,0,0,0,0,0,0,0,0,0,0,0,6,0,0,85,0,0,128,0,0,0,0,0,128,0,0,255,0,7,13,0,9,0,0,0,0,0,0,0,0,0,255,13,0,0,0,0,0,0,0,0,0,0,0,0,0,0,0,3,51,0,0,51,0,0,0,0,0,85,0,0,0,0,0,0,0,5,255,0,0,0,0,5,9,0,0,128,0,0,255,0,0,18,64,0,0,0,0,0,0,0,0,0,0,0,0,0,0,0,0,0,0,0,51,0,0,0,0,0,6,0,0,0,0,0,0,0,0,0,0,0,0,0,0,0,0,0,0,0,0,0,0,0,0,0,0,0,0,0,0,0
0,0,0,0,0,0,6,0,0,0,0,0,0,128,0,0,0,0,0,0,0,0,0,0,0,0,0,0,0,0,0,0,0,0,0,0,0,0,0,0,0,0,0,0,0,0,0,0,0,0,0,0,0,0,0,0,0,0,0,0,0,0,0,0,0,0,0,0,0,0,0,0,0,13,0,0,255,0,0,0,0,0,0,0,0,0,0,0,0,0,0,0,0,0,0,0,0,0,0,0,0,0,0,0,0,0,0,0,0,0,0,0,0,0,0,0,0,0,0,0,0,0,0,0,0,0,0,7,0,0,128,0,0,0,0,0,8,0,0,255,0,0,255,0,0,0,0,0,0,0,0,255,0,0,0,0,0,0,0,0,0,0,0,0,0,0,0,0,0,0,0,0,0,0,0,0,0,0,0,0,0,0,0,0,0,0,0,0,0,0,6,0,0,85,0,0,128,0,0,0,0,0,128,0,0,255,0,7,13,0,9,0,0,0,0,0,0,0,0,0,255,13,0,0,0,0,0,0,0,0,0,0,0,0,0,0,0,3,51,0,0,51,0,0,0,0,0,85,0,0,0,0,0,0,0,5,255,0,0,0,0,5,9,0,0,128,0,0,255,0,0,18,64,0,0,0,0,0,0,0,0,0,0,0,0,0,0,0,0,0,0,0,51,0,0,0,0,0,6,0,0,0,0,0,0,0,0,0,0,0,0,0,0,0,0,0,0,0,0,0,0,0,0,0,0,0,0,0,0,0
0,0,0,0,0,0,0,0,0,0,0,0,0,128,0,0,0,0,0,0,0,0,0,0,0,0,0,0,0,0,0,0,0,0,0,0,0,0,0,0,0,0,0,0,0,0,0,0,0,0,0,0,0,0,0,0,0,0,0,0,0,0,0,0,0,0,0,0,0,0,0,0,0,13,0,0,255,0,0,0,0,0,0,0,0,0,0,0,0,0,0,0,0,0,0,0,0,0,0,0,0,0,0,0,0,0,0,0,0,0,0,0,0,0,0,0,0,0,0,0,0,0,0,0,0,0,0,7,0,0,128,0,0,0,0,0,8,0,0,255,0,0,255,0,0,0,0,0,0,0,0,255,0,0,0,0,0,0,0,0,0,0,0,0,0,0,0,0,0,0,0,0,0,0,0,0,0,0,0,0,0,0,0,0,0,0,0,0,0,0,6,0,0,85,0,0,128,0,0,0,0,0,128,0,0,255,0,7,13,0,9,0,0,0,0,0,0,0,0,0,255,13,0,0,0,0,0,0,0,0,0,0,0,0,0,0,0,0,51,0,0,51,0,0,0,0,0,85,0,0,0,0,0,0,0,5,255,0,0,0,0,5,9,0,0,128,0,0,255,0,0,18,64,0,0,0,0,0,0,0,0,0,0,0,0,0,0,0,0,0,0,0,51,0,0,0,0,0,6,0,0,0,0,0,0,0,0,0,0,0,0,0,0,0,0,0,0,0,0,0,0,0,0,0,0,0,0,0,0,0
0,0,0,0,0,0,0,0,0,0,0,0,0,128,0,0,0,0,0,0,0,0,0,0,0,0,0,0,0,0,0,0,0,0,0,0,0,0,0,0,0,0,0,0,0,0,0,0,0,0,0,0,0,0,0,0,0,0,0,0,0,0,0,0,0,0,0,0,0,0,0,0,0,13,0,0,255,0,0,0,0,0,0,0,0,0,0,0,0,0,0,0,0,0,0,0,0,0,0,0,0,0,0,0,0,0,0,0,0,0,0,0,0,0,0,0,0,0,0,0,0,0,0,0,0,0,0,7,0,0,128,2,0,0,0,0,8,0,0,255,0,0,255,0,0,0,0,0,0,0,0,255,0,0,0,0,0,0,0,0,0,0,0,0,0,0,0,0,0,0,0,0,0,0,0,0,0,0,0,0,0,0,0,0,0,0,0,0,0,0,6,0,0,85,0,0,128,0,0,0,0,0,128,0,0,255,0,7,13,0,9,0,0,0,0,0,0,0,0,0,255,13,0,0,0,0,0,0,0,0,0,0,0,0,0,0,0,3,51,0,0,51,0,0,0,0,0,85,0,0,0,0,0,0,0,5,255,0,0,0,0,5,9,0,0,128,0,0,255,0,0,18,64,0,0,0,0,0,0,0,0,0,0,0,0,0,0,0,0,0,0,0,51,0,0,0,0,0,6,0,0,0,0,0,0,0,0,0,0,0,0,0,0,0,0,0,0,0,0,0,0,0,0,0,0,0,0,0,0,0
0,0,0,0,0,0,6,0,0,0,0,0,0,128,0,0,0,0,0,0,0,0,0,0,0,0,0,0,0,0,0,0,0,0,0,0,0,0,0,0,0,0,0,0,0,0,0,0,0,0,0,0,0,0,0,0,0,0,0,0,0,0,0,0,0,0,0,85,0,0,0,0,0,13,0,0,255,0,0,0,0,0,0,0,0,0,0,0,0,0,0,0,0,0,0,0,0,0,0,0,0,0,0,0,0,0,0,0,0,0,0,0,0,0,0,0,0,0,0,0,0,0,0,0,0,0,0,7,0,0,0,0,0,0,0,0,8,0,0,255,0,0,255,0,0,0,0,0,0,0,0,255,0,0,0,0,0,0,0,0,0,0,0,0,0,0,0,0,0,0,0,0,0,0,0,0,0,0,0,0,0,0,0,0,0,0,0,0,0,0,6,0,0,85,0,0,128,0,0,0,0,0,128,0,0,255,0,7,13,0,0,0,0,0,0,0,0,0,0,0,255,13,0,0,0,0,0,0,0,0,0,0,0,0,0,0,0,3,51,0,0,51,0,0,0,0,0,85,0,0,0,0,0,0,0,5,255,0,0,0,0,5,9,0,0,128,0,0,255,0,0,18,64,0,0,0,0,0,0,0,0,0,0,0,0,0,0,0,0,0,0,0,51,0,0,0,0,0,6,0,0,0,0,0,0,0,0,0,0,0,0,0,0,0,0,0,0,0,0,0,0,0,0,0,0,0,0,0,0,0
0,0,0,0,0,0,6,0,0,0,0,0,0,128,0,0,0,0,0,0,0,0,0,0,0,0,0,0,0,0,0,0,0,0,0,0,0,0,0,0,0,0,0,0,0,0,0,0,0,0,0,0,0,0,0,0,0,0,0,0,0,0,0,0,0,0,0,0,0,0,0,0,0,13,0,0,255,0,0,0,0,0,0,0,0,0,0,0,0,0,0,0,0,0,0,0,0,0,0,0,0,0,0,0,0,0,0,0,0,0,0,0,0,0,0,0,0,0,0,0,0,0,0,0,0,0,0,7,0,0,0,0,0,0,0,0,8,0,0,255,0,0,255,0,0,0,0,0,0,0,0,255,0,0,0,0,0,0,0,0,0,0,0,0,0,0,0,0,0,0,0,0,0,0,0,0,0,0,0,0,0,0,0,0,0,0,0,0,0,0,6,0,0,85,0,0,128,0,0,0,0,0,128,0,0,255,0,7,13,0,9,0,0,0,0,0,0,0,0,0,255,13,0,0,0,0,0,0,0,0,0,0,0,0,0,0,0,0,51,0,0,51,0,0,0,0,0,85,0,0,0,0,0,0,0,5,255,0,0,0,0,5,9,0,0,128,0,0,255,0,0,18,64,0,0,0,0,0,0,0,0,0,0,0,0,0,0,0,0,0,0,0,51,0,0,0,0,0,6,0,0,0,0,0,0,0,0,0,0,0,0,0,0,0,0,0,0,0,0,0,0,0,0,0,0,0,0,0,0,0
