68,32,130,60,253,230,241,194,107,48,249,14,199,221,1,228,136,117,52,162,15,11,13,4,195,110,216,14,113,224,253,119,176,118,112,235,148,11,213,51,95,151,61,170,216,97,155,145,255,201,17,245,124,206,212,88,187,191,44,224,55,83,201,189,250,15,240,22,157,201,87,86,116,6,102,118,207,176,180,235,137,2,196,66,105,218,28,246,186,102,211,248,182,212,177,0,169,234,14,117,90,92,46,130,16,36,42,8,231,7,143,127,137,56,94,176,148,35,85,81,130,86,139,150,232,164,254,242,58,12,159,197,175,215,96,132,55,129,107,221,10,115,9,203,74,18,82,228,218,112,230,114,15,202,164,218,30,152,64,108,24,156,36,39,158,152,81,213,129,66,4,19,111,235,87,19,193,102,177,50,105,221,99,252,53,199,151,255,8,166,205,144,9,80,102,167,69,173,219,109,136,49,194,176,248,120,33,20,43,68,86,85,109,137,170,130,188,173,174,58,149,120,250,69,53,164,20,208,37,194,75,64,174,58,193,39,114,41,136,186,151,58,234,141,55,23,151,6,7,46,211,58,20,96,122,215,82,59,230,85,123,81,52,222,193,150,129,244,161,51,106,162,20,13,5,151,163,230,200,160,204,32,32,162,233,57,128,110,240,182,132,93,106,157,101,126,184,41,143,45,229,46,173,116,199,157,21,167,95,162,155,125,171,51,47,125,112,10,124,205,37,137,36,38,11,5,148
60,48,199,55,91,29,193,62,160,204,136,44,247,59,179,9,171,227,184,2,211,214,65,106,199,246,201,169,36,170,109,206,21,9,211,92,120,3,37,63,92,9,145,73,29,95,84,95,254,109,95,171,38,163,172,167,57,141,209,94,168,217,8,140,145,150,236,30,5,215,20,105,180,9,215,212,162,116,209,241,78,218,212,47,154,205,36,152,73,189,233,48,104,66,86,200,127,113,59,207,65,52,30,228,167,88,105,24,133,47,169,94,245,142,105,0,200,78,207,46,164,190,0,32,180,81,13,177,14,191,142,29,15,29,189,126,162,187,113,158,136,185,225,129,241,149,177,162,135,243,76,84,69,119,18,143,61,250,72,22,174,157,15,200,103,208,172,17,250,174,25,63,13,241,204,151,157,98,98,13,212,209,211,14,201,142,32,202,131,251,109,86,61,35,18,114,148,72,51,245,215,195,222,95,221,9,153,210,222,79,49,153,2,219,75,119,153,233,126,63,124,230,211,241,245,202,127,232,193,33,47,48,29,79,9,75,101,17,160,87,26,17,120,43,160,143,104,221,227,172,46,63,71,218,178,135,64,12,247,83,147,179,116,114,39,254,228,14,88,247,88,131,196,180,140,40,159,20,219,211,19,237,184,241,16,213,241,232,117,75,221,219,66,89,50,207,174,61,251,115,58,164,199,65,131,117,167,16,150,107,44,188,242,126,166,45,127,116,55,114,59,188,40,14,78,205,206
28,46,43,184,86,157,128,108,18,81,220,201,190,227,137,18,14,186,238,163,194,216,84,90,120,118,12,90,166,88,69,184,93,228,212,186,181,185,228,82,204,236,127,250,142,255,181,232,236,179,233,249,113,166,85,137,245,158,155,208,159,106,250,187,38,174,4,97,54,30,25,139,116,54,69,136,125,107,30,216,16,29,185,184,88,127,12,42,58,34,12,20,10,191,130,65,80,94,0,197,22,126,77,18,2,176,57,146,172,250,15,157,229,23,135,205,78,242,115,47,161,52,12,229,65,201,249,167,73,174,132,134,214,9,71,29,129,17,67,82,87,49,232,118,16,126,119,227,37,128,41,116,184,131,216,142,2,77,18,196,209,82,56,44,123,52,51,10,93,118,53,111,12,237,232,158,194,108,107,222,217,10,26,214,92,48,245,187,9,60,187,148,190,157,9,211,51,53,156,101,8,231,30,210,248,237,106,37,2,145,12,190,156,39,112,251,98,59,191,200,237,71,176,202,62,130,62,62,41,171,200,108,53,12,240,22,254,148,183,234,72,191,137,247,244,214,251,151,202,118,80,250,132,218,43,49,36,182,90,75,213,34,44,19,65,151,199,118,168,224,88,146,57,79,216,49,168,127,131,86,80,236,120,206,183,74,238,225,15,196,92,201,27,247,140,207,129,211,241,184,169,41,115,96,206,195,5,160,237,238,90,48,8,206,110,197,110,51,199,102,140,98,250,70,4,222,246
237,118,157,140,234,5,156,81,143,33,67,5,103,141,111,39,122,138,9,14,143,71,164,45,25,233,171,65,47,122,185,169,132,42,135,31,83,91,238,130,155,241,82,241,24,239,132,121,134,194,94,179,107,228,37,226,87,62,98,54,91,89,162,100,220,20,246,46,95,200,129,203,145,195,21,222,248,10,120,54,34,99,229,92,215,237,144,238,242,168,155,60,24,252,233,158,74,228,37,12,152,215,190,174,186,6,213,19,126,8,137,216,151,90,116,127,190,26,159,224,79,32,243,101,191,142,6,141,109,152,202,252,255,244,17,108,242,85,35,99,241,223,240,154,184,242,191,57,99,100,185,1,91,114,167,252,182,235,223,76,140,238,79,192,12,73,21,105,248,115,225,197,85,241,7,61,90,247,11,8,213,41,92,46,21,9,217,76,57,41,237,46,240,153,45,171,196,148,161,147,183,153,8,96,44,197,148,227,89,12,146,197,78,47,166,8,62,89,192,137,207,131,10,18,38,110,174,227,232,4,18,72,210,159,79,149,209,77,137,4,220,91,69,154,177,108,10,174,199,67,181,181,38,75,111,144,88,181,88,195,238,144,105,6,61,191,145,231,169,214,101,85,186,151,188,127,80,138,13,166,63,246,0,117,142,163,222,1,44,231,234,100,208,182,187,200,145,243,230,48,172,25,187,184,231,101,249,29,140,194,217,207,100,55,47,171,161,146,47,238,169,172,200,36,32,146,152
121,66,189,242,33,6,240,132,119,98,240,243,203,77,118,77,199,7,32,81,21,154,15,137,242,198,218,202,227,68,187,49,18,69,253,111,132,223,154,215,197,179,208,118,172,14,143,83,167,53,108,136,145,63,32,246,247,45,176,34,210,77,10,150,218,212,60,22,23,193,169,142,120,18,158,3,39,55,16,101,208,149,134,79,21,173,160,184,70,193,192,235,197,52,138,220,121,154,223,132,155,173,5,212,161,10,192,68,30,170,238,180,180,142,250,11,31,10,189,128,233,152,163,90,186,94,160,189,135,153,193,53,13,67,158,113,137,122,167,95,222,49,52,164,170,114,224,86,40,172,111,230,138,115,61,17,97,161,93,142,174,43,176,66,215,149,138,237,177,213,148,214,209,18,211,79,102,2,244,222,113,16,233,147,174,116,34,146,61,125,23,17,101,220,25,6,246,61,87,153,122,10,211,27,58,174,64,129,244,31,180,113,101,62,61,87,122,140,65,3,249,204,25,138,127,137,216,26,242,165,0,28,64,23,63,25,35,247,16,44,250,161,80,161,36,179,197,199,155,184,135,97,168,219,63,65,1,194,40,91,21,191,235,194,22,220,27,190,254,161,215,214,235,9,125,111,138,36,217,114,218,66,14,166,191,134,62,237,63,192,55,163,52,2,242,73,120,199,22,47,50,192,91,12,174,62,13,58,246,145,153,45,18,122,54,51,31,166,92,39,123,92,127,232,201,129,188
241,182,123,113,68,236,36,193,207,1,153,172,84,99,70,58,12,174,182,228,54,31,187,118,241,246,142,73,206,157,46,77,62,179,168,236,221,185,169,3,226,122,218,12,5,30,214,69,60,92,103,209,235,30,175,208,101,93,183,28,69,215,115,215,133,111,234,179,230,82,48,55,112,224,211,35,46,123,228,227,134,62,51,219,27,85,62,43,191,174,219,156,132,154,135,235,168,19,58,171,72,230,24,235,223,126,236,67,147,9,80,84,230,185,101,10,215,243,138,10,131,213,76,72,229,30,222,150,170,143,135,44,44,197,81,69,87,115,84,20,184,15,145,64,9,152,152,0,46,75,175,150,114,185,45,141,200,200,61,189,9,187,7,200,226,80,40,195,98,145,143,85,94,186,45,92,52,190,205,32,1,189,131,166,56,4,69,153,79,40,219,154,179,214,92,247,218,213,58,168,248,103,67,36,13,0,44,103,173,182,185,218,111,22,190,200,184,15,140,191,9,31,212,117,244,171,249,78,88,155,196,114,16,188,247,178,170,130,62,56,55,3,93,70,119,230,232,136,216,193,44,79,142,170,162,127,121,157,13,32,160,120,130,240,244,12,85,105,231,201,29,92,172,250,36,115,168,44,248,198,98,34,215,125,28,32,56,52,75,204,148,76,221,226,59,152,34,14,88,45,29,32,149,41,182,58,96,43,147,100,62,186,20,85,59,40,116,226,33,177,17,152,36,76,77,19,161
120,155,52,202,245,79,46,34,10,205,148,30,113,184,141,88,54,134,109,13,133,139,99,84,158,148,190,44,172,198,127,91,126,242,143,45,153,3,149,159,99,211,216,147,220,231,82,119,156,132,22,41,23,236,143,241,175,74,100,34,211,103,225,141,94,182,223,164,101,165,51,31,117,142,121,62,169,90,148,235,13,21,182,42,146,167,9,165,147,164,78,210,39,150,98,227,149,69,128,195,81,169,4,186,22,232,86,186,185,148,49,224,106,217,106,58,30,31,28,86,76,20,251,127,164,18,62,149,209,102,244,103,123,224,210,251,18,112,215,227,127,219,110,255,96,16,18,130,129,124,106,118,213,133,72,166,26,161,59,206,20,253,198,47,220,107,84,172,151,241,161,215,110,137,173,200,254,38,143,97,22,202,65,137,30,85,237,241,206,199,111,1,108,80,6,131,59,202,195,113,27,103,82,169,241,225,13,40,17,57,250,131,71,21,185,40,5,152,177,38,43,232,195,105,159,198,119,249,204,48,39,58,187,222,212,227,34,100,154,245,216,60,85,190,83,90,76,167,253,173,132,2,86,2,159,61,56,249,247,38,125,210,150,182,117,92,0,27,160,239,156,225,226,200,72,128,185,174,68,221,42,73,90,146,190,101,179,47,39,206,91,168,190,167,89,153,11,10,45,183,50,81,93,253,39,59,88,245,113,155,207,121,250,113,158,188,117,167,231,204,205,160,145,224,210,6,128
174,126,35,177,140,130,51,115,164,79,112,190,40,153,148,21,123,198,166,124,86,180,132,175,173,179,128,37,233,14,94,43,127,252,224,74,54,98,216,214,20,221,236,106,32,181,141,79,19,18,169,202,171,234,232,44,204,183,238,42,72,74,231,143,248,240,146,110,60,24,203,204,66,12,224,168,250,184,15,97,223,139,20,196,182,156,152,61,100,10,176,177,127,69,142,152,250,238,42,185,168,18,126,37,160,220,152,112,247,204,192,20,50,94,118,144,207,32,238,110,208,162,19,149,84,172,81,29,32,12,0,237,63,165,66,207,7,159,17,227,150,123,216,8,209,50,13,190,162,30,247,172,10,146,177,70,215,47,0,81,177,150,73,109,245,144,243,91,23,233,14,44,79,59,255,13,125,152,113,159,60,193,255,17,172,254,174,141,3,5,252,45,115,157,131,43,188,154,125,22,5,40,251,81,32,66,240,132,248,117,114,231,111,12,154,233,156,112,101,7,10,121,61,95,247,97,104,77,146,57,172,73,225,17,48,197,145,99,132,101,142,5,215,199,21,22,54,200,86,92,8,210,155,233,189,78,209,181,190,103,255,220,11,101,9,109,223,215,160,144,145,242,108,58,129,185,118,3,162,19,212,178,50,220,133,27,251,198,133,47,181,218,184,187,14,247,215,71,174,250,234,249,60,42,80,61,172,206,9,154,2,42,213,139,33,170,139,10,225,166,225,144,208,13,68,45,9
130,183,14,238,127,26,80,57,190,240,126,194,52,127,6,110,208,143,93,199,81,36,71,227,64,67,0,2,107,110,84,85,148,160,101,104,93,100,196,152,11,184,212,84,74,135,33,169,154,1,173,33,158,181,156,246,161,94,246,241,90,29,131,11,183,206,9,214,187,192,4,231,23,92,100,60,125,236,176,181,128,236,55,188,151,18,221,46,106,174,185,75,174,141,47,159,162,156,90,40,76,158,247,82,24,41,207,16,121,176,128,233,215,74,28,16,252,171,106,66,67,211,54,86,222,190,76,30,215,150,72,232,86,232,249,162,245,140,149,240,206,75,57,193,91,255,173,92,45,251,139,184,32,182,17,156,186,143,248,135,150,174,91,5,242,128,166,140,237,147,182,178,140,176,209,179,88,230,186,171,72,85,101,185,244,144,40,213,87,215,154,138,14,100,81,225,92,112,92,21,241,115,84,27,68,56,162,92,247,99,18,212,238,179,194,36,104,121,191,0,179,207,142,209,58,191,18,154,48,151,173,150,180,66,214,209,189,239,72,80,195,244,101,68,46,179,0,195,55,166,72,166,192,219,221,115,252,149,245,194,196,81,133,154,254,128,212,10,163,157,251,146,73,244,12,62,227,125,150,20,69,200,6,245,140,124,242,18,125,250,137,79,146,150,252,243,60,8,64,153,144,172,151,13,237,179,184,67,18,1,129,233,55,97,7,219,218,246,197,243,200,100,151,238,33,155,1
31,5,194,125,235,154,177,8,74,30,13,118,143,217,22,195,34,92,123,236,109,228,81,196,187,123,253,160,136,221,141,106,124,96,91,135,154,246,241,211,121,100,127,132,110,234,187,59,207,74,247,61,113,205,204,30,85,46,11,113,112,250,72,136,46,223,197,154,114,4,189,58,61,69,222,170,135,12,159,29,11,59,89,121,126,103,5,58,106,51,21,104,214,239,66,143,143,184,180,255,165,121,112,132,154,249,240,154,175,152,168,187,32,16,28,234,24,122,241,84,59,223,104,164,6,120,73,130,173,214,98,103,27,136,222,199,152,101,37,10,14,7,157,214,80,0,57,203,249,180,23,54,182,168,178,8,64,29,208,40,65,152,25,29,74,215,79,221,167,249,71,139,4,144,3,129,45,197,87,34,12,171,240,146,97,216,195,237,12,199,203,213,110,59,73,130,34,60,101,148,197,111,213,73,137,26,9,3,168,138,207,241,26,144,209,64,33,137,222,95,126,140,218,253,206,133,106,232,75,7,52,231,99,252,224,226,205,164,65,156,97,20,48,239,75,63,244,51,81,205,209,145,228,75,164,241,1,76,251,51,0,182,151,245,69,39,94,134,254,233,221,33,50,204,31,187,10,29,198,242,225,239,14,121,23,105,245,134,88,27,241,69,178,15,47,53,127,170,105,169,210,247,35,11,9,240,179,122,215,189,34,139,23,141,129,22,17,11,188,191,254,159,25,125,16,47,212
41,248,133,18,0,74,240,191,163,11,139,250,101,211,48,98,135,45,217,171,47,185,209,128,227,48,100,149,49,23,102,184,249,99,14,185,125,220,155,182,61,45,101,59,137,159,100,194,247,114,70,107,6,96,86,8,170,156,191,193,199,148,64,250,27,94,216,203,49,225,125,45,228,228,194,39,218,241,155,209,43,98,136,231,249,88,9,11,63,128,184,96,131,231,168,130,210,215,248,137,243,245,251,72,193,254,156,239,165,187,83,192,136,163,203,249,80,148,3,230,29,93,15,57,189,185,254,31,98,79,137,7,216,251,38,240,118,51,189,185,74,124,162,73,19,49,53,23,244,236,35,15,65,42,82,135,231,255,10,70,96,225,245,225,228,141,244,32,149,186,146,184,17,42,141,143,140,242,220,227,190,16,43,127,122,16,88,172,189,16,26,107,221,175,39,80,58,204,69,237,253,38,65,37,179,15,95,76,94,144,77,198,114,113,64,214,83,162,123,2,197,96,166,195,225,4,203,69,119,190,139,94,76,84,68,196,38,31,6,20,241,30,58,51,188,16,30,115,208,115,150,47,241,39,30,86,224,61,57,91,25,15,217,146,130,227,118,103,109,142,6,130,169,47,16,185,187,59,115,14,184,174,223,26,176,71,15,5,172,34,248,1,237,135,44,139,117,67,64,214,93,124,196,219,245,138,129,70,153,16,98,229,53,90,55,1,82,61,77,201,242,248,240,110,198,79,234
60,131,142,200,78,50,89,141,65,53,27,55,7,68,57,142,56,75,175,43,58,43,247,40,69,56,169,104,214,30,132,225,134,238,234,221,166,222,169,76,218,145,226,65,223,204,31,15,210,143,71,12,80,189,120,252,148,242,117,32,190,22,213,209,211,49,189,91,4,93,99,73,139,12,7,184,105,157,199,188,226,100,216,155,94,133,103,155,212,137,220,48,25,144,172,135,41,131,195,131,138,176,65,24,220,166,3,158,216,176,105,87,114,225,160,114,28,137,58,175,104,121,211,50,175,49,110,156,10,34,7,55,91,45,131,168,160,175,250,76,223,118,2,15,70,209,123,240,160,171,136,216,141,233,245,251,252,49,85,139,255,27,92,93,74,180,8,203,92,14,155,141,141,12,18,27,83,68,144,114,254,145,223,186,38,182,177,175,38,33,46,162,141,48,43,128,94,44,125,63,185,87,208,99,236,47,238,207,243,71,200,225,0,171,13,58,118,205,62,165,73,92,178,33,124,146,143,189,159,247,74,239,255,176,26,20,242,57,198,193,197,208,122,55,59,199,167,3,233,111,88,178,25,221,87,134,72,108,171,9,178,35,97,189,163,163,41,14,133,116,25,247,64,118,173,122,111,138,172,122,50,194,123,229,157,213,137,207,185,230,143,128,134,134,24,226,134,20,243,78,11,56,202,35,222,214,128,187,198,207,130,96,73,180,49,158,249,145,250,81,234,166,130,235,56,230,45
165,77,202,24,37,48,187,29,109,19,44,222,214,35,123,46,217,30,63,114,31,203,25,113,23,68,148,214,73,60,157,92,52,96,190,49,32,30,105,254,218,160,238,232,185,153,127,92,124,41,153,253,175,229,147,37,60,214,84,175,77,250,215,20,39,160,174,179,254,233,35,47,138,242,33,31,158,228,145,197,177,11,236,181,86,59,252,30,111,147,66,126,203,200,254,41,85,229,205,142,70,220,142,212,183,194,118,77,42,90,77,118,119,6,248,93,134,144,2,74,214,189,163,64,27,233,200,203,204,201,53,246,205,31,97,34,106,225,83,56,174,26,52,0,77,51,186,13,36,106,192,76,129,177,186,242,62,59,249,238,245,247,159,43,73,52,175,135,245,82,11,105,185,75,13,152,46,133,187,85,182,114,168,114,99,122,205,116,102,252,182,14,14,143,241,132,99,176,228,178,186,41,112,52,116,240,100,172,104,247,0,245,176,43,61,198,102,244,91,222,170,44,202,237,205,43,81,87,65,14,77,238,74,242,179,79,67,10,7,52,71,222,99,108,14,128,108,149,123,166,132,214,67,31,181,234,215,66,77,9,225,93,2,76,88,72,242,61,31,166,247,54,29,127,97,141,21,50,231,14,32,226,166,102,141,231,244,126,132,103,229,70,213,62,200,226,161,37,123,219,37,108,155,62,79,187,73,129,70,239,112,48,203,249,83,114,82,220,206,173,215,100,182,163,47,187,9
107,123,4,11,184,103,110,131,74,137,136,214,5,212,222,141,245,116,192,100,104,87,248,168,60,53,52,246,102,102,136,69,211,190,109,114,231,44,157,229,0,219,149,218,225,1,60,211,150,173,13,20,176,147,198,176,224,52,29,127,115,116,91,62,181,81,42,16,68,99,165,248,32,204,201,207,152,122,223,31,12,211,118,180,194,28,57,251,24,212,129,205,114,140,245,141,133,154,255,146,100,74,76,101,115,97,26,173,80,221,77,3,5,38,249,210,29,99,6,57,211,207,90,172,34,239,229,95,203,158,83,58,188,15,224,163,2,112,182,132,54,167,121,96,175,253,149,223,88,101,113,77,164,222,100,233,61,146,85,204,124,159,27,125,64,206,138,133,43,39,31,190,106,74,8,21,62,190,69,127,49,173,22,217,255,158,105,110,101,21,184,250,20,176,189,217,31,173,108,67,122,189,221,46,7,179,111,174,176,9,66,229,3,226,198,128,253,212,89,134,39,173,105,157,108,170,148,6,59,108,198,214,145,254,45,91,140,245,60,164,148,161,168,201,218,210,2,177,26,252,225,241,11,158,184,89,47,81,187,15,4,152,83,167,248,120,145,91,125,11,193,76,202,105,113,44,93,161,225,122,252,35,112,242,100,150,16,105,214,170,152,208,171,169,18,143,238,118,156,48,12,70,181,174,108,134,24,31,236,212,174,63,63,171,253,42,76,203,146,74,21,234,93,52,137,121,93
116,189,192,64,98,22,43,70,126,107,205,15,235,249,232,199,253,98,206,45,248,119,10,136,208,242,194,58,132,49,32,197,193,55,29,173,120,44,254,106,72,32,19,250,99,75,233,227,146,182,218,69,81,49,160,182,253,101,158,76,182,145,36,112,176,124,6,151,175,112,136,17,216,130,192,152,213,89,202,59,85,13,103,82,153,59,6,194,175,87,223,118,71,209,228,208,213,41,35,147,48,17,43,54,184,78,249,76,32,97,8,71,174,197,61,153,179,166,187,1,255,107,31,16,88,91,172,220,226,61,42,102,114,254,242,79,195,62,55,231,64,225,46,241,201,184,233,115,26,101,25,228,57,55,108,2,11,186,221,47,102,117,165,196,100,3,148,151,40,164,206,114,151,40,214,189,164,154,182,151,55,100,248,189,193,159,105,148,203,196,182,185,218,100,250,41,137,83,35,255,138,214,59,140,149,140,137,141,210,125,185,125,126,234,127,119,100,188,254,54,57,198,43,87,218,23,70,11,97,135,44,48,236,235,144,47,64,183,33,163,19,42,70,187,38,118,18,163,113,151,183,167,33,58,178,222,81,80,130,199,76,220,33,51,113,42,150,90,172,101,55,26,29,90,87,167,151,124,245,56,42,70,67,115,167,111,208,89,86,69,225,31,229,147,212,223,190,250,187,95,158,136,243,65,141,255,148,111,200,69,250,243,63,149,201,16,17,190,151,177,192,14,73,7,40,94,229
23,233,153,169,65,212,170,84,41,68,217,87,250,57,232,212,110,22,110,248,137,11,154,7,109,78,207,129,251,45,71,218,12,75,119,250,208,134,160,110,152,35,39,248,136,62,250,28,12,70,149,83,255,239,137,95,234,135,126,188,51,60,232,72,233,153,60,216,40,110,231,238,194,214,100,72,247,177,86,185,52,64,249,235,175,210,11,35,246,82,16,220,122,17,218,110,173,85,88,154,56,15,231,169,1,97,139,145,238,30,67,158,57,184,197,94,209,151,188,98,85,69,222,129,159,33,241,12,252,135,252,192,34,241,171,96,110,233,87,159,75,219,219,18,236,194,70,210,98,237,15,69,49,214,141,169,176,41,160,227,142,113,54,218,210,153,243,128,130,68,140,155,50,219,248,73,196,40,13,223,36,101,60,189,139,69,66,144,95,6,196,162,69,64,86,144,127,128,237,98,203,37,93,48,139,25,253,127,12,10,180,21,92,165,80,253,74,116,97,134,21,62,137,44,64,86,240,99,45,67,38,192,224,236,197,140,159,48,174,67,81,151,154,198,214,148,158,204,231,103,94,2,66,41,137,205,112,54,180,26,208,176,251,253,244,13,181,147,102,122,170,217,189,67,96,229,150,39,243,189,103,44,90,99,95,176,114,0,37,154,6,87,26,6,127,245,153,67,109,224,253,27,159,20,182,192,18,48,96,23,210,167,63,77,239,140,221,220,90,74,240,240,41,245,226,56,231
237,191,136,70,95,3,173,237,41,171,20,194,86,231,216,80,86,121,26,56,67,32,196,52,149,104,114,215,44,136,107,203,143,174,22,102,2,210,28,193,251,71,12,121,217,57,1,62,101,103,169,4,42,68,8,43,254,101,215,35,203,98,47,74,88,21,27,138,76,137,17,62,206,121,82,22,187,44,177,56,187,231,107,205,101,9,194,168,0,221,57,109,113,227,138,166,45,157,145,52,28,13,195,219,254,177,127,33,217,118,49,205,190,189,71,148,87,132,15,25,88,134,84,61,75,6,24,31,230,106,199,150,7,181,145,72,246,142,70,44,151,60,33,215,231,72,196,86,140,253,178,50,24,141,65,88,43,83,113,6,103,90,242,233,198,42,88,246,134,34,14,223,158,33,153,32,114,70,52,51,251,232,30,250,27,14,191,124,234,118,190,253,124,18,43,24,209,208,35,41,96,17,92,43,33,15,181,240,243,13,38,170,43,164,4,237,229,76,197,244,70,54,178,118,231,66,98,113,55,56,26,61,38,42,190,53,12,239,102,189,41,120,2,131,101,7,224,129,11,52,213,29,128,243,161,112,30,140,67,153,19,95,180,206,3,154,48,15,162,224,126,213,164,251,177,204,220,106,40,141,154,236,238,233,225,197,95,168,205,30,166,47,87,162,13,96,108,186,70,43,172,228,197,108,171,38,9,215,240,116,165,50,237,1,145,105,36,114,5,161,21,46,76,168,83,49,206
112,254,124,90,103,218,98,198,253,52,245,140,51,34,139,39,99,51,4,166,224,204,92,228,183,48,86,78,143,228,3,175,174,88,80,226,138,235,61,165,247,58,134,229,186,96,51,104,209,137,62,196,17,190,73,173,249,150,253,179,231,4,3,211,34,166,216,222,135,100,190,227,86,183,144,116,124,37,218,45,211,114,246,176,47,213,44,216,226,244,116,241,22,126,193,86,221,25,250,210,206,131,113,52,13,62,188,117,151,64,157,41,254,67,226,28,136,205,1,97,44,186,183,71,156,86,30,67,168,34,194,54,67,46,208,216,113,69,7,145,104,58,210,179,162,134,49,150,154,151,109,76,143,2,54,142,127,90,131,255,199,233,24,202,71,114,22,191,43,26,36,206,22,139,244,235,13,237,180,11,72,0,106,101,43,99,165,222,138,57,111,91,65,154,7,112,12,216,183,160,107,34,27,186,157,58,52,7,85,178,168,106,94,25,253,212,60,52,205,139,252,231,16,77,192,44,165,109,189,193,128,92,204,150,50,3,74,220,30,33,26,129,82,96,6,132,75,93,196,108,96,221,155,156,246,221,155,108,129,147,179,203,218,133,213,88,69,116,29,0,138,108,36,221,243,49,29,206,67,101,149,190,117,48,43,71,228,166,253,230,60,210,55,72,71,102,82,29,38,129,77,183,253,119,183,19,232,80,80,60,104,38,182,217,248,186,156,44,123,128,101,230,164,145,161,163,39
16,219,247,7,105,236,251,142,82,17,250,167,38,127,184,22,215,71,181,195,215,145,134,233,89,155,185,68,233,122,225,192,22,2,120,68,99,155,187,122,160,230,223,240,33,166,80,114,211,122,18,16,254,154,36,41,76,196,191,76,57,49,226,85,97,178,221,212,228,125,140,73,91,61,136,233,154,84,89,90,245,177,167,222,114,2,22,169,163,124,40,134,229,207,81,199,253,123,139,247,255,32,85,250,236,205,69,215,178,198,250,84,225,50,212,18,1,224,33,25,179,47,77,55,232,248,71,234,223,228,175,132,234,216,168,78,121,165,16,100,245,12,59,151,222,126,148,45,23,54,146,83,244,72,184,205,98,179,93,40,99,218,106,49,157,237,216,229,106,136,186,59,3,107,217,209,195,102,35,216,45,28,178,130,184,233,217,99,144,238,150,255,134,207,226,174,178,141,247,228,244,245,42,187,207,86,212,33,156,8,167,164,37,203,191,144,95,123,86,157,48,27,112,37,215,98,224,8,200,103,173,97,167,24,25,18,187,203,166,87,80,60,176,84,15,178,45,203,224,178,30,74,227,241,231,226,89,181,216,175,234,198,99,49,221,78,21,95,97,219,184,192,25,26,84,159,114,25,90,51,184,95,154,21,202,219,39,176,99,251,83,86,207,239,168,19,88,90,215,78,200,48,203,60,120,54,216,159,148,50,176,243,125,148,6,80,197,117,49,242,51,204,111,147,181,35,96
156,188,90,185,162,159,108,234,43,76,231,49,19,70,107,20,174,193,182,74,121,252,14,5,33,0,135,141,44,208,219,200,245,137,132,111,114,196,191,38,35,220,247,218,122,205,69,120,220,66,174,187,255,199,190,21,194,218,12,235,205,158,152,109,187,225,46,141,120,207,160,52,148,193,91,209,13,223,111,67,35,212,164,78,79,77,238,246,197,37,91,139,244,39,145,199,131,24,48,94,196,194,243,9,159,11,48,43,154,236,226,185,29,66,134,64,154,70,195,5,140,200,233,91,70,12,41,22,132,171,21,11,95,91,18,223,156,218,132,80,226,214,150,214,243,204,40,163,69,231,50,76,138,247,163,25,180,46,30,253,41,38,49,201,53,243,50,62,135,123,24,176,29,80,204,119,89,129,57,164,123,76,198,94,149,190,213,175,217,17,229,137,120,249,40,254,243,199,245,246,40,60,60,134,188,164,184,118,72,195,219,82,118,123,5,76,149,220,55,96,140,53,42,123,131,29,253,39,165,125,133,215,6,178,104,58,190,210,235,249,248,238,21,64,75,14,75,105,103,114,2,45,94,166,185,174,250,121,21,209,97,147,64,182,139,207,143,121,141,216,42,93,253,6,80,5,255,224,29,76,131,230,228,189,134,87,152,226,206,149,53,201,164,106,208,125,62,28,240,19,69,190,166,239,90,119,157,6,107,50,82,125,158,93,168,215,198,32,80,241,174,34,197,104,165,74,172
231,238,231,97,94,243,95,48,228,155,72,46,21,202,231,80,7,32,30,18,97,123,15,237,167,225,100,119,150,255,2,43,234,142,208,42,130,161,117,147,15,35,55,205,55,148,197,34,8,0,109,107,26,240,192,203,214,37,101,138,172,44,159,170,7,209,60,68,126,51,5,30,238,249,90,96,229,97,67,214,196,59,202,215,108,0,138,155,10,107,95,201,51,21,74,109,226,132,4,168,151,197,37,38,46,106,124,7,188,190,232,65,247,69,197,93,78,159,116,127,97,81,100,198,247,40,215,24,53,55,19,130,122,200,131,215,251,150,89,35,64,116,245,37,143,108,104,8,35,137,210,228,127,30,23,90,144,188,67,47,185,70,230,169,71,17,9,243,183,159,17,10,38,246,34,159,163,69,37,38,231,188,22,66,174,180,43,242,39,213,15,255,7,195,194,6,36,41,46,59,131,213,169,198,234,225,236,42,15,158,44,246,11,117,57,254,248,130,5,188,154,73,103,86,175,226,255,123,167,207,128,101,220,102,109,196,112,162,107,69,68,254,179,20,32,141,86,57,230,241,140,109,211,195,252,161,231,164,38,16,142,21,143,181,158,9,69,207,232,97,12,136,121,72,24,59,228,55,188,39,101,102,243,131,91,5,241,18,91,115,139,177,81,201,114,44,210,198,66,230,232,100,3,192,175,237,167,104,50,63,109,124,199,44,158,164,134,8,178,42,19,225,175,215,140,249,14
104,213,118,201,244,187,101,248,32,188,0,168,121,202,50,26,29,130,130,2,34,188,134,76,1,15,56,37,243,239,115,146,24,207,60,151,57,216,182,195,127,220,96,16,194,181,208,139,62,69,106,178,32,117,225,190,232,12,28,217,49,54,233,43,242,70,32,245,228,13,78,103,55,134,247,170,145,135,110,39,233,250,113,197,156,240,8,198,165,102,197,151,220,209,140,181,36,44,114,101,105,81,98,6,56,153,129,65,52,132,113,87,70,17,226,174,58,7,49,253,40,215,40,127,175,130,107,169,163,225,230,137,244,43,237,187,180,204,213,52,228,197,159,96,195,157,56,234,74,198,159,86,243,104,170,39,154,0,247,202,175,222,142,253,47,27,137,245,28,147,184,248,167,92,82,11,21,92,69,193,180,84,173,221,63,83,146,240,218,115,245,19,95,116,65,121,221,175,22,115,80,83,132,226,122,204,11,178,19,135,120,166,156,218,109,38,21,203,29,87,48,170,102,225,175,196,244,151,212,218,179,242,2,246,28,72,200,78,130,216,9,149,6,97,249,32,219,174,140,240,171,214,156,75,77,193,197,29,49,33,32,240,13,240,155,16,6,87,33,167,134,220,54,245,130,255,74,60,63,115,28,237,193,87,166,147,111,110,193,88,134,123,10,8,179,54,255,228,37,255,118,106,122,221,202,197,214,198,216,241,175,36,129,69,73,194,37,210,209,107,191,47,161,250,34,184,167
242,137,179,73,195,5,191,247,140,235,116,0,74,225,188,83,173,107,30,102,38,172,207,44,9,31,114,46,216,227,57,216,69,160,83,26,87,42,205,214,240,244,196,15,42,98,133,182,185,197,158,58,129,120,171,186,190,91,14,195,220,16,13,113,218,22,198,104,52,112,91,39,140,18,221,141,255,176,26,235,188,106,173,144,233,243,246,122,85,237,186,93,96,112,3,137,174,91,123,4,20,126,59,184,79,12,165,143,60,117,244,250,181,134,227,83,229,149,23,142,168,227,109,145,130,14,1,13,67,136,215,70,123,102,222,241,30,132,20,213,220,47,207,101,177,188,197,82,8,79,15,19,37,212,102,194,50,180,96,159,138,251,63,108,201,125,36,208,182,165,42,170,72,46,159,159,92,223,187,90,15,107,249,227,248,91,29,174,233,122,167,49,114,3,184,187,143,103,221,151,112,75,170,83,237,199,127,235,235,25,116,208,202,225,26,54,159,179,8,164,255,184,157,87,69,244,115,68,128,253,23,219,186,146,209,144,199,164,75,64,132,16,193,211,217,134,173,208,194,252,196,204,93,86,105,130,56,137,27,183,156,70,159,108,12,157,21,6,87,100,83,100,151,97,94,159,11,52,186,255,102,229,50,3,64,201,249,150,239,182,198,212,14,142,10,79,251,187,52,218,207,191,36,66,178,31,118,55,216,43,28,4,127,15,57,14,116,243,105,235,172,216,161,123,200,44,172
219,227,160,196,193,141,117,68,133,240,91,203,35,121,252,8,213,120,100,77,14,244,222,227,235,210,206,232,94,121,244,55,90,224,42,242,59,244,71,172,96,179,67,94,107,230,155,166,222,89,163,170,82,249,23,225,242,89,122,97,76,133,90,137,181,78,11,35,129,167,90,117,143,201,176,83,36,117,85,53,29,149,122,221,145,100,46,37,222,206,41,91,28,66,93,82,1,31,159,230,231,240,98,30,194,227,127,88,165,131,86,154,86,31,251,36,107,231,169,189,83,104,82,145,86,82,150,9,232,243,192,29,250,143,150,206,229,24,25,21,115,98,69,48,246,34,244,153,223,41,223,173,236,39,167,252,99,245,245,28,54,190,6,49,140,184,80,28,3,179,126,154,157,209,137,106,60,217,134,230,0,21,254,194,25,96,126,78,112,238,201,4,8,26,207,13,111,196,24,252,114,171,230,177,213,96,242,157,203,203,113,64,176,3,26,106,184,162,223,61,42,124,179,223,103,5,100,155,235,139,57,127,210,79,192,135,220,243,254,123,170,7,57,40,162,144,117,144,236,105,116,123,68,32,105,194,129,181,249,131,251,252,135,153,191,243,215,61,96,52,253,25,84,173,125,237,87,172,61,116,139,149,44,217,131,110,186,7,16,97,241,182,222,232,115,13,207,118,11,134,198,56,147,38,65,114,41,121,111,218,175,146,173,44,30,52,13,127,165,171,25,95,106,11,47,145,0
132,148,95,118,75,115,95,66,36,109,150,15,220,64,7,141,75,43,134,230,223,71,131,182,119,249,219,186,220,160,60,177,134,229,69,225,227,90,150,103,91,182,129,190,235,134,143,202,66,251,120,120,99,187,67,37,220,237,199,1,217,22,115,72,254,227,129,81,211,128,179,103,191,70,121,254,108,21,19,183,174,93,151,98,84,57,115,85,35,219,19,225,175,47,1,64,159,62,208,154,137,39,240,187,18,2,163,171,79,254,242,114,106,151,16,192,80,74,132,217,110,132,217,120,182,125,147,219,104,179,217,19,162,203,235,44,35,23,2,156,97,230,246,199,170,31,148,222,70,75,26,57,188,80,111,157,155,198,148,17,177,65,51,184,251,226,222,22,179,151,66,25,165,85,64,2,127,76,45,245,190,36,176,135,109,24,121,122,225,99,201,27,26,59,70,189,203,153,76,152,133,44,190,26,15,85,7,54,138,46,170,217,82,148,20,56,48,157,207,198,241,199,137,77,76,230,154,1,14,132,141,169,115,126,191,213,80,247,209,133,79,236,237,99,192,243,97,14,17,246,91,64,52,2,68,157,41,254,28,109,219,13,11,73,152,78,27,219,131,115,249,11,48,124,161,4,230,174,112,26,218,120,6,51,188,75,238,180,68,176,116,145,47,131,68,64,91,53,28,72,13,236,182,195,255,211,34,227,143,173,194,63,105,167,192,39,244,212,153,13,229,199,210,246,31,40,128
143,18,18,193,31,232,207,126,55,153,246,189,86,14,23,109,56,210,106,57,214,45,156,208,27,194,5,156,97,229,209,125,169,61,173,233,73,95,213,34,233,36,4,141,199,222,115,133,64,34,55,9,17,50,150,68,213,98,253,131,196,152,240,188,50,75,193,233,94,132,238,192,175,225,37,239,163,223,200,137,227,181,101,239,215,202,173,192,145,134,199,189,226,88,137,25,171,140,192,133,142,34,20,50,185,96,75,16,11,44,16,22,138,150,27,138,52,78,219,2,66,63,45,101,29,20,189,54,100,16,236,216,68,129,110,221,241,47,199,151,77,157,46,228,114,237,170,38,154,251,135,59,70,124,58,92,46,243,98,103,142,97,213,192,145,171,151,21,155,39,164,216,2,101,147,12,24,148,183,31,43,215,88,186,195,212,175,129,220,96,219,92,83,127,80,43,64,114,183,60,234,183,144,27,205,240,139,185,114,67,233,118,127,146,139,149,66,69,70,212,165,98,67,29,255,226,83,178,169,31,201,125,207,248,103,221,8,250,173,245,147,160,0,109,44,242,105,12,57,120,15,163,61,140,69,2,24,136,252,18,250,127,237,71,135,131,227,187,70,251,254,9,105,122,57,72,182,235,39,149,128,221,199,234,69,59,41,11,152,223,61,12,56,136,47,115,237,138,92,104,16,94,203,183,203,29,146,237,192,168,180,40,17,174,110,23,175,49,196,150,222,58,209,7,246,110,83
54,126,138,130,149,37,230,155,238,203,201,60,134,114,161,183,133,184,76,82,140,84,5,35,62,172,14,42,140,104,195,206,224,48,57,186,92,48,249,99,138,231,111,248,144,130,52,62,45,142,143,60,14,82,210,58,47,217,245,86,197,233,158,248,235,223,213,48,131,242,201,120,230,250,34,73,250,136,225,9,207,216,10,177,188,241,134,182,154,96,21,240,131,48,198,50,17,98,159,12,0,144,183,128,58,17,74,101,0,117,128,135,93,127,106,169,149,188,16,81,101,187,251,196,125,198,160,249,16,126,219,240,173,45,134,52,66,102,27,72,108,132,249,229,64,194,26,54,131,188,217,214,65,227,113,46,75,88,75,8,113,180,23,208,239,136,240,165,39,187,31,49,35,218,58,26,87,34,0,156,22,69,194,76,2,230,239,253,10,151,41,138,127,144,0,120,3,183,57,63,203,195,228,150,177,170,14,129,70,144,159,110,226,13,35,224,174,196,216,128,214,102,15,192,243,125,198,61,113,120,99,130,38,126,46,232,25,14,97,144,217,235,115,34,38,94,190,235,103,196,54,186,242,111,178,170,254,159,25,89,235,68,140,243,156,24,78,28,15,157,248,186,151,188,89,67,12,107,34,67,116,158,206,243,179,90,179,126,180,171,221,56,7,20,156,139,87,153,101,102,58,115,198,144,226,57,197,57,224,39,123,30,105,192,99,41,67,186,244,60,41,46,118,115,54,68,242
9,135,167,60,16,76,18,238,198,134,225,136,212,45,205,105,218,242,220,71,11,24,124,153,165,250,198,205,132,18,97,38,151,104,152,197,113,5,193,240,77,104,67,0,217,14,91,54,30,40,24,203,245,247,151,201,172,166,181,176,218,86,36,207,136,30,141,189,52,186,246,9,241,34,8,37,161,186,111,179,34,248,166,44,172,154,18,147,107,219,78,97,149,146,103,123,136,210,190,144,50,139,30,112,9,131,169,181,202,12,124,108,215,76,146,36,60,27,68,112,23,167,230,87,91,181,66,148,179,249,18,251,245,113,66,209,197,211,43,224,245,111,38,243,201,88,238,174,195,184,223,72,40,38,253,88,170,200,125,198,18,107,215,7,113,198,48,150,1,26,201,154,50,145,110,74,54,23,9,90,59,185,32,105,225,254,153,41,225,98,219,120,190,18,234,38,22,250,179,186,213,94,62,143,23,204,196,96,65,163,101,74,94,232,0,211,11,34,75,198,63,188,23,105,103,144,88,124,70,171,149,118,110,21,70,74,82,225,164,233,182,116,84,214,6,4,164,206,13,232,176,178,131,134,139,247,140,103,125,164,37,30,207,214,233,57,4,160,122,20,2,58,192,130,46,189,160,209,89,168,207,113,228,61,35,208,104,86,50,81,97,139,35,92,121,246,146,53,202,12,214,232,54,61,24,248,125,133,240,227,59,98,10,4,133,164,121,98,159,27,69,218,130,167,82,113,208
106,5,18,80,122,8,28,75,188,122,59,173,238,182,143,200,134,176,117,105,181,160,114,156,215,118,233,214,250,40,236,184,224,161,230,207,33,251,9,100,71,88,8,146,253,77,51,59,202,24,37,239,151,205,118,91,181,40,120,158,159,84,162,198,243,172,226,37,139,242,72,59,252,199,192,7,133,47,147,32,21,230,30,130,81,255,246,255,22,31,242,41,236,118,229,130,43,4,28,170,194,222,177,28,154,228,159,15,220,197,7,178,198,1,73,128,127,255,169,166,124,161,251,163,1,181,115,174,30,88,55,204,171,65,171,50,161,175,234,247,62,201,2,51,79,236,81,100,164,188,207,119,59,239,80,173,235,208,14,139,172,66,139,182,95,30,238,108,50,34,128,105,36,227,82,117,164,80,28,188,214,115,214,87,190,75,88,245,242,239,239,87,221,35,216,140,226,126,12,231,170,207,86,17,1,235,227,15,172,230,237,134,199,232,226,207,63,85,160,230,245,169,239,43,109,112,87,204,55,204,169,165,230,130,90,138,212,61,155,112,138,83,133,148,77,229,123,76,246,61,124,110,202,219,113,146,208,240,206,240,115,164,195,180,175,193,168,171,49,67,254,115,116,37,91,156,131,110,122,254,128,252,94,120,248,189,82,109,168,57,21,133,30,113,19,180,201,168,151,162,165,184,215,195,4,243,116,213,33,85,223,70,62,31,45,22,199,222,183,78,100,176,46,71,27,178,133
170,253,35,105,1,235,74,167,194,213,192,85,87,136,155,237,67,31,140,238,205,55,231,36,126,149,181,168,207,103,150,161,179,109,210,207,163,35,107,81,204,9,16,217,96,102,208,183,121,107,87,130,254,96,161,24,101,0,152,239,137,199,72,35,5,119,210,128,216,115,251,14,185,252,215,176,81,224,138,233,175,194,195,249,151,100,195,157,178,226,181,187,210,64,132,122,255,69,130,88,6,201,29,218,32,142,143,146,55,113,243,66,169,177,119,118,135,238,45,13,75,91,193,113,164,106,145,184,58,80,170,226,168,60,109,240,142,167,227,90,33,232,81,160,128,6,57,65,53,28,216,32,79,72,77,4,202,7,21,235,45,115,53,15,51,96,201,67,41,154,227,180,4,115,87,96,229,32,250,57,218,185,167,253,213,196,33,96,245,22,27,152,82,219,147,95,120,151,234,199,186,42,153,91,102,200,5,143,244,158,144,81,30,163,73,205,105,248,69,150,248,16,186,176,197,127,151,21,130,216,52,156,5,157,116,37,204,167,223,21,131,147,127,140,88,150,146,109,10,156,107,25,60,81,154,222,81,6,168,6,143,4,187,213,54,222,220,95,168,66,251,37,35,250,26,242,252,212,185,55,103,218,17,250,107,102,49,194,145,25,151,224,4,8,160,204,111,16,121,50,32,90,103,107,102,226,135,246,21,124,131,106,57,226,129,188,46,114,242,130,89,161,142,128,46,89,56
185,240,246,145,213,116,228,2,209,132,121,113,5,151,154,171,72,158,11,112,129,10,78,14,237,233,151,114,158,185,132,215,44,178,253,216,88,150,22,144,42,3,191,120,250,79,158,155,162,235,232,33,84,246,6,227,251,7,243,62,232,40,255,11,73,118,207,189,16,22,204,163,244,36,116,163,51,47,62,124,4,201,23,58,24,201,78,130,122,91,5,122,125,59,53,75,137,198,208,19,207,237,238,235,133,19,30,15,101,218,130,196,52,110,58,212,55,145,59,233,222,72,204,121,64,67,206,221,115,202,94,185,253,89,208,106,218,11,249,155,151,63,39,156,255,123,241,107,226,68,251,40,54,160,29,236,41,254,26,171,87,51,186,206,144,200,33,114,97,232,107,6,0,113,170,202,104,28,137,11,197,29,75,113,105,137,14,111,241,246,178,69,235,88,55,97,11,47,191,146,49,79,19,95,60,117,176,104,223,46,93,45,236,40,16,77,78,80,105,213,21,181,58,206,209,132,62,196,99,181,225,191,221,8,176,98,41,108,196,210,28,108,211,174,22,207,178,10,75,213,120,164,85,207,28,192,21,204,229,18,73,0,85,99,150,210,13,26,60,0,64,160,40,154,228,75,219,144,209,42,75,21,152,134,155,227,161,38,133,193,157,244,11,63,58,171,205,139,230,148,111,139,7,242,2,101,42,214,79,114,172,209,55,136,5,162,86,191,214,148,186,109,80,103,20,42,142
148,94,4,156,63,83,137,215,49,31,163,6,94,57,223,237,88,148,231,202,203,10,157,70,73,45,192,110,126,65,70,133,21,13,126,184,176,149,134,13,243,33,128,244,38,208,240,223,144,48,49,73,8,106,148,230,92,200,58,212,195,8,231,159,180,17,209,232,69,128,211,53,33,98,241,55,92,186,115,158,44,25,213,170,99,127,106,43,96,122,33,26,177,68,165,43,72,245,37,203,116,60,5,240,172,74,253,197,96,27,227,28,79,33,83,203,102,239,240,152,216,207,10,62,15,97,96,147,163,240,3,29,137,55,27,120,50,157,16,11,246,226,229,188,16,59,35,33,143,90,68,91,18,104,136,5,73,205,68,205,103,233,39,60,9,254,61,168,26,186,136,157,116,36,123,183,93,117,35,164,6,93,215,246,94,169,246,182,14,76,123,231,221,21,120,84,97,129,17,232,52,208,232,57,130,250,91,202,76,57,7,143,102,64,42,180,57,60,48,230,36,194,225,141,208,166,63,181,48,89,126,20,215,71,32,90,206,61,227,88,127,153,140,247,65,104,147,135,204,132,183,147,68,158,163,129,155,123,21,31,160,247,244,189,89,86,184,37,210,74,249,141,176,41,65,71,185,42,166,219,172,209,50,5,214,4,241,52,241,175,181,0,178,98,227,237,130,183,24,150,130,80,29,151,106,111,226,160,92,240,55,36,206,131,127,42,65,142,226,234,53,36,161,234,175,181,189
212,155,187,148,89,142,56,13,127,196,214,129,162,205,70,31,71,100,77,107,169,63,35,158,209,41,242,72,209,172,9,221,190,26,181,25,244,191,2,207,122,59,109,127,184,29,136,32,141,98,66,128,157,178,163,87,170,48,139,171,4,25,178,9,239,139,242,27,101,158,132,38,248,10,70,206,248,200,93,100,128,77,56,108,25,156,161,161,25,82,214,47,159,128,206,245,38,43,123,115,135,83,151,25,249,201,249,113,208,227,39,235,111,117,247,162,96,186,14,216,27,168,86,118,160,188,88,108,155,222,182,229,47,54,5,98,91,230,237,228,70,243,231,6,150,134,94,4,239,172,168,108,26,136,50,7,14,57,241,154,104,50,13,233,113,15,204,62,219,29,30,96,134,137,182,177,213,207,3,173,41,17,145,166,164,60,171,65,124,253,145,226,63,130,127,37,215,158,102,247,187,65,109,77,150,42,223,224,198,78,73,84,162,252,144,208,33,120,86,77,120,218,164,226,65,147,124,253,128,97,190,3,62,171,252,39,220,44,193,124,87,36,151,37,147,173,236,164,76,76,136,157,196,166,73,223,53,131,121,110,109,189,223,192,138,40,157,207,104,161,6,18,30,180,251,206,216,132,154,230,83,212,109,96,106,185,100,117,194,36,233,101,181,64,247,226,44,67,120,223,201,116,205,193,248,171,122,167,197,109,88,252,5,242,50,208,246,50,94,254,15,135,241,66,101,80,131
186,128,58,178,166,143,154,52,117,3,131,193,92,18,56,39,46,205,218,140,7,87,90,130,44,78,72,111,156,167,26,255,127,46,25,94,9,180,252,153,212,49,113,211,2,163,18,136,144,52,58,169,175,82,154,69,88,181,171,79,51,231,249,41,240,176,176,7,50,90,171,248,141,103,186,17,34,100,244,39,180,195,59,102,188,191,60,67,245,137,156,57,176,242,80,83,249,193,162,17,3,119,55,252,235,161,89,245,182,241,153,93,192,100,132,29,4,137,121,35,157,240,142,205,248,235,223,200,151,199,233,248,35,74,51,25,143,210,212,54,33,123,171,11,97,10,100,241,209,185,185,135,237,142,108,111,107,99,80,86,20,116,92,216,35,174,76,161,49,221,250,83,149,106,71,63,149,106,122,49,74,135,51,128,216,177,3,172,4,6,104,8,236,95,3,130,137,71,200,125,23,149,43,225,230,83,70,116,237,175,65,21,178,123,187,234,153,177,27,147,121,144,102,113,247,252,24,152,100,10,35,253,158,17,179,204,183,190,252,166,82,127,90,58,21,140,143,114,15,228,143,54,52,122,10,134,108,188,240,224,153,33,132,167,74,229,233,171,144,167,150,207,198,163,231,157,138,195,116,75,157,246,62,251,181,6,6,182,220,89,255,97,108,85,170,231,18,186,105,114,193,96,195,206,175,116,79,207,12,40,211,146,88,43,19,75,201,151,101,153,171,121,111,87,17,172,233
92,62,229,171,122,101,250,252,93,245,151,234,135,100,129,60,166,89,120,86,121,102,187,103,252,110,153,135,3,175,207,112,207,177,139,138,155,58,144,244,74,253,82,97,105,223,67,208,245,51,103,132,173,240,45,251,75,244,77,250,40,127,47,180,104,201,3,68,44,244,204,207,92,197,213,66,138,203,184,73,171,173,154,64,222,9,216,74,83,218,2,234,51,4,131,216,206,245,241,212,77,115,88,90,188,152,253,29,47,180,91,77,108,134,39,83,118,66,153,54,191,33,183,168,45,136,177,87,203,208,209,5,139,222,23,131,205,140,45,110,145,83,191,69,224,45,54,167,133,238,45,112,38,239,161,83,47,112,186,251,194,206,157,233,10,97,104,8,42,203,186,33,6,143,109,126,71,160,9,66,117,228,141,8,217,85,137,212,70,255,124,140,243,31,179,28,232,149,146,7,97,110,11,85,152,120,96,210,34,90,14,232,127,235,42,249,245,106,96,227,165,134,221,152,68,100,193,168,134,190,109,18,32,74,200,34,46,252,132,178,108,244,35,36,184,77,174,171,7,220,179,102,18,147,107,120,93,77,176,103,10,18,64,165,76,28,123,82,173,155,164,164,170,132,145,182,119,241,188,213,213,186,59,140,238,78,105,251,184,118,239,144,97,244,75,132,157,196,176,132,251,158,98,150,11,199,117,201,23,55,182,28,201,216,35,213,183,246,176,102,218,154,200,124,40,114,35
223,212,207,224,227,80,170,196,104,21,3,52,71,27,53,7,234,43,234,206,189,72,231,131,231,120,241,194,11,177,242,144,117,82,174,100,177,147,52,220,80,152,103,85,110,46,74,117,8,58,200,63,89,63,136,60,244,49,123,60,230,113,107,51,193,124,189,21,33,32,161,8,122,84,187,99,130,99,113,133,249,190,161,179,152,110,235,141,230,122,73,134,70,57,241,80,99,155,250,164,217,232,231,205,16,86,57,197,204,17,89,121,231,32,125,139,184,194,237,234,104,32,0,223,97,177,159,228,43,167,156,86,89,175,64,168,251,184,172,75,194,101,111,196,138,48,216,104,143,223,52,108,18,65,78,227,239,155,44,32,162,177,198,213,82,206,174,1,199,163,173,206,156,100,181,233,147,77,174,74,44,198,60,218,136,136,163,177,251,71,149,238,63,8,140,174,190,87,128,159,232,106,231,5,64,163,197,35,175,67,231,121,90,231,169,10,19,255,67,150,129,24,99,110,63,224,165,185,56,143,58,32,108,29,122,79,96,2,191,253,253,23,56,139,115,209,223,159,239,68,22,0,14,156,141,109,211,173,233,107,207,35,154,199,108,195,86,46,140,21,237,112,126,83,122,113,105,17,5,24,74,119,235,232,183,180,128,183,31,170,133,195,15,119,207,177,202,169,146,56,75,89,188,172,192,140,30,190,51,18,29,51,147,202,117,89,241,37,10,22,193,155,217,67,230,104,59
22,61,102,201,177,148,75,133,55,133,210,167,137,55,166,159,11,103,36,103,58,233,198,37,50,212,8,50,216,202,225,153,81,208,119,55,106,199,98,70,68,252,53,234,3,232,245,61,245,252,188,219,93,1,125,46,13,238,192,231,58,134,65,243,145,230,206,150,87,236,224,154,157,23,39,107,159,215,51,237,34,239,231,8,89,223,140,38,43,64,87,220,146,239,57,103,240,34,219,78,4,196,148,20,182,129,107,135,162,31,12,143,107,32,100,150,238,69,165,133,156,146,219,244,31,114,79,20,234,59,51,133,239,194,166,168,189,95,227,169,48,230,211,20,185,47,162,223,187,234,187,23,151,134,140,45,115,200,16,87,84,240,54,46,18,223,23,71,166,125,17,141,97,75,127,148,62,227,65,36,230,159,207,115,181,52,123,132,70,177,235,113,229,155,30,224,63,97,32,252,64,197,143,250,179,231,25,217,13,115,158,124,52,204,213,69,117,79,234,95,244,44,142,205,224,32,1,123,42,138,127,248,83,203,134,237,216,11,71,48,88,218,9,137,250,170,127,158,92,36,155,13,62,37,24,45,234,32,18,47,195,251,158,190,172,143,76,61,28,22,185,92,59,172,250,180,129,238,54,106,17,87,139,197,161,9,107,251,36,12,248,116,90,94,85,196,87,35,96,128,52,84,249,212,106,37,223,177,96,162,77,99,6,21,134,157,217,239,95,33,207,12,228,130,142,230,198
7,102,43,121,61,120,89,155,46,242,142,127,73,6,85,163,169,248,238,144,124,154,18,26,208,75,15,27,242,40,91,204,118,149,249,194,183,242,72,118,122,42,104,223,59,140,0,207,82,207,81,43,89,48,173,249,50,7,243,48,189,51,85,60,17,202,161,22,173,125,191,213,122,81,189,16,145,98,234,202,213,152,65,7,120,13,125,80,61,214,116,25,225,124,50,233,104,138,215,217,216,76,26,224,232,235,183,19,20,74,0,48,26,162,227,107,58,221,71,124,112,13,17,63,252,30,153,35,125,12,25,19,101,24,242,176,184,247,114,60,113,23,7,106,238,156,27,179,210,143,71,145,206,132,134,199,87,79,165,151,46,101,73,113,157,64,112,95,107,100,179,136,4,226,7,120,117,52,211,212,51,80,246,41,147,12,142,94,55,73,190,154,62,213,154,235,4,166,22,186,149,122,2,145,244,36,155,125,92,68,118,108,92,67,21,19,235,22,75,231,77,234,230,38,105,136,192,66,51,71,228,26,150,83,77,113,150,91,19,154,41,118,255,231,68,95,180,118,26,200,240,120,105,28,47,209,70,6,170,137,254,91,39,11,106,74,107,59,33,189,107,108,232,147,211,120,13,249,75,152,201,6,92,57,228,39,115,28,225,206,133,116,99,138,150,15,153,216,82,18,125,87,0,118,86,152,163,192,133,129,252,56,78,20,70,172,36,75,50,60,213,227,29,46,186,86,43
77,133,51,167,86,13,210,208,38,52,64,163,242,230,210,106,102,162,171,168,218,47,251,207,41,105,124,17,103,48,42,97,129,145,156,131,83,60,11,136,119,112,121,28,6,153,143,70,171,229,78,140,221,80,84,207,61,64,219,176,114,59,26,99,223,88,88,41,58,150,1,161,205,234,27,84,60,233,170,6,37,55,47,170,131,43,154,22,13,99,112,6,80,12,69,159,64,214,140,55,198,50,111,122,101,115,49,154,64,199,71,42,229,249,1,91,96,159,207,48,151,105,186,152,73,50,2,141,31,198,191,144,202,236,50,34,240,108,5,35,174,7,91,142,150,51,1,21,108,105,207,40,184,144,226,25,70,192,203,201,130,1,234,46,251,163,117,102,149,230,172,194,105,26,178,69,46,188,10,60,244,122,72,151,3,71,186,179,75,9,117,221,229,126,200,198,148,151,42,252,137,180,64,238,120,248,66,181,167,72,63,137,19,97,189,200,109,157,241,91,69,65,140,12,39,87,173,140,125,162,43,74,135,132,49,67,155,38,253,20,22,243,241,200,48,68,159,214,87,233,226,247,78,91,97,103,148,60,97,228,205,239,34,156,58,111,105,156,106,147,223,242,48,186,125,94,190,149,77,5,171,193,75,145,65,33,91,18,59,143,213,45,98,226,227,208,22,89,88,48,254,152,81,124,140,119,60,48,228,221,171,121,85,28,231,45,12,146,15,130,183,134,157,205,32,186,7
155,146,153,32,240,36,91,219,168,69,155,89,137,144,89,19,81,48,133,62,185,133,249,73,2,157,63,58,219,170,231,44,195,135,79,80,93,79,179,203,37,218,27,113,119,10,140,50,255,185,124,184,42,120,110,243,24,176,115,104,2,30,172,94,192,146,90,250,179,40,39,130,125,217,227,205,120,9,228,188,177,91,96,160,28,202,9,100,239,243,49,3,199,133,102,119,124,157,142,168,187,220,192,184,171,188,204,53,4,164,254,249,176,5,105,69,44,28,253,232,14,176,192,168,128,33,146,215,253,3,205,246,44,252,227,30,19,248,57,132,115,244,79,144,100,228,232,22,202,255,79,217,255,74,115,25,44,93,235,226,49,40,70,55,216,121,90,67,91,134,83,106,192,123,94,22,63,82,179,229,179,118,173,243,59,25,16,19,8,149,169,163,28,96,155,125,7,32,183,37,246,51,120,58,147,37,151,41,66,228,46,221,68,61,182,18,183,197,119,245,99,54,215,183,121,153,126,232,47,9,162,214,123,23,73,43,217,211,57,250,144,173,147,160,189,252,192,116,204,129,135,68,125,154,109,206,33,207,207,57,170,10,68,87,226,252,184,30,87,10,77,4,237,37,252,18,117,4,0,83,13,62,37,53,192,187,8,189,64,26,26,75,140,114,252,68,51,150,12,75,170,111,146,23,60,77,212,191,86,109,8,76,133,214,70,224,171,4,227,144,44,221,123,82,60,106,11
84,214,214,144,245,110,243,93,120,1,7,189,219,35,74,118,119,21,223,208,226,17,168,254,59,188,11,79,45,63,10,232,82,175,205,248,77,95,19,240,120,38,101,106,36,62,243,198,102,174,74,209,149,186,231,197,162,248,197,136,13,47,81,253,1,251,35,113,163,57,92,87,178,170,177,156,125,52,86,33,89,219,191,81,18,123,208,83,7,177,251,192,126,125,83,35,224,208,247,29,147,26,132,148,17,214,127,87,201,35,173,74,77,245,25,129,71,245,14,108,187,78,188,218,248,244,157,71,141,71,5,195,64,12,135,166,127,215,131,207,70,68,72,48,203,48,95,12,228,72,36,60,144,64,155,166,202,252,112,85,92,94,193,103,23,29,4,198,237,32,203,89,119,129,160,21,125,199,79,158,151,250,50,30,165,158,149,97,32,166,103,181,33,162,215,55,38,37,229,10,226,241,199,205,36,115,12,24,222,21,126,141,207,218,233,121,204,197,167,249,116,43,19,245,88,251,190,110,230,134,125,246,255,197,156,195,3,82,160,103,159,200,74,46,89,40,154,192,236,55,85,221,105,171,190,96,133,41,14,164,130,78,102,122,142,194,80,201,239,205,223,235,143,89,196,139,50,96,110,17,179,188,9,38,20,203,225,230,122,3,75,48,158,97,232,189,1,189,85,69,221,25,158,96,213,206,125,115,239,9,37,41,223,96,77,30,254,251,241,173,78,138,78,180,147,152,4
243,239,153,176,222,211,82,93,228,48,174,211,80,50,190,12,87,159,193,131,67,183,63,20,160,223,5,82,70,66,41,50,237,121,92,3,158,33,191,122,142,194,127,234,53,26,233,145,60,0,41,217,228,36,26,115,48,11,31,246,204,71,98,4,44,149,58,252,171,210,136,63,105,170,67,83,14,20,125,112,164,58,231,10,107,57,179,180,52,249,45,111,48,127,47,133,60,196,48,36,105,86,4,189,175,158,124,209,216,227,229,233,115,229,104,43,97,132,224,216,117,243,74,30,73,11,200,240,244,160,224,200,136,90,195,50,1,134,191,123,37,47,12,44,115,101,139,137,4,180,87,206,21,59,180,115,231,117,66,51,108,134,196,195,152,117,139,109,80,184,121,16,166,19,89,243,138,97,63,150,172,204,178,138,23,77,9,217,100,23,27,211,53,213,172,29,152,161,36,53,195,243,139,131,114,19,84,167,91,72,226,173,127,168,44,143,240,46,243,141,193,17,48,64,214,63,91,187,73,238,81,198,212,147,172,77,171,143,2,185,22,11,101,249,98,134,149,186,5,49,82,194,0,164,132,25,164,64,108,76,30,153,18,149,1,115,244,149,222,167,44,235,50,227,210,190,219,176,247,60,140,50,231,87,127,56,210,249,126,94,49,151,155,228,37,193,192,130,166,4,95,73,66,184,76,202,145,189,115,24,219,145,213,151,83,106,160,189,44,76,69,106,147,183,30,28,83
71,124,12,228,94,61,176,40,118,137,25,163,91,220,24,10,135,159,215,97,92,57,31,167,171,132,94,201,159,72,143,138,94,221,25,175,16,214,128,145,209,203,94,157,191,203,12,152,221,218,45,46,227,182,50,221,206,29,100,122,205,3,49,234,99,87,15,192,178,91,168,182,97,227,18,32,68,103,51,26,99,210,62,75,235,22,61,255,69,145,242,243,33,181,56,132,61,9,95,179,32,174,49,87,222,137,90,21,39,97,180,60,110,130,249,34,92,11,141,49,240,106,206,176,60,92,19,121,193,16,105,104,250,195,25,214,237,129,127,118,57,136,33,80,91,163,29,15,255,81,143,21,249,15,141,2,110,231,119,226,220,71,181,175,132,4,194,54,89,185,142,134,96,132,142,81,178,253,255,69,97,255,207,175,39,198,99,82,43,25,194,173,120,27,78,100,185,0,164,11,58,26,33,50,34,91,131,155,160,210,170,164,26,119,164,144,1,122,124,29,60,161,152,12,161,57,52,227,170,89,81,244,145,212,201,181,71,206,157,120,116,191,20,237,143,111,47,65,122,158,71,227,25,131,124,78,58,246,167,85,192,35,173,105,194,67,234,222,24,202,234,225,184,106,146,5,41,59,79,232,40,111,241,136,64,10,82,155,122,101,172,203,229,89,207,231,217,134,106,125,115,138,149,23,122,123,181,235,190,63,116,178,212,191,65,70,23,157,55,64,119,202,66,52,190,133,6
209,93,222,121,161,151,7,175,253,156,141,185,16,152,179,209,188,203,183,28,166,200,121,20,0,174,201,57,175,236,194,140,44,20,220,44,85,89,220,55,100,134,231,167,214,39,45,238,244,48,131,192,71,248,201,199,78,93,3,98,242,93,145,10,202,140,6,214,248,145,104,247,44,255,114,112,70,26,148,165,7,53,135,151,62,124,219,106,128,9,127,252,19,60,71,156,140,126,173,29,218,17,252,193,118,42,119,101,212,159,44,160,176,72,9,200,182,122,44,160,4,208,125,157,79,130,66,214,76,135,225,187,207,2,247,69,249,118,231,235,61,131,158,2,128,67,183,163,107,119,128,187,114,175,16,242,10,81,62,75,191,161,139,101,171,61,197,16,156,121,90,64,85,105,126,115,110,251,145,48,111,177,163,222,91,201,100,4,4,53,150,241,130,90,50,148,202,32,227,191,110,145,3,125,179,163,145,4,182,48,44,190,155,233,109,189,211,165,66,238,255,153,200,210,126,223,51,196,117,176,226,16,38,189,195,87,67,27,71,18,10,10,186,41,81,157,171,49,203,54,184,110,135,172,163,216,204,177,38,20,143,79,48,217,227,206,195,235,57,67,97,16,223,53,230,35,138,216,162,220,68,134,234,133,101,23,92,84,207,33,133,11,68,181,11,199,156,224,203,238,107,51,198,86,24,56,124,218,127,41,1,73,21,132,101,171,121,187,121,52,94,20,9,137,117,101,91
148,42,8,157,216,194,183,66,98,136,227,7,113,232,12,54,43,255,215,10,220,183,29,105,18,188,88,110,185,188,144,160,43,242,90,247,229,83,93,91,165,100,58,42,50,218,19,141,143,169,55,189,147,156,232,111,132,76,54,61,252,121,168,72,51,196,85,230,17,28,213,201,11,83,115,6,113,29,227,47,177,8,193,251,98,18,38,135,238,100,235,151,110,46,52,86,122,129,51,215,84,6,227,175,212,84,211,35,122,151,217,209,153,26,145,55,12,71,170,220,127,84,40,172,58,120,241,230,139,2,173,193,12,72,205,104,15,88,230,216,41,215,141,245,90,152,135,44,115,31,254,193,9,233,210,149,163,208,178,154,140,174,82,198,21,214,244,130,142,45,196,111,135,74,189,56,236,61,142,226,3,18,132,56,126,240,21,208,40,141,102,185,75,46,92,202,184,150,40,86,20,61,93,9,69,71,150,240,151,24,22,52,167,15,68,179,47,81,109,105,218,162,113,223,185,112,159,233,66,182,194,158,20,251,202,179,107,82,107,161,208,216,29,20,161,218,241,82,212,187,125,161,17,151,228,88,204,188,255,8,218,93,225,97,220,32,233,1,200,195,130,29,17,215,199,179,139,86,73,32,237,62,34,216,242,74,158,60,9,106,101,177,159,137,145,220,252,151,173,11,112,78,32,71,57,158,128,56,40,41,17,244,18,135,139,215,3,101,36,67,90,111,250,31,72,133,0
7,59,98,228,28,135,241,255,203,118,70,182,214,209,207,156,239,201,160,203,122,148,4,96,92,90,48,159,147,136,20,146,102,252,216,248,164,111,79,45,39,134,249,212,2,2,42,230,7,38,95,183,147,166,32,138,123,81,230,241,109,238,58,144,198,102,152,255,206,87,204,26,208,26,37,23,92,157,238,144,76,134,151,26,175,215,77,51,232,79,160,181,49,27,183,234,173,250,193,199,125,34,80,242,168,12,74,181,213,161,131,133,29,57,252,204,4,238,222,248,216,27,91,6,93,240,132,6,172,163,239,132,103,217,141,217,18,179,8,19,123,199,123,70,151,188,175,237,176,38,63,215,240,31,48,248,97,251,110,36,100,133,36,160,77,111,199,247,128,151,101,248,223,37,85,147,117,192,72,70,119,37,98,11,151,14,133,176,115,163,3,11,67,42,54,163,184,244,198,35,105,34,23,147,25,150,199,215,246,244,156,156,56,252,251,36,252,146,112,3,194,103,42,127,152,239,76,203,75,226,193,147,186,176,169,143,40,1,199,21,101,193,1,207,27,167,60,30,25,59,35,222,22,205,29,244,111,240,66,228,126,144,255,93,174,53,255,86,5,228,89,141,23,186,3,12,198,194,237,86,212,31,129,22,42,163,231,248,172,176,236,148,54,76,223,247,194,234,170,207,250,190,170,69,45,191,74,192,77,55,106,201,211,246,72,144,227,91,75,91,78,66,53,251,154,249,248
196,93,111,85,99,86,46,77,145,6,225,239,59,14,86,251,227,155,255,43,130,80,167,156,38,187,17,109,161,173,35,159,49,125,78,250,145,136,140,101,47,253,78,73,166,245,101,67,243,132,115,124,43,69,133,160,117,200,105,156,206,34,240,185,166,128,94,222,174,127,190,17,29,230,160,224,229,45,19,41,167,209,192,254,209,202,113,144,155,190,150,74,172,32,8,134,7,214,204,201,149,136,230,195,190,163,4,203,9,246,236,34,86,118,64,109,228,68,89,24,57,42,26,120,12,250,25,93,170,158,53,93,56,72,40,254,156,130,232,235,193,210,79,174,41,97,78,92,67,225,174,144,118,69,127,51,157,121,138,236,32,96,109,192,243,174,233,79,23,88,86,97,115,6,119,141,157,243,122,168,135,121,149,242,144,15,123,176,150,112,186,116,201,170,38,43,183,227,231,182,229,241,211,121,17,55,83,15,154,35,184,100,109,182,72,58,109,129,189,80,142,229,147,83,145,72,195,8,38,123,247,2,126,248,248,71,117,179,49,57,175,91,116,103,175,89,215,118,130,243,195,31,239,186,157,101,240,125,84,1,143,70,37,125,231,161,98,87,0,189,243,22,65,82,175,142,216,96,63,118,222,151,102,244,116,111,137,222,77,118,59,141,57,5,64,183,211,72,1,182,95,210,148,70,132,37,106,51,221,154,75,165,49,119,207,122,82,254,58,16,48,141,213,222,240,50,144
238,92,198,81,70,25,239,91,227,186,140,147,107,255,40,242,85,123,217,125,163,7,21,228,220,13,88,47,105,125,124,14,226,227,38,166,66,8,47,186,92,52,80,89,229,41,253,217,67,57,61,215,195,82,233,111,87,118,178,142,13,189,212,81,44,81,91,30,169,184,248,39,101,103,47,73,81,11,96,53,218,101,176,242,29,73,116,92,143,139,63,165,73,250,231,78,17,251,244,222,222,12,31,62,119,2,175,107,166,38,34,45,171,223,41,43,89,253,131,42,236,206,107,130,170,254,203,87,53,255,143,72,42,152,98,195,95,82,110,205,79,233,50,127,58,173,7,162,122,249,245,79,97,20,188,76,185,70,51,163,89,124,0,115,102,140,191,6,58,203,5,254,123,106,114,76,238,242,129,94,35,193,227,198,177,47,60,72,41,197,81,151,245,167,24,10,193,22,69,49,88,30,127,167,80,119,101,13,74,58,151,24,172,255,230,131,208,111,133,76,22,193,47,58,90,91,23,50,63,161,115,198,107,198,7,80,229,60,248,134,22,123,63,54,32,185,136,85,175,29,158,62,237,142,23,45,252,226,110,163,156,125,71,78,164,42,175,199,86,111,67,15,32,97,193,164,33,8,100,83,177,78,155,131,88,75,28,212,245,151,115,25,68,123,166,144,178,90,169,213,33,83,112,46,165,145,191,250,174,83,227,185,196,151,223,170,0,107,99,82,57,53,198,18,149,168,252
193,7,109,156,242,21,130,17,156,217,49,63,100,161,92,183,240,53,50,182,212,180,96,82,235,37,36,206,35,65,20,88,39,113,217,228,223,252,247,226,29,253,144,86,24,209,192,234,9,244,112,219,179,32,66,63,47,119,95,69,112,75,191,107,85,231,189,155,185,253,254,234,238,216,229,192,181,56,134,213,162,14,117,8,90,132,56,133,16,31,83,16,138,89,163,40,51,209,79,188,64,140,47,47,111,87,37,38,8,167,85,117,135,38,47,62,149,14,236,148,187,145,129,140,28,80,141,223,20,157,1,146,35,73,174,244,29,120,249,230,184,25,152,229,160,157,79,184,213,35,121,26,49,66,201,6,66,71,40,160,149,23,38,191,54,57,16,59,255,29,37,43,102,33,246,91,202,137,82,197,187,59,30,41,157,103,89,38,194,50,229,33,113,195,92,67,99,144,244,218,103,33,236,202,70,159,121,176,90,82,216,19,165,249,118,107,174,139,218,228,184,28,105,176,243,24,11,58,58,200,133,74,10,183,214,216,131,160,16,32,220,252,237,127,20,136,197,4,217,4,34,169,111,36,27,2,52,19,248,18,63,48,139,53,204,248,220,67,80,16,135,8,192,216,24,189,75,58,242,174,134,8,17,133,225,142,176,218,30,51,52,86,114,161,17,67,150,73,174,140,142,220,254,60,234,105,180,12,68,212,12,117,179,145,60,204,181,160,11,52,35,19,220,250,100,73,14
216,244,2,1,110,182,228,197,141,8,54,103,143,137,70,240,151,42,204,55,5,185,156,232,249,8,167,76,98,177,76,16,58,47,242,184,182,49,190,213,222,176,81,103,0,110,41,87,15,153,48,17,18,252,152,215,182,221,75,92,141,18,253,198,212,73,72,237,191,10,173,226,3,230,94,211,43,223,243,190,169,90,103,129,50,192,32,225,10,22,208,15,23,108,168,221,246,245,94,175,211,124,113,73,27,3,217,46,202,20,236,101,56,104,154,27,180,67,183,204,158,238,101,55,182,224,167,48,189,98,160,167,161,246,17,241,92,46,198,130,13,112,90,5,8,106,184,219,22,81,248,51,41,43,3,226,125,213,129,105,35,8,38,196,160,175,142,186,154,135,35,98,87,16,58,81,5,40,187,76,22,121,166,59,41,207,231,142,105,50,241,12,194,147,153,224,240,70,41,248,243,85,91,144,107,49,126,73,49,0,180,232,52,59,211,112,230,5,127,149,119,127,174,152,82,57,122,132,181,238,125,0,249,94,139,84,144,45,255,74,46,194,6,157,197,120,176,127,19,16,185,98,189,158,110,6,137,42,249,100,232,242,150,237,125,153,156,93,244,242,81,20,72,159,244,10,208,212,188,111,219,204,60,175,205,252,127,75,89,154,183,60,159,222,75,10,10,136,251,188,199,3,110,230,247,235,4,52,138,67,78,73,108,50,56,118,16,135,95,74,97,247,184,84,248,226,214
103,105,221,29,65,244,21,87,219,124,209,103,14,113,73,66,110,247,199,186,124,15,15,150,63,22,3,237,160,163,216,221,102,28,128,101,196,219,79,30,50,38,64,22,24,208,111,189,46,167,53,208,23,215,234,38,20,180,49,122,41,68,141,178,223,177,240,199,16,22,77,4,57,243,17,93,17,9,219,24,149,219,83,32,149,86,50,34,16,10,216,11,141,251,164,202,14,51,56,105,225,121,156,119,74,197,205,161,41,33,79,22,12,73,203,124,165,34,102,143,165,222,240,111,255,122,3,51,53,11,109,108,50,73,68,19,84,84,28,27,198,248,59,213,105,175,85,118,30,7,155,133,213,99,224,252,166,131,140,149,242,25,134,207,29,27,157,95,151,118,112,128,214,14,163,107,239,151,48,6,50,0,30,36,68,194,42,181,60,247,202,253,97,213,128,133,51,251,35,188,239,113,136,72,55,154,112,179,69,254,24,239,55,228,247,152,114,227,226,246,105,83,40,141,39,119,99,16,54,138,125,235,60,90,180,211,225,216,100,141,110,51,67,203,152,249,34,230,16,154,74,187,254,184,181,8,173,212,13,5,185,81,178,187,123,71,30,181,210,40,73,7,119,240,252,81,73,53,192,201,131,27,158,212,150,252,203,104,28,231,140,82,125,76,77,189,12,181,253,53,82,184,181,170,199,248,141,147,216,161,212,255,146,158,140,199,143,241,249,182,147,30,183,204,135,93,120
20,7,107,221,38,126,16,12,119,71,190,145,88,49,15,199,127,196,11,211,147,177,76,28,206,13,160,130,179,21,175,151,138,163,3,191,229,238,199,95,80,46,56,23,226,32,51,2,207,151,13,48,71,175,251,41,93,206,50,120,227,74,148,45,92,252,41,14,113,188,164,156,153,215,160,149,129,16,8,60,250,244,171,13,168,78,78,81,10,55,48,60,4,53,10,104,61,210,18,43,168,227,229,77,221,225,146,92,67,157,25,77,122,74,150,161,103,5,66,102,78,197,199,80,229,138,192,40,42,13,143,183,174,221,93,159,103,73,165,227,244,0,22,95,135,156,5,64,190,70,197,95,163,182,21,84,229,44,165,230,15,3,106,205,45,27,201,17,99,67,144,27,51,82,1,136,198,253,230,56,7,198,121,187,126,37,218,204,162,244,228,25,204,202,98,188,33,241,150,74,232,28,219,9,197,228,222,28,99,112,165,166,151,235,199,46,151,117,172,22,237,44,73,170,71,117,53,211,187,207,243,18,29,184,111,186,59,133,132,2,19,53,47,177,109,86,206,23,243,212,143,124,24,37,163,253,123,181,209,132,207,40,187,226,179,223,185,51,89,117,20,109,134,164,41,202,72,206,15,20,37,43,103,21,58,234,225,11,38,26,69,115,120,18,47,31,193,10,103,131,176,61,244,204,249,103,191,196,156,167,218,4,56,187,60,163,51,133,43,25,17,105,24,38,255,131,190
245,141,146,100,37,33,130,170,129,190,206,93,126,122,251,36,40,217,213,26,225,179,6,244,129,70,172,116,72,50,200,154,19,43,87,235,77,135,26,88,7,231,77,177,212,33,157,224,239,180,6,184,80,135,90,247,182,31,127,87,106,250,46,171,173,29,201,175,58,154,130,42,153,233,237,145,60,11,145,110,244,61,1,29,190,97,151,49,16,216,210,235,1,92,180,7,97,116,195,98,168,196,32,176,21,93,32,40,150,119,70,236,244,52,119,188,143,15,251,82,159,239,109,223,155,104,76,170,29,116,63,240,40,124,222,162,156,22,64,52,205,44,191,104,84,10,95,227,25,227,25,113,143,103,48,227,187,168,106,200,97,82,4,179,123,102,164,194,240,173,33,125,37,24,66,24,250,47,229,53,68,157,248,169,195,172,32,255,176,185,246,154,249,96,113,122,114,178,55,157,151,84,206,250,136,215,134,14,92,56,236,21,29,228,123,134,50,56,78,125,152,221,132,140,20,89,28,233,63,43,125,172,76,56,11,116,12,131,252,173,1,217,43,11,191,144,48,63,91,76,90,9,146,249,23,190,63,252,77,168,238,172,143,102,170,132,98,210,235,69,33,220,222,200,197,174,222,223,82,35,63,71,220,96,72,144,251,199,169,91,137,171,47,51,36,253,84,214,14,7,5,94,130,249,10,157,247,62,253,208,200,199,165,167,125,0,129,6,229,10,216,84,192,29,112,215,22
184,135,115,253,94,105,83,205,159,28,142,236,0,110,108,176,179,171,197,75,144,108,164,252,241,91,55,150,204,30,34,100,151,5,122,23,150,194,131,144,231,46,89,101,135,18,39,212,157,150,27,183,167,199,141,61,56,83,151,168,122,244,213,40,227,11,168,34,255,53,33,237,17,209,129,189,216,206,126,65,166,13,137,39,252,189,90,227,209,233,49,65,206,32,120,142,27,225,79,232,7,38,48,251,104,24,204,117,66,75,146,69,41,175,61,24,157,61,103,134,134,31,248,248,236,53,213,219,133,40,217,95,217,14,81,150,212,187,184,37,226,132,204,32,131,109,18,183,29,157,64,163,60,179,95,97,211,202,209,234,193,81,224,160,243,52,203,211,17,180,24,248,65,2,142,41,178,221,51,36,12,61,249,199,237,26,194,171,239,32,156,217,227,105,116,195,43,132,70,244,224,141,138,168,180,65,177,46,52,2,191,162,119,132,108,89,237,120,247,25,150,114,199,133,115,131,236,121,55,254,210,61,179,241,216,26,240,133,112,212,58,161,8,224,1,35,165,29,9,46,6,97,250,69,198,144,98,161,145,156,44,59,154,156,52,50,60,96,197,180,252,244,14,107,54,204,199,128,61,246,16,151,4,155,91,193,58,246,213,167,194,65,88,46,250,188,224,103,78,155,182,184,103,216,130,153,52,70,98,155,28,79,28,8,54,143,70,45,139,70,156,161,49,21,244,164,40
57,66,91,115,67,237,213,107,109,73,200,83,67,96,103,14,208,122,35,48,215,161,66,90,138,119,229,67,102,6,145,133,40,142,63,213,85,103,188,35,16,219,249,191,81,193,131,197,89,117,88,158,97,215,15,113,101,31,165,183,204,54,255,76,255,105,229,218,81,213,124,238,150,239,118,120,17,7,222,208,129,225,70,1,233,187,184,43,112,206,100,52,67,60,151,228,36,78,99,87,44,230,163,246,200,205,204,35,168,123,175,191,45,170,48,203,148,200,236,69,46,204,124,31,68,155,246,103,11,79,243,15,237,8,123,36,62,209,18,29,136,247,175,167,201,182,106,17,179,98,12,169,59,61,190,38,32,103,81,131,231,206,254,93,113,183,198,128,104,198,19,140,255,114,190,161,146,141,190,76,219,162,17,167,112,163,199,84,170,82,190,253,1,195,2,17,162,63,252,159,128,132,209,139,60,198,42,244,82,32,231,150,169,123,233,92,232,134,193,39,217,242,194,142,110,51,54,208,224,101,103,85,139,129,68,114,30,155,113,80,120,248,198,218,165,120,35,151,190,215,5,129,195,51,200,142,95,30,122,155,241,117,25,127,14,73,65,107,167,204,129,52,59,115,60,96,19,172,213,4,29,148,134,133,249,206,143,182,249,64,142,40,174,133,10,28,54,32,73,211,85,0,229,155,99,7,197,179,105,168,199,153,177,111,53,160,163,22,9,0,26,93,205,43,13,132,225
118,128,54,69,110,78,169,16,117,99,175,158,138,46,143,46,5,226,243,205,63,19,66,161,177,32,110,106,100,54,18,152,204,101,190,184,241,186,75,146,232,105,208,74,211,140,149,145,242,137,2,245,115,145,49,159,91,59,218,122,40,148,125,43,203,224,205,254,164,173,101,170,30,18,195,90,93,82,57,124,249,142,59,235,124,37,127,244,148,140,55,205,144,96,186,74,103,23,20,139,75,60,240,106,251,8,92,117,40,248,216,97,170,183,177,46,86,141,88,6,4,116,164,250,30,12,240,88,28,32,69,94,196,177,228,255,71,134,192,161,41,73,220,175,96,153,43,208,51,74,242,183,83,98,43,109,208,24,253,36,160,152,5,119,70,216,126,217,28,99,39,238,224,178,13,216,140,66,146,152,1,83,195,227,184,25,183,84,90,155,48,84,174,56,254,73,136,192,144,237,241,19,72,67,227,64,46,103,9,205,32,230,23,63,162,86,51,114,92,48,112,122,196,161,218,253,230,39,139,229,11,207,223,93,147,185,28,69,178,63,86,253,216,77,30,54,2,40,2,22,122,38,185,121,176,80,110,253,97,46,79,212,123,195,232,207,78,173,168,79,64,183,47,12,130,160,179,114,49,29,12,134,64,0,13,77,46,202,144,24,52,66,24,184,22,3,165,72,149,46,0,227,113,26,78,229,88,62,9,224,147,149,98,35,71,139,98,55,72,54,0,132,165,100,35,199,199
38,177,147,44,176,201,212,9,16,53,227,115,178,43,254,168,214,102,228,87,112,222,208,100,216,152,142,112,210,241,73,157,153,241,203,50,188,71,135,76,174,35,203,83,212,218,238,144,79,164,105,142,7,11,204,212,69,223,77,148,4,24,20,157,61,3,29,19,4,77,89,229,189,118,33,14,98,131,255,11,64,99,57,84,17,193,114,103,104,124,170,116,0,59,129,161,118,212,28,164,210,150,83,147,208,59,222,26,193,210,255,13,166,199,70,77,87,176,241,206,44,166,101,243,22,226,113,119,228,88,173,85,90,16,233,27,237,159,27,54,154,118,163,112,59,97,84,103,54,128,162,184,4,76,189,96,117,221,112,128,128,172,163,200,236,152,107,58,83,37,131,37,52,113,104,65,20,140,187,163,34,146,54,173,215,187,63,187,147,63,177,67,89,8,226,119,162,108,223,107,108,205,227,193,30,103,125,232,182,162,151,111,130,118,117,107,124,126,105,242,155,21,54,217,73,5,138,173,203,157,35,127,46,20,56,153,91,87,195,162,77,236,82,57,187,79,12,21,206,83,210,1,45,203,218,96,161,100,52,128,140,8,43,172,143,43,4,135,66,231,106,171,184,121,106,165,105,143,123,110,1,196,91,185,132,61,131,11,121,228,248,92,57,179,115,60,101,145,11,159,208,18,217,47,113,163,73,67,15,181,224,127,1,20,109,132,75,112,32,62,132,159,126,8,44,175,166
245,222,227,40,189,136,50,160,92,183,186,219,225,45,193,27,124,228,41,31,214,70,172,57,208,178,243,166,16,57,205,138,244,112,215,182,12,195,90,120,106,27,15,17,35,173,141,166,219,205,191,250,26,201,95,70,93,63,112,39,118,92,153,192,94,86,84,201,194,36,200,201,89,31,226,251,177,127,186,129,48,241,209,236,29,71,169,93,111,187,44,141,234,100,2,244,103,247,81,228,11,18,249,160,17,238,97,0,237,250,39,250,186,137,205,57,167,208,89,91,94,168,158,12,136,194,202,154,132,108,127,200,118,214,209,175,54,97,17,171,69,83,101,177,178,190,109,19,227,133,246,43,6,154,84,183,214,177,84,0,209,10,86,90,6,214,103,242,172,41,199,9,193,211,200,251,23,118,195,75,10,164,190,211,88,94,118,65,63,118,16,242,92,255,60,162,104,39,46,99,101,168,74,115,100,16,91,133,230,38,43,113,40,95,33,51,223,103,158,217,161,11,165,189,79,79,150,103,224,19,61,185,177,189,14,104,33,61,37,142,214,158,203,241,195,212,46,135,57,212,13,117,209,228,21,68,88,190,200,18,16,91,38,55,217,170,224,42,248,74,157,99,164,33,112,125,208,250,243,168,84,129,32,21,55,204,17,216,238,4,241,227,28,220,246,43,12,117,44,138,101,202,141,235,222,2,59,102,170,50,163,119,13,23,67,34,196,126,163,168,53,225,145,178,198,126,101
148,15,107,131,24,203,192,68,41,236,3,124,13,37,81,205,178,34,205,12,127,143,219,48,142,57,253,158,66,158,159,129,41,70,124,161,60,14,209,154,91,95,241,169,231,170,172,34,10,52,242,248,133,245,129,130,87,94,95,145,215,115,109,244,189,221,153,194,195,154,241,191,158,70,81,151,164,10,96,61,171,16,129,200,18,226,3,73,254,190,135,224,70,68,199,37,170,13,99,208,243,1,73,217,32,194,127,149,153,7,161,175,1,245,229,51,182,250,244,90,60,124,170,247,199,54,99,102,244,48,54,202,58,88,81,176,10,84,190,155,97,179,76,116,98,70,73,226,62,113,164,73,97,84,154,212,103,147,12,212,148,2,204,140,61,245,139,50,214,237,47,240,38,122,22,231,106,0,69,58,246,131,8,37,179,93,225,164,247,231,208,32,97,34,88,12,2,37,55,161,89,145,14,229,181,199,97,22,5,56,220,151,141,57,201,91,136,35,58,198,217,65,187,182,210,39,22,93,245,2,190,81,239,175,200,92,91,191,119,171,129,9,10,46,73,11,161,251,127,67,77,77,115,36,57,166,19,114,24,16,168,214,50,114,130,84,143,55,169,93,8,106,177,253,94,25,116,115,76,108,189,101,170,36,126,244,105,150,204,255,165,13,60,236,19,127,250,242,249,82,157,51,245,214,91,70,88,44,1,151,217,200,126,111,31,72,18,61,243,82,231,54,9,163,130,190,85
205,176,68,177,66,94,181,58,58,135,173,231,237,177,195,185,236,93,144,49,182,241,16,153,132,168,163,230,49,195,185,15,63,39,205,235,45,185,133,224,102,170,202,64,224,131,53,185,90,237,13,83,58,171,112,141,19,241,233,163,34,147,200,38,98,38,54,15,113,13,182,118,91,111,124,18,135,13,55,11,146,232,141,123,252,201,78,17,248,175,147,69,205,9,155,75,3,115,76,73,167,211,46,250,214,140,245,217,159,167,145,99,203,172,104,38,20,212,223,64,107,117,116,247,65,205,101,96,192,169,74,7,222,58,139,124,64,99,71,233,207,2,43,88,67,176,88,198,67,163,132,232,55,47,132,127,222,252,174,185,11,25,248,132,227,126,229,217,90,129,108,34,75,127,73,55,116,253,225,4,159,170,101,132,162,179,90,209,39,62,42,255,149,234,92,40,8,79,60,48,162,95,195,199,215,166,185,5,180,121,186,93,141,37,86,240,21,134,69,134,79,14,75,218,192,158,251,198,165,70,65,210,109,248,91,209,22,144,113,45,30,232,151,126,223,121,144,217,61,176,28,123,137,40,113,218,40,40,100,56,150,24,135,226,4,54,27,105,120,60,139,232,14,196,227,111,157,195,48,140,161,101,132,116,19,132,184,104,25,100,206,236,150,31,51,24,149,205,5,99,0,215,188,168,165,40,87,114,210,195,80,247,100,255,146,158,130,203,105,248,205,124,189,135,4,127,71
6,240,57,201,72,22,71,57,118,71,75,16,31,69,118,229,211,104,47,60,10,206,174,101,105,169,200,186,126,107,111,213,30,26,92,182,68,104,75,192,15,44,224,111,106,221,188,99,169,112,246,21,134,172,150,171,202,246,161,109,48,156,90,151,47,88,98,14,191,48,204,145,156,100,58,232,103,170,227,206,24,60,137,50,61,99,102,171,83,77,243,29,255,142,190,251,19,57,248,70,254,12,130,250,240,178,121,5,49,192,144,228,90,23,67,63,25,105,98,152,94,232,205,116,99,236,157,239,166,68,190,63,177,98,149,194,85,21,60,217,106,72,125,194,157,104,217,157,124,137,19,16,241,140,132,103,222,186,107,205,17,227,196,101,122,109,164,176,152,188,57,110,33,127,245,255,231,142,92,213,17,34,247,78,152,242,2,0,141,194,139,145,153,125,157,206,119,122,72,163,49,96,10,191,252,156,240,132,158,198,203,109,113,210,24,124,122,24,210,165,139,55,31,167,127,251,218,72,24,158,160,22,209,115,225,72,39,11,252,242,225,139,245,244,1,173,120,86,45,238,183,29,200,164,199,103,214,112,29,228,19,211,230,205,69,163,219,122,131,46,232,28,70,157,100,64,195,239,117,140,174,174,215,160,139,225,215,175,35,95,115,133,86,59,55,158,136,230,221,100,40,48,170,248,244,180,73,223,246,79,31,130,164,160,157,30,166,61,116,91,135,71,155,199,225,162,132
79,25,184,154,181,115,59,137,221,161,209,158,196,119,156,252,167,246,131,182,194,207,48,57,253,228,128,61,227,149,160,222,191,167,91,199,247,148,45,216,1,214,239,167,228,33,165,114,70,12,227,233,124,66,133,111,224,84,120,83,82,26,119,176,42,228,151,234,100,187,230,49,147,238,236,38,114,218,4,35,72,123,111,17,69,206,155,147,28,9,130,25,118,52,14,88,125,226,252,250,24,156,100,210,189,97,219,245,147,150,121,180,174,4,115,35,61,186,160,36,217,5,2,181,60,80,37,88,143,105,12,174,56,212,171,236,196,80,210,250,88,166,225,40,241,124,120,190,113,147,245,226,54,137,69,187,72,56,226,121,15,76,191,180,102,205,8,69,34,192,215,248,247,250,30,70,30,99,10,146,13,41,16,157,208,100,35,113,10,173,114,140,203,250,148,144,27,57,190,130,214,108,152,184,224,187,0,23,170,170,180,20,45,185,182,35,150,71,244,116,183,246,6,98,10,83,148,2,21,130,24,243,189,52,194,114,40,91,29,228,38,249,53,89,183,39,74,137,151,226,53,171,88,161,197,2,153,41,165,144,161,27,3,31,174,140,127,42,61,100,231,191,39,136,137,194,175,165,237,192,26,230,187,113,1,98,179,252,154,18,64,237,25,192,5,74,244,178,51,181,130,20,191,206,182,147,183,64,184,8,246,64,128,196,28,143,93,218,112,35,94,109,104,129,96,36,229
39,109,74,155,121,254,12,19,51,166,169,29,240,189,0,64,4,248,103,147,103,228,41,171,61,18,57,81,224,10,220,25,19,180,116,83,239,158,252,85,153,42,16,148,117,147,168,40,124,205,148,218,35,244,4,92,228,83,46,31,67,133,24,154,74,196,28,99,18,250,3,167,184,251,245,127,165,119,115,196,192,189,99,65,179,189,70,126,0,255,14,55,0,85,161,213,115,233,205,42,163,222,85,187,155,42,107,66,134,247,187,193,47,17,93,1,24,101,164,193,112,58,204,162,97,79,117,226,29,230,13,2,237,129,8,35,66,178,43,61,113,173,38,156,92,118,33,51,94,9,8,126,163,186,178,94,4,186,5,11,13,91,55,44,115,192,242,27,65,229,140,105,100,155,45,200,112,19,164,228,137,78,109,242,154,63,13,189,227,70,130,153,151,121,1,229,78,76,24,118,215,124,43,2,38,144,67,154,192,250,186,241,9,252,201,130,75,177,178,53,178,194,101,48,14,186,7,141,143,37,117,228,144,214,8,62,203,188,31,40,8,178,213,100,88,62,39,83,206,40,82,85,90,66,209,228,197,93,95,146,77,225,12,60,91,137,171,61,73,176,248,70,219,47,183,210,52,113,72,237,113,236,62,101,145,237,107,175,122,128,20,119,208,165,43,236,41,229,97,46,15,140,182,209,51,218,110,32,241,23,195,230,214,21,103,159,83,166,233,68,249,230,137,184,42,152,20
156,162,94,192,207,144,79,227,125,43,217,102,171,138,0,154,234,106,9,242,44,52,125,112,113,2,233,122,212,53,254,203,96,37,182,138,13,11,21,154,5,172,9,159,42,56,190,209,109,115,243,134,253,97,19,79,56,117,0,178,121,61,111,10,67,83,38,230,135,232,67,240,106,166,230,161,117,184,220,60,31,25,104,228,138,22,38,79,158,91,148,39,132,43,164,22,46,24,190,203,40,16,6,47,130,212,15,193,166,39,104,120,129,229,240,200,166,114,133,132,235,176,171,99,53,25,20,223,117,50,185,144,179,119,17,58,128,118,237,55,79,233,185,72,225,17,161,157,198,36,51,239,50,1,225,190,68,166,120,79,253,221,50,55,223,173,180,252,147,255,214,237,6,191,181,87,8,36,134,45,186,186,77,119,34,219,86,159,86,125,180,220,204,207,31,23,240,1,15,63,184,76,101,69,34,13,216,225,29,209,171,67,208,145,221,162,110,231,51,59,96,110,143,230,8,237,147,14,60,157,80,247,194,99,197,71,238,155,177,252,221,122,133,207,191,111,213,222,101,36,146,221,89,231,197,83,8,190,120,230,165,183,144,3,44,100,247,33,139,207,61,105,152,230,129,243,254,119,109,117,145,185,95,87,97,247,184,126,33,159,6,2,233,11,206,138,104,61,250,122,92,137,233,169,97,124,47,59,214,9,217,210,169,181,33,180,131,254,211,13,138,251,86,201,51,114,159
85,119,141,245,95,164,246,227,144,36,154,211,158,254,26,218,143,163,125,60,28,163,145,109,33,187,63,164,124,139,163,3,181,155,201,199,94,56,16,186,63,32,76,47,61,162,1,29,209,141,178,103,98,198,234,242,183,232,157,248,35,4,246,194,194,185,56,124,7,227,161,83,253,247,17,44,144,236,143,216,208,133,241,246,198,10,203,162,166,85,54,94,163,146,88,181,219,222,171,188,17,6,116,246,47,138,40,60,101,96,101,36,33,5,222,190,3,79,211,11,45,70,233,20,10,107,116,57,171,187,45,255,158,15,8,3,254,148,168,167,65,170,50,173,198,253,230,138,103,42,103,65,132,51,88,212,66,70,246,237,235,165,120,3,11,12,40,76,172,95,184,129,121,156,4,253,229,196,144,137,114,21,146,81,201,13,177,42,59,96,196,169,123,194,21,121,66,82,197,39,254,96,102,220,145,144,196,159,222,120,193,232,227,204,50,188,225,81,143,111,16,53,83,95,196,168,244,89,217,67,121,49,69,212,75,46,203,48,226,195,1,49,226,252,108,159,92,221,144,234,120,212,129,7,155,86,247,155,7,158,155,99,156,230,20,125,129,222,187,179,61,101,15,220,162,124,143,168,134,179,14,148,58,93,105,15,147,31,213,162,164,55,221,182,130,179,124,31,7,240,45,132,229,155,40,166,221,170,91,198,74,157,67,90,239,190,179,154,151,146,166,0,159,81,32,212,163
162,64,88,91,229,119,208,195,218,143,103,156,131,9,248,243,120,177,125,222,177,24,188,67,227,79,108,173,155,172,220,32,196,163,208,22,161,215,116,43,123,10,120,109,191,68,176,35,78,92,113,244,45,196,223,72,232,59,163,239,125,158,6,218,29,146,141,151,141,200,110,248,171,60,59,105,0,250,187,98,151,167,96,51,101,79,170,195,54,86,45,15,180,128,126,58,52,198,54,130,40,254,255,57,66,46,211,94,88,244,70,65,235,7,52,168,220,65,134,171,184,28,0,227,177,58,104,36,66,33,52,221,64,110,5,30,152,59,6,62,112,58,226,184,120,110,229,215,41,221,211,224,86,43,109,188,93,241,244,10,9,230,109,194,77,239,132,161,111,149,96,175,110,102,228,19,114,98,51,148,209,116,39,247,229,151,182,241,122,25,41,171,79,181,237,160,60,23,19,125,109,82,106,204,104,2,102,173,176,45,30,185,202,184,46,90,115,70,160,110,10,144,65,230,177,89,104,13,228,67,136,200,151,105,217,231,24,26,149,227,104,74,252,44,242,138,243,181,82,14,80,116,225,51,247,111,195,244,180,140,100,116,14,105,81,152,135,83,214,175,17,88,18,247,11,98,39,53,203,209,186,3,48,150,132,42,41,179,36,71,207,232,42,2,88,105,234,1,54,7,206,252,110,32,141,40,130,197,146,135,177,243,111,138,233,55,173,178,234,50,46,62,37,28,152,219,132
182,14,117,15,199,186,33,217,156,174,48,79,49,140,177,0,79,44,31,189,130,30,198,85,158,149,195,160,108,105,231,91,67,200,217,120,127,57,38,227,143,212,59,144,101,89,207,175,230,46,242,215,236,185,67,227,140,71,119,80,151,159,35,153,53,152,208,116,208,158,181,233,33,36,25,172,209,164,88,95,212,175,246,186,142,1,133,29,82,138,60,134,43,234,73,128,78,239,92,188,192,75,56,237,166,88,66,136,231,236,11,208,236,252,200,86,74,38,203,205,156,84,232,237,111,210,159,227,136,61,120,77,157,56,143,2,61,230,248,255,154,125,181,55,175,174,152,180,18,164,156,87,195,237,18,4,32,50,202,49,133,222,18,85,228,200,49,236,154,95,22,122,208,177,110,160,56,235,192,95,114,101,37,113,26,14,134,182,119,163,156,189,225,85,155,232,136,161,180,239,120,40,28,79,119,182,188,244,215,57,107,242,87,128,68,32,249,81,139,171,72,128,196,63,188,249,227,140,47,63,204,110,57,90,37,182,155,2,15,15,154,141,128,30,104,246,94,77,104,74,72,204,135,161,151,107,165,39,200,152,53,59,37,153,76,247,250,7,16,181,142,201,45,8,104,57,10,216,230,208,59,59,41,253,182,118,2,45,237,137,217,95,221,113,217,102,68,115,24,63,209,74,107,127,254,173,62,246,0,52,187,36,205,169,213,192,169,127,27,20,182,217,180,132,52,202,243
67,70,171,184,27,193,95,223,202,74,178,145,220,80,28,123,142,86,147,185,110,6,235,38,126,178,241,230,137,179,38,206,118,253,49,233,135,109,87,74,147,16,75,57,79,18,228,221,199,20,181,43,161,9,164,11,90,240,107,189,135,127,172,6,7,124,217,39,200,131,93,127,85,153,31,228,154,117,240,223,21,60,195,129,189,88,205,215,34,106,173,122,81,139,185,157,27,157,75,169,79,178,97,155,139,10,91,23,162,108,19,22,11,9,138,88,176,9,44,170,214,92,248,26,87,191,120,226,92,171,194,53,161,50,214,28,146,14,139,49,61,133,189,174,153,112,70,44,84,243,55,90,242,104,203,44,130,78,104,181,254,189,59,207,64,67,17,225,89,56,181,45,99,50,189,14,243,114,53,153,19,49,137,35,121,105,28,248,255,220,82,186,81,119,59,181,147,233,76,64,98,113,24,222,247,252,130,171,209,8,164,232,227,148,7,225,251,17,27,233,161,106,37,114,242,141,155,4,204,101,97,73,104,49,216,39,222,15,79,86,75,252,71,199,226,69,226,109,219,100,13,89,214,24,134,162,48,13,26,219,239,65,30,139,49,215,115,21,125,150,103,33,10,189,114,240,87,138,179,45,123,90,145,120,13,13,104,193,163,52,77,70,52,139,200,76,76,230,148,38,52,219,34,121,87,178,199,65,184,9,0,210,74,225,133,42,41,214,182,246,197,201,243,188,102,76,191
171,67,174,78,146,221,129,31,140,187,49,186,4,5,49,253,191,12,174,254,26,11,120,166,40,80,174,84,37,244,184,42,150,82,39,66,225,253,165,202,199,18,135,233,23,58,172,242,50,37,193,207,101,226,198,3,132,112,126,88,9,40,48,59,89,12,65,248,5,238,84,149,226,202,27,199,141,86,175,247,148,254,50,176,43,179,235,194,1,231,235,52,119,190,82,233,54,124,156,61,127,217,30,211,179,237,13,91,52,252,164,50,126,227,124,74,107,204,106,132,117,203,231,96,75,225,50,226,107,0,183,214,135,112,102,189,187,23,86,26,233,165,147,61,41,199,242,26,28,193,219,11,178,134,5,68,70,238,250,62,157,168,234,204,57,14,45,77,178,147,20,109,171,229,178,198,217,36,31,61,185,34,23,102,216,118,45,192,153,38,181,163,77,135,251,141,83,99,228,225,189,36,242,90,252,74,186,214,79,218,113,22,107,123,136,118,0,94,21,150,238,94,145,163,253,23,210,159,168,130,255,189,136,93,90,149,71,199,109,108,57,42,184,96,90,87,72,143,252,231,70,175,103,5,243,237,150,212,54,247,210,68,234,174,147,28,68,251,120,159,37,32,94,72,187,158,10,103,38,100,127,67,183,129,67,76,2,166,236,130,82,28,237,249,204,168,196,188,132,47,14,250,211,140,131,189,201,45,112,149,177,224,44,162,96,97,202,39,11,253,66,103,66,72,225,83,141
114,106,199,41,107,49,240,22,150,187,118,46,234,150,255,221,19,45,30,193,149,246,132,120,106,11,57,15,162,14,156,169,169,122,27,1,107,141,108,123,147,33,190,3,211,223,191,189,228,160,230,3,220,56,250,207,191,210,50,201,10,77,247,56,216,117,14,161,146,10,30,112,146,112,234,186,77,52,63,186,188,230,235,103,227,4,243,251,172,195,132,54,143,152,213,135,160,163,28,106,252,117,71,175,172,46,191,232,61,57,219,145,127,33,79,151,241,229,28,217,26,162,91,190,151,175,231,234,89,118,38,149,182,101,151,145,152,211,231,161,212,11,50,95,76,192,26,126,188,185,136,220,173,196,57,182,204,247,220,162,96,73,86,162,237,222,120,173,247,53,161,235,109,187,58,193,28,138,180,182,93,152,211,81,167,154,190,86,2,163,197,54,245,238,166,254,105,160,92,44,140,203,149,158,38,103,150,174,103,65,2,28,28,224,236,166,137,210,121,155,206,241,106,51,137,242,8,27,166,213,37,82,96,200,123,1,76,45,13,19,72,188,91,204,52,2,165,251,29,53,121,255,66,94,215,151,205,116,150,113,72,163,56,111,30,91,26,64,11,244,65,68,199,66,248,30,41,52,13,188,117,198,176,189,214,83,55,254,4,124,165,31,226,44,87,17,9,76,92,80,253,35,30,136,2,242,121,8,240,180,199,66,199,85,13,95,42,197,194,180,247,136,22,196,178,140,182
168,29,10,145,40,0,90,126,137,221,186,137,39,208,250,199,176,202,124,200,85,63,254,104,150,94,251,166,86,1,197,253,70,111,213,190,106,253,131,18,120,236,151,231,43,120,154,104,85,90,32,122,191,222,8,194,178,250,87,129,43,50,232,107,114,181,75,71,92,43,242,141,143,151,1,153,30,153,17,254,40,192,60,153,210,192,95,138,165,102,70,144,230,219,54,89,57,64,237,158,155,230,16,87,196,40,27,167,125,253,124,182,49,216,185,72,184,183,157,56,238,215,213,214,204,46,80,181,84,15,38,128,36,74,59,228,50,251,10,10,216,32,218,207,87,199,55,253,120,212,2,120,13,90,88,193,224,203,143,72,41,208,190,6,217,89,2,162,165,68,97,54,254,43,194,118,42,152,75,9,112,82,160,151,174,200,136,4,157,201,248,217,77,196,43,229,30,166,14,91,86,234,236,108,173,74,32,78,111,212,168,203,50,192,175,91,220,132,55,228,129,156,189,63,190,21,36,41,102,249,243,174,179,55,144,149,183,187,112,28,225,26,255,95,84,62,210,127,239,61,242,249,69,147,21,121,10,177,128,1,103,207,191,157,56,33,152,43,199,243,130,116,250,0,136,66,54,126,58,82,3,246,200,175,140,175,188,59,179,80,12,121,11,17,72,163,5,7,11,208,99,231,91,68,74,63,254,254,15,97,7,36,184,230,141,130,244,166,105,238,112,187,96,180,42,86,173
132,93,162,213,217,222,14,215,225,40,32,87,231,109,78,50,181,63,74,20,153,220,184,230,28,46,145,56,212,37,221,185,247,145,210,238,186,24,208,185,207,58,68,209,124,51,155,130,33,187,200,242,249,120,194,200,68,134,220,81,98,195,5,118,230,33,148,248,135,108,141,222,130,166,69,228,186,11,218,21,155,83,174,118,154,149,170,169,38,178,145,224,32,67,88,117,133,198,93,233,115,167,17,136,211,30,20,189,25,84,158,83,207,104,57,114,9,110,190,44,56,89,48,205,204,239,0,38,109,39,159,183,99,20,160,102,144,228,27,102,134,251,70,146,43,172,239,108,27,97,197,43,249,17,227,229,141,64,56,103,194,149,204,44,127,99,86,72,57,87,37,202,57,145,40,243,85,164,135,193,141,88,108,238,163,234,16,181,129,84,186,148,137,1,114,113,245,239,228,80,71,168,177,143,75,96,211,217,99,95,158,38,135,201,235,169,11,45,151,233,74,58,215,150,111,126,134,96,97,255,2,29,22,44,195,177,142,246,128,145,139,99,250,79,49,55,59,207,245,59,79,231,187,155,98,111,94,173,248,194,158,206,192,114,58,176,102,255,28,85,191,120,227,97,157,221,220,193,56,243,34,154,26,138,61,43,8,51,105,18,46,201,153,150,172,85,182,148,192,181,220,114,190,118,109,103,120,0,96,23,177,48,57,11,70,163,191,17,89,200,34,16,211,117,5,18,32
46,18,189,224,55,233,144,193,216,227,73,25,46,211,38,147,184,221,187,17,109,213,32,4,3,184,35,115,12,165,180,81,11,6,111,159,116,154,21,144,139,104,246,73,109,136,24,224,229,53,1,136,122,45,226,66,174,179,15,50,76,32,80,125,147,242,13,92,150,69,108,57,84,219,4,182,141,34,27,114,87,205,228,161,34,99,46,158,23,111,120,224,254,177,143,20,100,153,2,136,14,133,227,112,170,182,104,185,58,190,249,35,228,85,44,145,163,18,251,73,22,160,233,44,250,89,74,189,101,84,81,119,163,39,86,54,140,244,112,50,9,57,184,1,80,169,244,38,35,151,116,201,127,29,213,254,137,84,15,235,104,32,78,127,253,232,230,189,125,83,57,79,4,131,245,171,81,77,69,241,19,40,14,71,23,127,129,129,124,117,250,145,183,203,250,251,204,32,114,166,254,183,59,217,35,86,254,221,207,185,148,73,235,127,115,222,227,72,149,48,192,31,116,58,45,157,26,20,140,121,20,255,131,192,177,31,78,42,207,82,161,237,102,176,233,180,129,102,244,215,183,182,33,72,200,248,59,86,3,91,88,6,118,104,243,38,146,78,234,253,88,0,86,238,166,230,154,80,60,65,198,254,79,193,193,94,58,122,122,26,34,155,171,61,113,53,147,112,162,172,252,161,80,85,239,44,36,125,27,39,219,146,138,23,188,147,237,132,208,174,179,228,242,132,137,214,59
120,152,148,85,56,167,131,37,95,203,205,188,105,5,75,167,232,77,248,107,113,34,94,97,90,245,247,232,35,131,246,184,134,149,146,113,105,243,98,250,106,66,39,158,117,249,134,115,193,65,177,80,90,63,245,176,198,117,79,71,193,69,147,124,156,23,45,244,201,98,59,245,128,24,250,122,190,60,148,75,152,117,215,49,154,3,13,217,55,234,194,161,69,192,38,146,243,71,220,34,10,73,123,153,252,243,7,238,132,229,229,88,219,219,211,86,14,93,104,65,125,176,199,192,27,36,162,85,24,52,219,179,55,142,230,9,85,128,37,18,67,126,87,140,225,234,11,191,172,216,144,161,88,56,215,135,10,139,35,191,180,124,103,89,113,178,74,92,247,253,245,136,170,149,77,203,36,7,30,156,163,55,68,100,144,103,141,204,127,66,239,246,150,36,207,188,152,34,171,244,45,192,126,27,19,236,250,62,31,109,124,162,210,188,14,236,190,206,151,83,22,224,220,181,213,131,30,238,194,75,71,252,167,53,190,200,77,154,168,196,14,180,152,151,169,86,50,42,213,9,1,242,172,190,20,201,193,238,223,241,197,50,94,157,158,69,207,246,67,137,209,211,232,219,246,165,108,154,196,137,76,172,135,86,130,85,85,31,178,18,65,66,18,166,86,124,218,137,127,5,40,20,210,109,60,199,132,209,237,211,232,180,17,87,83,35,239,212,46,145,180,103,102,171,54,74,230
215,219,52,33,187,237,191,22,87,176,167,136,168,157,242,205,114,43,250,72,223,126,5,194,191,12,74,243,52,128,58,65,234,44,60,201,150,93,182,232,214,250,147,135,91,221,135,83,190,40,122,127,155,14,75,218,122,186,34,15,177,18,113,193,74,226,33,82,23,226,3,74,192,71,135,100,16,174,129,13,43,236,106,144,133,68,214,94,10,153,122,193,21,48,39,226,197,146,3,209,133,209,241,225,162,95,110,206,55,165,143,86,11,124,108,158,35,90,60,187,24,217,234,28,205,242,117,102,114,180,138,54,78,133,175,52,23,28,196,167,129,190,142,223,63,213,220,227,229,120,92,185,68,234,135,128,140,117,208,59,38,179,248,156,136,80,152,1,19,2,126,171,134,63,73,252,21,148,16,34,213,120,212,29,89,87,82,190,214,107,62,87,150,220,29,228,18,234,130,72,5,143,252,1,92,8,136,135,27,5,163,43,38,218,195,75,226,60,150,97,103,94,146,123,201,44,9,36,143,175,197,82,82,148,133,157,15,173,142,166,124,52,38,10,174,64,74,28,166,185,13,71,77,104,70,23,201,131,12,2,22,236,130,217,94,242,17,121,252,145,231,84,58,222,195,73,87,173,9,126,21,20,10,7,85,175,124,162,225,242,51,251,209,118,213,37,45,125,60,118,209,22,212,21,168,242,133,227,28,51,66,92,215,187,187,19,174,152,172,208,2,11,146,136,1,43,244
239,208,98,89,211,229,203,52,77,187,204,58,129,113,51,126,86,239,238,77,225,237,98,28,174,247,99,214,29,15,254,21,68,127,83,245,183,161,28,46,228,107,185,18,23,100,67,228,102,82,136,71,71,231,223,145,220,7,87,160,253,248,138,67,84,57,129,51,67,60,188,242,227,138,174,143,250,147,66,182,12,11,155,202,156,17,177,63,43,110,52,131,145,204,103,55,26,46,14,28,113,203,27,126,229,180,158,69,22,233,115,186,224,204,125,110,241,14,110,36,15,103,253,60,72,99,132,97,14,133,167,136,137,187,6,23,6,212,75,124,244,138,40,88,104,61,44,124,184,62,242,106,7,147,64,86,128,173,119,5,99,175,204,233,33,49,58,162,217,88,26,145,101,95,179,72,171,59,180,127,155,57,110,100,250,173,73,222,233,116,65,64,100,7,193,6,48,54,4,44,185,247,205,157,92,135,157,20,111,227,17,42,232,116,44,109,176,197,239,103,68,75,250,251,125,135,163,23,27,15,161,211,183,195,175,93,233,33,1,7,207,100,155,71,238,133,49,68,225,118,206,111,99,203,163,48,120,251,0,226,85,160,154,173,187,162,144,189,110,27,208,110,14,9,14,75,88,154,134,125,97,167,200,210,197,239,39,210,157,63,133,78,248,33,227,204,22,207,225,185,138,33,34,11,128,223,169,109,118,173,20,209,38,216,109,187,58,233,214,199,201,188,82,203,117,248,176
107,132,197,13,99,112,202,2,130,182,91,13,150,37,187,4,55,217,178,216,49,200,153,136,34,235,220,131,164,0,23,96,246,195,160,144,198,179,245,69,221,36,88,152,147,120,50,203,241,45,213,17,8,214,2,193,64,113,60,225,103,116,123,67,45,250,169,143,111,96,72,91,87,185,164,146,91,20,62,108,32,113,24,52,59,54,235,232,182,136,104,64,162,94,151,34,44,236,34,148,13,49,95,106,194,76,255,64,174,74,108,227,103,168,173,229,190,28,245,121,236,174,9,198,39,142,111,1,181,14,188,211,116,45,245,30,68,20,138,143,43,226,30,63,66,164,126,157,165,54,153,144,246,61,75,18,39,176,103,117,86,138,193,0,8,9,149,246,105,190,82,234,70,164,182,106,228,191,176,38,252,134,8,5,222,241,190,221,14,246,233,106,250,216,2,73,179,46,189,139,97,237,181,135,61,46,87,139,100,241,121,239,234,47,73,192,44,6,41,252,99,184,173,243,246,59,193,220,50,120,206,148,176,162,252,33,108,152,36,88,48,80,118,20,173,131,153,29,67,57,137,118,252,118,76,22,251,222,16,193,151,238,2,51,216,156,27,150,4,83,153,176,246,253,21,13,25,2,227,159,137,54,116,0,129,181,144,141,43,211,145,188,182,217,64,218,22,130,182,216,41,105,117,46,2,39,193,121,142,160,50,137,106,21,136,42,59,63,109,223,57,112,135,127,230,160,101
63,131,205,12,6,181,145,246,55,74,20,42,178,182,183,231,192,109,17,215,184,11,91,46,208,191,63,5,114,87,80,162,147,139,162,195,230,127,168,73,14,180,11,254,73,74,65,155,46,253,80,2,44,9,185,141,208,189,206,124,203,16,201,223,250,223,126,136,134,81,24,71,93,115,95,46,44,33,183,242,173,82,77,226,64,176,145,12,92,158,90,176,50,100,172,82,18,30,45,197,133,210,214,92,123,79,198,35,167,158,132,253,247,200,157,18,201,39,16,219,68,2,127,192,102,56,247,120,44,172,194,35,1,23,15,99,252,224,177,47,12,191,203,59,1,174,52,194,34,180,239,38,106,193,232,215,30,251,197,39,69,120,228,113,79,190,212,206,247,61,25,121,119,107,116,209,37,128,96,10,243,19,164,55,166,117,179,192,136,21,103,227,27,185,59,198,191,45,137,175,47,204,229,198,159,7,247,61,154,201,64,71,195,98,208,242,197,161,119,36,29,161,74,197,16,61,160,40,107,225,114,225,6,91,18,40,199,214,14,5,105,241,248,211,102,179,9,208,67,162,196,84,83,156,230,152,109,8,191,117,220,45,95,143,137,200,206,77,239,188,131,184,81,137,139,199,108,115,77,147,138,112,172,57,226,224,75,171,41,75,105,205,110,221,222,142,162,113,233,191,8,178,193,132,182,60,132,15,41,246,248,1,123,184,187,194,58,150,49,150,104,95,31,164,249,18,203
234,16,125,144,105,65,178,141,225,14,66,30,103,235,27,90,160,58,128,166,74,49,208,25,161,171,116,78,158,83,158,149,236,80,107,251,221,32,87,104,4,45,239,155,57,97,123,236,232,50,241,169,232,145,126,35,19,76,197,95,228,55,212,97,9,214,245,123,113,225,99,87,81,156,129,46,88,172,83,127,29,123,95,28,120,109,214,220,243,159,158,127,16,204,21,80,83,159,14,155,185,201,218,164,18,131,243,130,11,109,21,187,144,57,18,13,156,9,133,62,84,95,12,9,182,102,172,211,247,17,89,150,14,247,48,127,228,245,135,244,118,231,199,168,230,244,12,102,221,185,73,201,222,26,106,4,2,81,167,61,104,174,223,183,6,107,59,68,84,200,60,34,113,218,249,47,4,33,150,154,6,112,247,191,67,220,116,37,197,80,40,17,225,122,237,200,59,152,252,240,120,241,75,153,254,232,179,214,116,25,63,36,6,59,43,103,248,154,124,206,90,245,102,247,214,153,37,6,87,58,217,189,240,210,102,168,166,197,67,54,223,43,136,15,28,191,111,64,166,219,63,243,166,232,247,184,107,243,127,173,103,175,237,90,20,132,224,91,31,73,200,152,202,75,87,158,14,103,25,80,92,95,216,82,139,37,201,164,37,46,6,184,174,225,85,137,48,51,185,124,234,31,202,14,69,114,127,124,236,115,96,27,225,254,228,189,9,85,225,77,128,94,153,62,254,101,187
59,166,112,128,104,197,10,211,36,141,134,187,217,32,151,135,81,250,55,21,227,149,78,211,2,120,228,169,93,43,114,205,31,154,71,183,247,156,97,239,193,100,9,199,181,50,177,178,173,4,63,86,199,220,65,200,198,120,54,30,63,173,151,22,240,238,243,56,222,219,245,167,246,150,233,197,70,225,207,74,39,220,178,116,18,50,100,79,97,38,205,164,75,237,83,246,48,217,226,151,153,104,93,176,170,4,203,101,115,224,115,198,119,35,154,121,42,175,67,92,150,170,9,79,63,144,84,108,85,155,64,81,169,191,125,156,153,214,120,153,214,242,245,39,211,252,171,235,165,63,233,84,136,187,4,178,219,165,180,251,226,12,58,168,193,3,133,219,42,139,238,187,137,238,214,143,125,179,109,184,21,44,134,6,178,74,127,85,109,123,120,93,247,75,185,168,30,171,225,47,202,67,136,204,125,233,164,82,93,226,217,145,113,108,30,204,140,129,213,143,46,32,194,109,17,195,132,197,146,160,18,208,213,146,60,126,240,111,149,117,234,181,79,34,254,59,197,243,90,24,59,196,25,229,143,178,112,154,242,112,84,141,179,76,41,118,122,174,192,104,184,17,115,195,155,197,251,120,43,205,134,144,20,188,113,249,23,202,22,140,127,167,17,163,175,73,88,245,241,139,244,75,90,209,89,213,81,205,22,151,4,167,223,218,215,35,75,220,94,7,0,234,119,83,213,178,112
195,170,118,85,197,145,141,196,4,127,9,224,79,76,163,85,131,30,61,16,221,144,110,37,184,243,64,9,63,50,73,91,27,136,162,115,13,93,222,29,154,204,74,54,47,208,11,252,202,117,11,43,69,39,234,205,217,143,14,7,237,164,90,71,33,20,55,65,211,43,214,50,123,112,223,185,235,210,230,42,141,108,127,141,193,166,194,150,225,41,109,84,109,15,115,92,240,123,32,121,79,252,168,62,116,196,60,228,98,254,201,182,138,181,15,91,78,78,90,210,36,21,180,109,204,157,145,77,132,194,118,62,143,213,155,206,251,122,49,240,225,119,247,93,242,149,36,126,253,241,192,27,13,100,211,255,165,187,88,218,8,113,84,205,76,13,192,13,119,138,12,126,197,95,22,167,94,250,32,20,97,189,92,141,248,44,224,8,158,54,155,199,34,163,224,190,91,43,36,189,199,179,82,234,88,135,81,45,33,7,161,157,160,165,8,99,26,216,60,8,76,141,140,177,86,241,206,247,129,139,82,125,13,141,27,98,164,144,145,128,149,138,146,47,34,135,156,79,207,6,191,119,191,212,230,214,113,19,103,31,151,189,10,88,253,215,45,241,24,61,207,234,42,46,8,44,140,231,220,198,138,17,78,44,207,197,181,240,102,189,44,81,148,105,94,138,138,248,252,45,125,114,82,13,41,44,137,166,126,89,65,129,75,87,179,3,252,41,41,37,57,180,75,46,102,143,186
185,12,209,182,248,124,43,98,131,98,66,220,102,4,96,76,33,174,198,174,62,177,212,94,30,215,233,142,12,23,239,185,171,77,185,145,135,111,150,176,198,73,184,62,177,248,23,130,174,61,117,152,4,113,190,23,73,136,194,12,88,171,39,97,5,9,112,159,94,28,166,224,52,130,198,29,166,150,148,8,65,244,30,239,89,166,200,247,244,90,88,116,48,113,35,19,123,118,239,160,112,237,231,32,106,252,41,150,127,5,146,223,166,98,208,57,90,176,193,113,129,251,223,228,244,229,30,199,211,217,124,35,244,30,86,195,107,190,216,119,229,250,154,113,124,71,118,223,253,124,74,240,40,113,234,44,186,234,18,200,34,109,138,113,2,87,106,232,76,132,92,43,95,250,97,177,117,93,133,15,222,131,72,102,155,194,237,46,42,52,134,238,50,65,208,170,222,182,84,9,211,124,4,53,27,255,240,216,232,244,182,44,119,182,66,91,39,14,48,229,73,224,22,1,180,194,230,49,149,100,212,16,120,227,132,193,165,235,150,36,109,106,25,129,59,176,226,162,133,208,125,8,242,40,106,205,19,97,174,31,24,85,252,195,129,12,3,1,80,175,202,26,217,2,195,3,7,162,239,7,11,190,231,210,146,252,241,231,248,57,222,75,249,37,222,238,145,238,216,219,166,171,245,51,168,107,5,158,139,173,29,168,105,49,111,59,53,53,115,142,221,0,129,178,168,18,17
57,12,140,125,114,71,52,44,216,16,15,47,111,119,13,101,214,112,229,142,3,81,216,174,142,79,110,172,52,47,194,49,183,176,135,22,235,63,193,40,150,185,98,35,23,116,148,40,119,51,194,142,232,186,83,189,181,107,136,36,87,125,83,236,194,138,112,166,28,117,16,161,205,137,33,108,161,108,255,202,234,73,135,71,126,134,219,204,185,112,70,252,46,24,56,78,81,216,32,197,195,239,128,5,58,136,174,57,150,222,80,232,1,134,91,54,152,101,78,191,82,0,165,250,9,57,185,157,122,29,123,40,43,248,35,64,65,243,84,135,216,108,102,159,204,191,224,231,61,126,115,32,173,10,117,112,3,36,30,117,34,16,169,36,121,142,248,109,67,242,124,242,208,97,48,49,220,181,216,210,239,27,50,31,206,173,55,127,98,97,229,71,216,93,142,236,127,38,226,50,25,7,47,121,85,208,248,246,109,205,30,84,194,1,199,135,232,146,216,249,79,97,151,111,29,31,160,29,25,244,80,29,41,95,35,34,120,206,61,126,20,41,214,161,133,104,160,122,135,202,67,153,234,161,37,4,234,51,37,109,135,67,178,35,125,189,145,80,224,154,4,153,53,68,135,59,54,79,139,144,107,175,104,135,250,128,26,47,216,141,22,1,170,66,134,82,226,218,4,57,38,76,18,189,75,220,65,21,157,186,20,183,107,127,52,181,208,79,121,83,90,211,12,91,170,210,127
187,240,27,72,137,176,24,44,7,1,18,15,51,190,164,193,151,31,203,214,149,15,200,151,66,222,237,50,8,220,225,76,74,67,212,182,231,63,159,87,149,64,150,254,90,108,6,195,158,131,27,112,106,1,47,225,12,118,214,44,58,199,208,155,116,17,141,154,52,15,8,179,161,223,141,139,66,170,237,45,106,141,64,58,157,29,104,46,72,225,84,187,245,20,199,184,106,58,40,135,246,65,224,184,84,46,134,201,71,252,19,100,138,169,9,129,173,220,80,88,97,103,50,43,108,180,32,29,246,61,104,109,26,199,14,231,80,51,3,182,203,116,40,26,18,203,88,254,112,50,48,24,124,163,155,219,121,56,217,204,83,117,130,95,7,103,233,221,140,157,153,90,73,103,5,27,239,167,31,14,35,84,100,16,117,169,245,38,244,70,176,201,56,225,100,49,169,39,114,251,145,10,180,89,246,216,149,143,13,183,247,192,200,10,226,92,160,111,50,255,209,147,190,103,249,205,127,142,253,179,243,198,83,5,146,22,84,228,105,32,253,158,211,219,144,238,110,123,215,106,175,15,246,97,139,28,55,191,252,122,192,74,110,136,236,224,190,232,16,233,146,214,66,207,250,42,206,55,101,192,168,141,99,183,129,13,101,208,13,209,123,176,219,57,163,48,187,180,193,194,22,74,254,163,49,120,94,215,184,73,198,145,139,25,18,69,240,76,226,234,22,77,188,247,81,177,200
19,146,73,236,189,49,232,255,9,221,190,222,201,90,29,54,63,192,78,49,82,253,65,198,139,93,192,32,25,31,95,31,84,151,140,39,52,31,48,234,169,169,224,85,64,41,163,25,137,188,95,36,58,152,253,185,222,21,242,212,42,183,65,44,78,157,55,217,226,19,75,1,54,63,64,8,172,60,255,132,233,174,197,44,17,47,105,207,99,206,133,209,167,203,177,26,95,91,96,26,119,153,113,176,96,110,196,199,115,31,234,31,49,13,12,57,176,134,112,66,229,200,79,127,3,55,112,63,212,102,192,217,54,7,95,192,59,168,160,133,68,77,124,102,121,22,46,137,245,139,37,246,173,72,163,114,5,106,243,76,146,227,153,246,227,157,249,219,222,36,109,78,12,55,45,118,96,101,30,131,86,248,236,214,152,32,175,234,226,136,255,71,58,164,183,170,186,51,198,229,167,158,107,121,237,93,191,154,222,122,150,24,92,155,66,79,109,71,91,97,133,255,198,95,130,54,185,68,52,223,157,130,48,78,201,26,192,224,235,241,54,4,249,246,39,147,55,105,229,44,218,245,75,95,183,3,42,135,169,21,45,164,94,11,182,104,166,62,212,237,30,5,42,112,53,102,108,125,21,203,20,56,50,155,13,36,114,132,142,203,95,86,164,251,210,208,168,235,190,104,226,223,248,8,79,225,16,91,57,38,227,39,236,53,62,10,128,201,118,254,5,123,160,187,52,200,44
193,10,137,205,77,0,113,66,198,52,14,248,179,244,174,120,139,165,218,9,169,142,255,23,184,236,149,229,170,220,17,217,196,195,251,16,228,238,120,116,162,8,81,222,53,222,136,220,226,91,218,145,157,156,126,203,197,3,102,215,236,105,10,251,63,216,154,101,184,18,107,155,160,90,59,92,126,46,123,1,184,61,58,230,117,96,122,53,161,67,207,149,187,193,47,97,14,245,68,132,120,205,255,189,213,135,83,93,5,151,119,79,241,24,123,59,187,218,7,44,230,240,232,102,50,80,145,117,153,231,174,215,117,18,184,245,195,85,31,102,195,15,200,45,132,224,81,149,161,193,62,94,56,131,224,224,47,22,24,129,63,242,133,65,5,3,25,219,144,66,8,26,91,48,104,99,123,232,116,109,239,45,20,41,125,70,84,188,197,191,82,64,97,87,26,81,234,186,206,221,162,102,81,9,113,225,240,15,75,251,111,189,72,180,61,218,214,210,114,72,39,164,101,221,167,65,68,73,71,117,72,231,158,186,39,115,35,247,78,94,97,62,192,227,68,71,221,125,48,245,31,127,91,159,37,120,166,194,96,77,95,139,217,110,110,164,65,94,158,59,250,36,189,120,253,99,55,71,169,0,4,32,158,215,198,144,63,133,155,149,214,121,169,216,81,63,33,223,225,125,204,6,165,36,119,221,221,195,229,181,246,169,113,69,162,72,84,239,240,143,61,99,156,93,20,150,250
209,59,90,194,115,148,14,115,59,4,51,80,155,193,207,166,183,37,173,144,81,57,35,48,138,161,55,148,17,176,197,49,244,243,97,96,66,132,126,25,22,223,19,168,189,241,232,77,119,247,233,177,22,142,80,4,114,7,144,182,101,207,57,184,174,57,114,30,221,24,242,62,73,91,2,150,32,139,38,3,222,140,91,98,31,143,247,134,33,168,249,33,145,251,153,205,206,154,230,37,162,129,67,67,67,38,226,202,176,227,43,140,68,142,185,124,17,119,249,37,139,211,71,231,128,67,118,187,57,163,166,254,74,2,40,207,206,195,229,112,112,80,75,2,170,159,7,108,66,85,96,8,39,61,48,200,26,157,206,65,143,82,34,164,163,147,8,17,105,59,99,8,84,38,88,59,80,219,139,193,191,127,140,76,153,134,207,83,88,245,91,145,230,249,241,144,152,227,254,193,246,234,57,142,98,128,115,245,89,176,21,186,115,217,219,156,16,139,223,49,2,117,154,9,88,107,166,173,227,254,2,24,149,86,113,174,4,178,86,30,244,24,37,158,196,61,83,225,132,31,118,13,183,39,26,27,9,173,254,57,169,229,117,249,15,22,5,200,8,46,57,112,222,27,199,247,109,39,194,57,68,106,48,130,140,142,118,175,43,195,13,170,100,215,7,229,204,70,7,202,126,100,98,163,218,171,215,168,20,200,167,239,133,187,81,21,247,250,54,142,156,123,147,108,233,6,42
46,20,123,79,113,179,111,83,187,67,162,4,79,173,135,139,200,172,151,9,63,154,2,201,172,154,208,46,74,241,39,14,167,253,85,82,105,102,1,3,185,193,179,205,233,196,86,128,89,12,31,55,53,79,7,208,128,162,186,18,139,111,235,216,70,2,141,152,193,156,105,243,10,105,13,163,225,0,38,20,150,158,223,152,182,242,160,157,166,227,200,88,154,16,115,93,93,238,87,95,119,62,68,110,255,160,149,188,238,43,215,114,168,164,148,105,65,27,210,160,245,35,177,57,78,132,41,90,248,213,127,39,139,21,102,171,142,20,135,107,207,158,219,81,27,112,194,236,110,106,12,94,59,88,253,140,247,160,205,238,24,187,245,158,244,83,121,119,106,129,194,236,244,118,244,180,4,4,241,215,74,233,215,49,30,138,68,210,141,217,118,196,32,96,212,84,193,155,235,101,119,174,123,15,249,241,50,213,7,243,195,212,58,30,1,221,96,90,67,216,198,102,40,242,172,52,6,55,180,11,216,51,146,247,62,242,191,38,161,119,210,96,178,117,185,233,253,2,236,77,122,216,116,53,44,188,254,218,177,183,44,95,35,127,160,238,32,118,0,93,8,208,145,0,243,66,209,67,199,121,64,204,241,168,101,245,162,205,1,38,106,172,212,35,22,79,69,37,36,95,126,25,240,131,93,31,27,176,162,11,30,145,123,75,27,127,5,65,73,149,24,31,170,106,175,34,209
139,213,249,131,41,155,173,11,37,247,5,58,145,60,159,18,34,69,139,78,108,219,38,208,73,29,16,88,164,128,182,163,48,210,45,10,168,162,198,130,30,252,191,107,179,79,8,127,255,217,150,107,212,197,194,73,233,44,196,31,14,147,162,154,86,93,5,143,25,205,52,1,185,142,232,224,102,168,138,124,115,252,14,76,11,134,245,48,89,109,32,46,33,67,200,83,42,228,199,142,195,205,193,83,15,36,164,212,119,164,186,224,110,200,0,211,17,239,29,119,117,115,31,25,43,189,144,161,230,195,27,207,237,193,22,197,125,195,31,42,185,136,41,75,199,167,112,4,208,167,68,34,209,50,69,124,42,5,67,159,142,74,174,204,135,195,115,9,106,62,49,23,250,24,210,173,169,225,135,139,139,6,212,184,64,247,144,120,49,86,233,238,55,41,214,178,99,172,72,211,61,252,78,211,97,201,90,130,11,181,19,52,120,255,226,177,68,187,22,175,150,96,81,154,21,146,243,88,172,147,216,50,89,82,54,201,192,142,145,52,91,213,188,73,228,226,195,195,73,253,48,142,61,136,46,152,136,37,77,11,93,145,9,19,42,0,222,122,229,210,95,142,182,253,28,154,96,214,234,252,56,87,238,174,179,191,99,175,202,97,144,112,69,65,1,71,228,138,242,180,140,54,43,110,190,170,229,131,120,95,220,114,219,98,66,159,128,152,188,3,254,9,88,238,14,174,104
181,204,251,46,45,53,159,135,221,47,100,119,33,164,226,235,73,191,225,89,125,189,57,254,231,111,211,4,199,119,113,54,113,229,213,196,51,191,249,222,76,230,67,55,41,135,115,39,229,236,129,232,157,10,103,221,145,136,71,175,97,101,40,174,202,242,107,88,250,164,233,243,125,87,65,40,153,27,50,121,145,71,33,176,208,37,128,23,176,238,16,190,27,98,217,207,63,19,87,160,217,79,190,111,45,184,2,160,104,246,168,231,43,228,29,91,130,167,206,239,250,135,161,220,113,137,26,115,213,237,6,146,25,162,11,239,180,39,64,250,35,123,230,206,115,1,199,221,187,12,152,36,226,10,97,203,194,84,93,59,87,70,8,24,138,196,111,130,202,12,62,101,5,71,42,62,85,227,180,132,212,240,18,213,130,24,2,238,221,1,255,125,157,168,164,139,198,11,200,199,16,169,188,233,46,179,181,234,86,26,222,202,10,103,202,196,178,44,168,67,118,184,32,98,5,148,86,191,58,60,54,235,80,84,157,162,184,216,26,184,167,67,220,156,125,6,191,186,222,23,88,212,94,66,193,3,152,204,26,84,34,148,226,178,45,98,216,131,236,165,39,81,124,29,253,114,33,39,224,126,210,34,253,115,249,181,30,179,69,181,106,243,218,115,28,74,160,72,54,131,135,148,226,233,25,248,228,228,93,130,80,215,158,52,209,72,246,13,68,138,183,102,8,191,14,109,3
39,204,20,117,77,16,15,35,163,27,15,69,151,168,47,203,245,184,79,241,238,38,235,56,221,115,172,227,140,78,54,181,35,171,235,207,94,196,154,182,104,58,127,160,33,145,59,188,93,187,87,97,33,201,51,172,89,0,94,154,206,11,17,101,120,187,43,38,200,225,91,69,195,143,241,193,76,196,159,194,67,194,20,55,27,101,61,193,163,141,161,29,207,126,139,199,253,156,150,23,123,1,168,200,139,29,250,31,169,150,223,6,38,74,105,8,190,151,86,0,9,203,45,117,61,188,7,209,75,109,29,174,79,254,130,199,80,146,60,93,168,119,152,151,169,183,42,251,243,138,122,212,246,217,221,92,45,121,221,79,64,32,217,22,164,35,96,167,54,20,66,105,142,188,250,144,220,236,75,112,169,153,214,161,174,179,105,86,178,0,125,241,24,79,172,44,71,144,47,231,120,11,79,112,80,90,106,185,61,1,121,168,243,129,96,199,147,202,188,166,53,167,187,37,123,215,86,55,41,93,110,16,151,178,199,183,145,32,30,65,172,139,196,10,18,196,96,129,192,200,213,152,246,146,128,20,199,135,19,53,76,164,28,90,158,154,23,17,188,221,97,18,161,165,185,71,221,184,207,90,190,84,122,54,169,171,95,165,208,89,78,164,77,179,181,240,212,99,72,126,26,218,251,184,204,143,59,157,244,46,231,182,215,54,213,242,62,71,118,220,243,215,28,115,254,89,113
130,1,49,14,98,182,224,64,168,39,41,200,107,136,179,168,80,155,26,73,250,201,107,201,91,150,168,209,41,53,24,71,18,33,237,124,44,236,101,86,133,152,58,131,4,179,82,28,195,212,26,166,231,166,67,4,139,110,110,107,131,7,135,191,76,59,146,85,111,51,69,59,247,193,244,82,7,91,206,202,174,192,211,169,50,181,187,92,221,177,169,236,182,107,2,127,62,169,15,44,84,94,130,169,146,134,129,214,62,209,130,249,125,153,210,181,38,133,72,162,23,27,157,48,223,58,57,201,47,201,196,149,76,96,236,232,112,72,33,218,243,27,11,189,185,194,60,85,224,255,6,78,95,176,83,184,5,7,46,234,236,38,182,188,84,115,181,50,33,117,208,216,220,107,226,0,23,211,218,252,182,246,63,109,232,217,28,192,83,120,17,130,210,129,34,56,111,40,6,98,205,25,65,112,16,232,37,70,111,169,148,91,145,68,156,63,159,6,182,1,230,158,62,12,3,64,233,5,32,106,141,217,172,211,245,113,1,245,252,207,87,41,129,73,226,72,124,113,187,109,252,11,36,147,149,231,111,226,186,168,161,156,147,253,132,105,151,125,48,19,189,178,251,27,244,210,104,194,57,11,71,252,226,171,191,46,185,164,174,231,0,56,226,209,34,245,211,40,184,87,75,196,4,118,84,180,231,31,254,23,182,49,146,235,165,139,14,194,113,8,169,189,108,92,73,209,225
180,32,220,232,175,131,197,200,20,214,12,52,0,135,246,4,161,218,117,121,183,226,123,17,191,180,175,100,122,18,64,170,50,185,196,129,49,116,171,111,241,56,213,180,146,122,133,182,20,247,159,202,133,113,58,106,194,248,129,76,227,7,87,42,38,136,243,223,187,16,135,241,161,11,124,108,177,220,94,90,240,101,65,50,69,176,200,55,136,227,0,62,212,34,189,10,135,21,71,92,251,102,253,232,5,37,89,77,173,23,120,31,193,63,11,45,154,27,157,122,77,139,41,251,175,26,58,211,213,181,155,250,71,32,59,236,232,9,222,33,147,250,58,125,180,169,85,236,11,50,235,235,141,12,96,146,20,134,247,196,35,55,244,185,159,210,104,46,52,156,207,170,184,55,47,218,184,25,179,28,200,137,130,107,148,107,238,153,227,225,162,28,79,245,0,14,216,234,224,131,150,52,155,63,86,216,172,254,218,120,134,160,11,194,236,91,193,21,92,92,39,248,210,30,114,236,90,203,2,71,37,199,0,196,255,233,191,62,205,52,44,215,210,53,89,255,243,224,47,202,167,221,100,161,203,38,67,249,170,53,129,248,47,182,15,202,41,114,107,131,156,58,31,146,90,249,123,207,242,3,204,120,191,54,172,32,80,54,122,93,40,72,86,84,39,47,64,201,178,62,212,150,112,177,46,160,52,18,103,69,169,46,163,219,180,217,224,223,211,251,11,99,167,25,219,51,224
115,176,181,192,236,161,30,81,220,213,122,48,98,147,186,47,181,209,53,236,205,135,32,2,95,34,103,233,124,193,195,36,21,90,56,180,93,119,14,108,197,62,215,186,28,191,36,58,204,34,114,181,219,34,126,224,162,20,233,199,161,150,73,133,222,118,95,7,177,12,255,1,59,55,93,213,239,35,77,246,192,111,88,67,34,124,234,116,195,31,138,242,241,204,215,214,228,11,168,219,75,87,53,17,112,130,233,12,21,24,60,85,55,96,26,15,215,59,99,0,91,75,91,89,63,47,6,250,190,228,10,143,156,183,238,197,64,111,140,115,185,82,119,123,197,71,111,180,240,97,211,129,237,98,46,67,202,63,128,208,41,113,45,76,147,3,107,75,7,168,125,217,208,202,223,238,247,23,134,149,42,85,4,220,63,173,177,111,215,12,69,217,65,199,94,134,77,204,151,72,93,198,109,58,221,78,158,167,171,58,218,2,196,108,209,39,127,47,205,83,226,205,197,21,152,93,61,21,113,17,227,228,221,212,173,60,93,180,194,65,230,249,100,203,14,66,118,2,232,145,216,146,0,224,129,237,111,237,238,87,251,212,195,141,191,97,58,126,106,36,82,135,138,2,158,71,235,206,158,74,77,207,36,222,136,102,125,161,218,199,96,23,231,69,250,121,111,255,21,247,57,228,234,213,180,245,55,192,185,164,251,146,189,9,147,227,66,3,197,227,176,29,225,135,183,79,58
161,67,154,98,223,84,79,55,252,112,111,79,241,111,14,37,216,32,67,255,83,65,28,149,173,172,48,122,139,135,7,144,70,180,223,89,102,205,141,13,187,49,147,149,254,59,58,115,75,168,241,163,220,56,5,188,216,214,162,0,207,240,219,132,79,188,98,238,114,84,114,79,81,141,222,200,219,6,232,150,21,48,13,14,1,171,188,46,229,224,49,230,44,247,81,110,36,101,124,180,16,202,217,18,139,10,160,203,216,44,118,237,162,63,24,35,98,67,107,54,69,121,134,164,99,67,216,22,37,44,199,5,142,77,62,64,46,49,194,233,168,239,204,154,149,245,96,65,7,234,212,112,158,61,101,17,94,206,48,171,207,19,183,84,110,175,74,98,20,24,224,74,255,191,53,27,115,10,33,30,76,112,198,50,20,229,254,85,58,54,155,39,113,214,130,176,37,131,90,120,168,212,206,171,182,176,106,84,249,43,115,89,158,217,39,123,128,244,218,131,234,41,207,56,155,140,31,194,180,210,90,137,164,91,198,36,30,1,52,170,212,78,120,157,151,212,80,146,89,160,175,243,35,223,21,122,4,239,175,145,216,177,190,82,31,233,222,119,203,47,20,238,67,152,114,109,12,195,144,212,35,255,14,189,42,86,90,202,51,14,190,55,117,251,51,241,143,34,17,252,106,235,51,164,251,209,237,53,73,61,243,79,160,246,3,56,227,9,97,61,129,235,41,241,44,124,123
167,104,32,120,147,93,37,235,206,32,13,61,74,104,112,116,226,216,231,165,88,228,226,187,27,121,143,82,175,254,242,121,165,81,66,7,155,145,192,110,31,88,177,214,120,223,165,105,202,82,251,88,167,253,218,13,23,232,132,78,127,83,7,177,86,82,123,210,188,207,226,78,214,146,127,17,218,192,131,38,221,123,82,57,80,191,236,252,156,230,67,44,246,72,48,187,242,93,66,52,155,210,73,226,128,215,126,233,99,110,90,172,80,248,87,208,51,87,62,174,13,49,139,121,24,176,247,125,156,37,83,0,124,167,208,116,180,53,95,145,208,16,168,9,125,123,122,21,170,188,47,184,66,131,76,155,155,177,251,43,64,45,95,137,193,97,131,125,217,15,182,10,69,203,53,201,182,246,121,22,40,195,144,57,194,197,20,245,133,215,201,124,255,120,69,44,64,216,108,141,172,128,183,247,69,88,27,172,27,248,208,189,192,213,52,69,62,42,15,160,226,50,238,197,45,4,247,43,21,171,116,101,160,103,70,220,209,147,252,132,158,180,58,163,62,158,205,108,220,83,143,251,65,157,140,72,81,218,189,69,63,117,84,57,54,232,31,224,253,254,51,110,248,126,88,108,212,183,3,136,67,98,221,203,189,212,24,233,27,101,110,247,162,157,66,31,218,122,92,174,135,31,168,31,185,144,47,49,188,99,208,34,35,201,172,2,54,24,77,235,251,25,135,0,230,2,136
34,176,211,56,165,25,22,141,79,232,23,112,146,190,204,15,127,70,49,216,192,167,183,137,204,26,211,105,33,130,163,69,249,113,167,130,223,250,255,194,137,11,76,5,102,43,155,32,27,191,29,223,167,37,243,98,218,152,246,81,133,225,174,53,52,208,252,233,46,36,118,124,208,173,4,91,190,184,52,59,89,134,219,41,131,184,68,233,62,237,66,192,13,130,56,175,160,216,121,4,115,17,164,39,249,230,132,15,211,132,59,224,112,15,244,78,133,205,87,138,114,85,112,159,182,109,23,59,219,20,63,45,45,219,102,142,141,97,240,224,150,160,6,154,102,64,168,116,59,18,49,173,49,213,120,24,117,182,140,42,67,172,52,112,32,49,35,240,43,125,122,170,254,239,160,183,101,159,28,91,248,149,227,44,32,233,127,214,69,8,17,5,144,81,195,63,95,88,169,107,3,191,170,248,22,138,117,202,154,22,99,241,8,247,84,152,252,226,53,241,25,99,198,212,60,30,92,74,11,16,85,36,158,170,29,109,254,16,248,46,142,93,252,201,22,242,222,240,180,187,128,125,112,117,135,41,145,207,116,7,7,190,97,4,109,4,169,192,158,94,60,180,192,250,231,88,99,116,150,107,112,111,80,15,134,142,51,146,67,160,168,108,182,183,37,148,207,138,82,193,208,231,112,177,113,146,165,230,10,230,154,149,109,204,172,44,209,36,170,163,224,55,79,213,244,17,55
165,26,82,41,61,180,243,3,170,104,72,227,66,234,35,255,149,199,188,68,108,81,223,83,79,42,11,63,97,250,27,192,196,243,249,144,4,71,189,136,72,233,60,182,245,213,62,200,96,254,21,78,51,114,237,40,107,129,242,39,71,82,51,34,202,130,30,163,224,74,90,217,162,120,181,180,234,155,158,23,131,126,102,154,244,157,205,88,167,166,114,54,255,71,5,64,50,38,119,174,14,126,192,16,60,100,55,200,130,255,202,157,81,114,60,32,60,92,100,118,107,253,41,211,92,97,27,170,231,55,211,195,199,41,210,251,175,253,125,2,216,252,43,29,152,64,7,24,46,188,78,74,26,240,142,47,211,74,19,170,24,103,114,31,12,68,50,59,45,50,111,43,84,254,101,239,115,218,233,153,4,218,0,76,17,29,80,254,137,91,171,1,192,130,21,125,73,250,116,218,42,141,222,255,193,185,233,130,59,240,248,76,193,225,134,244,35,247,135,178,138,72,104,232,37,110,79,219,206,222,130,211,104,32,142,239,218,148,185,68,66,210,80,77,8,168,214,6,130,194,32,75,92,162,213,78,153,134,214,138,101,232,216,121,58,236,143,167,151,189,66,21,240,108,47,17,137,132,58,174,124,88,76,81,166,212,12,65,57,217,4,60,243,50,65,179,21,138,58,104,165,123,57,191,137,22,186,214,5,213,50,210,212,201,160,148,12,207,254,199,247,17,54,27,159,2,23
254,136,186,124,242,168,43,162,114,43,78,177,50,177,163,113,96,35,168,219,45,32,171,220,2,116,172,136,222,54,102,226,138,235,64,138,107,62,210,60,254,218,64,255,153,47,188,76,3,183,4,210,242,114,83,50,70,131,192,125,172,17,24,40,121,134,215,238,214,200,240,45,206,62,185,26,9,34,227,4,157,162,177,254,45,154,81,220,100,57,45,5,81,67,25,73,15,159,182,8,91,27,123,157,13,76,252,206,221,178,78,114,13,144,171,193,166,22,74,245,145,64,58,161,194,130,62,50,34,14,54,153,248,238,128,150,127,135,114,101,127,152,126,25,255,94,123,58,141,194,0,144,51,80,223,116,248,200,24,156,253,60,80,85,171,100,15,118,98,252,147,239,59,110,19,182,15,99,44,114,74,54,225,61,131,255,108,87,184,198,29,52,43,184,207,12,22,193,243,160,216,60,246,236,126,233,61,62,124,79,4,242,148,153,198,193,78,70,19,111,201,196,140,172,190,173,159,176,157,242,79,54,36,171,220,208,242,11,219,107,72,156,232,169,16,170,125,81,125,180,1,189,126,49,205,219,171,175,231,144,228,99,91,219,200,235,168,142,191,218,28,209,175,125,50,21,178,233,30,179,245,90,139,208,253,134,102,15,158,44,174,36,188,187,28,187,36,6,224,32,149,202,59,65,254,214,84,68,117,145,8,24,128,218,217,230,117,14,93,114,150,133,182,185,117,237,255
49,228,45,144,122,12,226,30,21,157,105,143,243,116,229,124,199,69,1,127,216,160,88,105,181,204,127,209,184,71,101,77,67,95,0,27,82,44,114,120,155,222,73,53,229,50,249,135,45,164,199,73,196,62,94,218,240,99,202,158,232,153,164,194,218,71,56,28,183,28,64,185,169,8,165,63,244,200,132,85,234,33,80,190,189,146,2,164,157,249,112,110,118,0,192,131,209,78,129,195,128,125,184,246,239,137,0,195,83,186,33,186,139,191,49,94,244,42,37,180,100,176,5,73,123,130,78,192,152,112,60,180,251,78,2,13,174,120,124,144,204,201,213,123,239,92,100,2,195,194,163,143,255,55,252,235,138,6,101,248,142,189,206,141,201,47,193,97,100,224,15,225,228,79,194,39,222,39,152,241,83,128,185,105,31,60,142,116,142,38,0,136,96,117,117,229,164,82,21,58,74,28,22,149,137,184,103,109,10,175,212,29,139,2,140,7,211,235,110,157,252,143,206,213,209,64,214,92,218,1,106,141,207,72,6,37,189,171,95,227,249,207,199,128,38,98,3,11,179,50,225,26,69,170,138,153,103,192,58,80,230,141,27,202,218,114,71,17,55,89,26,116,89,239,186,222,240,36,43,113,127,43,112,69,168,206,163,197,68,122,7,63,72,82,75,173,243,105,80,29,26,168,143,6,184,123,18,98,61,155,248,54,28,91,150,157,245,23,107,239,227,233,224,34,103,155,84
